Food_ID,Commodity,Category,Moisture_pct,Fat_pct,Protein_pct,pH,Respiration_Rate,Shelf_Life_Days,Storage_Temperature_C,Relative_Humidity_pct,Storage_Type,Transportation,Recommended_Packaging,Film_Thickness_um,OTR_Class,WVTR_Class,MAP_Suitable
F00001,Potato Chips,Snacks,2.15,29.88,6.12,6.38,Very_Low,178,24.9,72.0,Ambient,Long_Distance,Metallized_PET_PE,84,Low,Very_Low,Yes
F00002,Milk Powder,Dairy,4.02,25.88,26.02,6.55,Very_Low,355,24.9,61.0,Ambient,Long_Distance,Aluminum_Laminate,96,Very_Low,Very_Low,No
F00003,Tomato,Fresh Produce,101.08,0.24,0.91,4.24,High,13,5.5,87.0,Chilled,Refrigerated,Micro_Perforated_PE,37,High,High,Yes
F00004,Apple,Fresh Produce,88.04,0.36,0.26,3.55,High,56,4.8,81.0,Chilled,Long_Distance,Micro_Perforated_PE,48,High,High,Yes
F00005,Biscuits,Bakery,3.6,18.11,7.16,7.02,Very_Low,179,24.8,48.0,Ambient,Normal,BOPP_PE,56,Low,Low,No
F00006,Fresh Chicken,Meat,72.83,8.02,21.96,5.89,Very_Low,4,3.7,84.0,Chilled,Normal,PA_PE_Vacuum,89,Low,Very_Low,Yes
F00007,Frozen Peas,Frozen Vegetable,80.15,0.49,5.54,6.29,Low,361,-18.6,72.0,Frozen,Long_Distance,PE_Film,75,Medium,Low,Yes
F00008,Coffee Powder,Beverage,3.44,14.49,14.4,5.21,Very_Low,373,24.2,62.0,Ambient,Normal,Metallized_PET_PE,80,Very_Low,Very_Low,No
F00009,Peanuts,Nuts,6.11,51.26,24.97,6.69,Very_Low,156,25.4,60.0,Ambient,Long_Distance,Metallized_PET_PE,79,Very_Low,Very_Low,No
F00010,Cheese,Dairy,38.66,33.57,25.22,5.08,Very_Low,56,4.1,86.0,Chilled,Refrigerated,PA_PE_Vacuum,93,Low,Very_Low,Yes
F00011,Bread,Bakery,38.48,4.14,9.07,5.54,Very_Low,8,25.1,57.0,Ambient,Normal,LDPE_Bag,53,Medium,Medium,No
F00012,Mango,Fresh Produce,85.78,0.27,0.71,3.94,High,20,11.5,76.0,Chilled,Refrigerated,Breathable_PE,45,High,High,Yes
F00013,Carrot,Fresh Produce,86.94,0.14,0.69,6.15,High,30,5.0,91.0,Chilled,Refrigerated,Micro_Perforated_PE,35,High,High,Yes
F00014,Onion,Vegetable,86.61,0.0,1.11,5.45,Low,116,20.0,63.0,Ambient,Normal,Breathable_PP,49,High,Medium,Yes
F00015,Rice,Grain,12.1,0.9,7.41,6.27,Very_Low,351,25.1,49.0,Ambient,Long_Distance,HDPE,77,Low,Low,No
F00016,Wheat Flour,Grain,12.42,1.36,13.23,6.36,Very_Low,171,24.7,60.0,Ambient,Normal,HDPE,77,Low,Low,No
F00017,Ground Coffee,Beverage,3.22,14.57,13.77,5.13,Very_Low,373,23.8,63.0,Ambient,Normal,High_Barrier_Laminate,95,Very_Low,Very_Low,No
F00018,Butter,Dairy,15.86,82.35,1.1,6.26,Very_Low,128,5.3,82.0,Chilled,Normal,Aluminum_Foil_Laminate,89,Very_Low,Very_Low,No
F00019,Yogurt,Dairy,87.57,3.08,3.85,4.24,Very_Low,31,4.1,87.0,Chilled,Refrigerated,PP_Cup_Foil_Lid,52,Medium,Low,Yes
F00020,Fish,Seafood,76.6,5.27,20.34,6.18,Very_Low,5,1.0,86.0,Chilled,Normal,PA_PE_Vacuum,90,Low,Very_Low,Yes
F00021,Potato Chips,Snacks,2.0,29.66,5.92,6.07,Very_Low,188,25.5,63.0,Ambient,Normal,Metallized_PET_PE,71,Low,Very_Low,Yes
F00022,Milk Powder,Dairy,3.59,25.4,26.69,6.57,Very_Low,387,25.3,81.0,Ambient,Long_Distance,Aluminum_Laminate,100,Very_Low,Very_Low,No
F00023,Tomato,Fresh Produce,94.11,0.25,1.18,4.3,High,14,5.1,89.0,Chilled,Normal,Micro_Perforated_PE,38,High,High,Yes
F00024,Apple,Fresh Produce,85.73,0.23,0.51,3.69,High,57,4.7,84.0,Chilled,Long_Distance,Micro_Perforated_PE,31,High,High,Yes
F00025,Biscuits,Bakery,4.21,18.05,7.13,7.21,Very_Low,182,24.6,68.0,Ambient,Normal,BOPP_PE,60,Low,Low,No
F00026,Fresh Chicken,Meat,72.81,8.43,22.54,5.6,Very_Low,6,3.3,75.0,Chilled,Long_Distance,PA_PE_Vacuum,92,Low,Very_Low,Yes
F00027,Frozen Peas,Frozen Vegetable,79.46,0.42,5.21,6.02,Low,368,-18.9,84.0,Frozen,Normal,PE_Film,67,Medium,Low,Yes
F00028,Coffee Powder,Beverage,2.88,15.27,13.16,5.05,Very_Low,355,25.4,59.0,Ambient,Long_Distance,Metallized_PET_PE,83,Very_Low,Very_Low,No
F00029,Peanuts,Nuts,6.01,48.04,26.61,6.58,Very_Low,162,25.1,54.0,Ambient,Long_Distance,Metallized_PET_PE,84,Very_Low,Very_Low,No
F00030,Cheese,Dairy,36.21,33.83,26.34,5.12,Very_Low,55,3.8,86.0,Chilled,Normal,PA_PE_Vacuum,93,Low,Very_Low,Yes
F00031,Bread,Bakery,38.36,4.2,8.64,5.72,Very_Low,6,24.4,58.0,Ambient,Long_Distance,LDPE_Bag,59,Medium,Medium,No
F00032,Mango,Fresh Produce,85.47,0.46,0.75,3.75,High,21,10.1,85.0,Chilled,Normal,Breathable_PE,44,High,High,Yes
F00033,Carrot,Fresh Produce,90.14,0.35,0.93,6.11,High,31,5.5,76.0,Chilled,Normal,Micro_Perforated_PE,41,High,High,Yes
F00034,Onion,Vegetable,90.53,0.11,1.14,5.49,Low,117,20.1,67.0,Ambient,Long_Distance,Breathable_PP,48,High,Medium,Yes
F00035,Rice,Grain,11.63,0.62,7.41,6.5,Very_Low,375,24.9,59.0,Ambient,Normal,HDPE,77,Low,Low,No
F00036,Wheat Flour,Grain,11.75,1.44,13.29,6.17,Very_Low,180,25.1,70.0,Ambient,Long_Distance,HDPE,77,Low,Low,No
F00037,Ground Coffee,Beverage,3.05,15.48,14.32,4.87,Very_Low,349,25.4,65.0,Ambient,Long_Distance,High_Barrier_Laminate,79,Very_Low,Very_Low,No
F00038,Butter,Dairy,15.79,83.31,0.98,6.3,Very_Low,118,3.7,95.0,Chilled,Normal,Aluminum_Foil_Laminate,95,Very_Low,Very_Low,No
F00039,Yogurt,Dairy,87.44,2.92,3.83,4.43,Very_Low,33,4.2,85.0,Chilled,Long_Distance,PP_Cup_Foil_Lid,50,Medium,Low,Yes
F00040,Fish,Seafood,75.46,4.92,19.72,6.23,Very_Low,4,1.3,79.0,Chilled,Normal,PA_PE_Vacuum,89,Low,Very_Low,Yes
F00041,Potato Chips,Snacks,2.44,29.21,5.86,6.06,Very_Low,166,24.8,71.0,Ambient,Long_Distance,Metallized_PET_PE,70,Low,Very_Low,Yes
F00042,Milk Powder,Dairy,4.38,26.6,26.38,6.61,Very_Low,339,24.6,57.0,Ambient,Long_Distance,Aluminum_Laminate,102,Very_Low,Very_Low,No
F00043,Tomato,Fresh Produce,90.5,0.26,0.88,4.33,High,14,5.1,81.0,Chilled,Refrigerated,Micro_Perforated_PE,37,High,High,Yes
F00044,Apple,Fresh Produce,90.63,0.12,0.39,3.52,High,67,4.6,78.0,Chilled,Long_Distance,Micro_Perforated_PE,37,High,High,Yes
F00045,Biscuits,Bakery,3.59,17.7,6.83,6.84,Very_Low,177,24.2,73.0,Ambient,Long_Distance,BOPP_PE,53,Low,Low,No
F00046,Fresh Chicken,Meat,73.34,8.35,23.48,5.78,Very_Low,5,3.9,87.0,Chilled,Refrigerated,PA_PE_Vacuum,85,Low,Very_Low,Yes
F00047,Frozen Peas,Frozen Vegetable,81.28,0.36,5.29,6.21,Low,371,-16.1,87.0,Frozen,Normal,PE_Film,71,Medium,Low,Yes
F00048,Coffee Powder,Beverage,2.86,15.28,13.55,4.98,Very_Low,367,25.3,65.0,Ambient,Long_Distance,Metallized_PET_PE,74,Very_Low,Very_Low,No
F00049,Peanuts,Nuts,6.0,48.37,25.96,6.49,Very_Low,188,24.7,63.0,Ambient,Normal,Metallized_PET_PE,87,Very_Low,Very_Low,No
F00050,Cheese,Dairy,38.38,33.87,24.67,5.16,Very_Low,55,4.7,92.0,Chilled,Normal,PA_PE_Vacuum,89,Low,Very_Low,Yes
F00051,Bread,Bakery,39.43,4.01,9.44,5.33,Very_Low,5,25.0,63.0,Ambient,Normal,LDPE_Bag,50,Medium,Medium,No
F00052,Mango,Fresh Produce,81.59,0.34,0.62,4.11,High,19,11.0,70.0,Chilled,Normal,Breathable_PE,47,High,High,Yes
F00053,Carrot,Fresh Produce,87.86,0.3,0.8,6.06,High,29,4.6,84.0,Chilled,Long_Distance,Micro_Perforated_PE,35,High,High,Yes
F00054,Onion,Vegetable,86.29,0.0,1.1,5.39,Low,121,21.0,56.0,Ambient,Normal,Breathable_PP,45,High,Medium,Yes
F00055,Rice,Grain,12.26,0.64,6.85,6.57,Very_Low,355,24.4,78.0,Ambient,Normal,HDPE,78,Low,Low,No
F00056,Wheat Flour,Grain,12.53,1.53,13.16,6.01,Very_Low,184,25.3,50.0,Ambient,Long_Distance,HDPE,72,Low,Low,No
F00057,Ground Coffee,Beverage,2.77,14.36,13.73,4.87,Very_Low,396,25.4,59.0,Ambient,Normal,High_Barrier_Laminate,97,Very_Low,Very_Low,No
F00058,Butter,Dairy,16.63,82.35,1.21,6.37,Very_Low,108,4.5,90.0,Chilled,Long_Distance,Aluminum_Foil_Laminate,89,Very_Low,Very_Low,No
F00059,Yogurt,Dairy,86.98,2.84,4.06,4.38,Very_Low,30,2.9,91.0,Chilled,Refrigerated,PP_Cup_Foil_Lid,51,Medium,Low,Yes
F00060,Fish,Seafood,73.92,5.11,20.3,6.08,Very_Low,5,2.4,71.0,Chilled,Normal,PA_PE_Vacuum,93,Low,Very_Low,Yes
F00061,Potato Chips,Snacks,1.83,29.1,6.05,5.87,Very_Low,176,24.8,47.0,Ambient,Normal,Metallized_PET_PE,84,Low,Very_Low,Yes
F00062,Milk Powder,Dairy,4.23,26.01,26.69,6.4,Very_Low,351,23.9,75.0,Ambient,Long_Distance,Aluminum_Laminate,110,Very_Low,Very_Low,No
F00063,Tomato,Fresh Produce,97.39,0.14,0.98,4.16,High,15,5.7,65.0,Chilled,Long_Distance,Micro_Perforated_PE,36,High,High,Yes
F00064,Apple,Fresh Produce,84.8,0.35,0.25,3.35,High,61,5.2,89.0,Chilled,Long_Distance,Micro_Perforated_PE,43,High,High,Yes
F00065,Biscuits,Bakery,3.87,18.25,7.14,6.85,Very_Low,178,25.3,73.0,Ambient,Long_Distance,BOPP_PE,64,Low,Low,No
F00066,Fresh Chicken,Meat,68.33,7.76,21.71,5.76,Very_Low,5,4.8,87.0,Chilled,Refrigerated,PA_PE_Vacuum,89,Low,Very_Low,Yes
F00067,Frozen Peas,Frozen Vegetable,77.52,0.41,5.44,6.02,Low,331,-18.8,92.0,Frozen,Long_Distance,PE_Film,75,Medium,Low,Yes
F00068,Coffee Powder,Beverage,3.15,15.56,14.41,5.01,Very_Low,356,25.2,51.0,Ambient,Normal,Metallized_PET_PE,76,Very_Low,Very_Low,No
F00069,Peanuts,Nuts,5.89,48.37,24.96,6.72,Very_Low,176,25.1,42.0,Ambient,Normal,Metallized_PET_PE,83,Very_Low,Very_Low,No
F00070,Cheese,Dairy,36.75,32.03,24.67,5.25,Very_Low,62,3.5,91.0,Chilled,Refrigerated,PA_PE_Vacuum,97,Low,Very_Low,Yes
F00071,Bread,Bakery,39.62,4.06,9.32,5.54,Very_Low,7,25.2,56.0,Ambient,Long_Distance,LDPE_Bag,43,Medium,Medium,No
F00072,Mango,Fresh Produce,84.38,0.66,0.78,4.01,High,23,10.3,86.0,Chilled,Long_Distance,Breathable_PE,42,High,High,Yes
F00073,Carrot,Fresh Produce,86.67,0.33,0.84,5.94,High,31,4.8,75.0,Chilled,Refrigerated,Micro_Perforated_PE,35,High,High,Yes
F00074,Onion,Vegetable,85.23,0.25,1.08,5.45,Low,114,19.2,66.0,Ambient,Long_Distance,Breathable_PP,50,High,Medium,Yes
F00075,Rice,Grain,11.53,0.42,7.03,6.59,Very_Low,374,24.2,68.0,Ambient,Normal,HDPE,77,Low,Low,No
F00076,Wheat Flour,Grain,11.69,1.55,12.69,6.08,Very_Low,180,25.1,54.0,Ambient,Normal,HDPE,81,Low,Low,No
F00077,Ground Coffee,Beverage,3.4,14.85,13.81,4.75,Very_Low,339,25.7,62.0,Ambient,Normal,High_Barrier_Laminate,96,Very_Low,Very_Low,No
F00078,Butter,Dairy,15.9,84.65,0.73,6.33,Very_Low,127,3.0,82.0,Chilled,Normal,Aluminum_Foil_Laminate,88,Very_Low,Very_Low,No
F00079,Yogurt,Dairy,87.24,2.98,4.06,4.36,Very_Low,32,4.1,82.0,Chilled,Normal,PP_Cup_Foil_Lid,55,Medium,Low,Yes
F00080,Fish,Seafood,73.68,4.89,20.06,6.18,Very_Low,6,1.5,82.0,Chilled,Long_Distance,PA_PE_Vacuum,89,Low,Very_Low,Yes
F00081,Potato Chips,Snacks,2.37,30.38,5.95,6.07,Very_Low,175,24.9,70.0,Ambient,Normal,Metallized_PET_PE,84,Low,Very_Low,Yes
F00082,Milk Powder,Dairy,3.5,27.38,25.03,6.5,Very_Low,389,24.1,66.0,Ambient,Long_Distance,Aluminum_Laminate,93,Very_Low,Very_Low,No
F00083,Tomato,Fresh Produce,93.51,0.33,0.86,4.36,High,14,4.5,84.0,Chilled,Normal,Micro_Perforated_PE,42,High,High,Yes
F00084,Apple,Fresh Produce,90.9,0.0,0.39,3.63,High,56,4.8,76.0,Chilled,Long_Distance,Micro_Perforated_PE,49,High,High,Yes
F00085,Biscuits,Bakery,3.61,18.05,6.66,7.07,Very_Low,198,25.4,56.0,Ambient,Long_Distance,BOPP_PE,63,Low,Low,No
F00086,Fresh Chicken,Meat,71.24,7.84,23.63,5.69,Very_Low,6,3.3,95.0,Chilled,Normal,PA_PE_Vacuum,89,Low,Very_Low,Yes
F00087,Frozen Peas,Frozen Vegetable,75.36,0.27,5.3,6.2,Low,374,-18.7,86.0,Frozen,Long_Distance,PE_Film,66,Medium,Low,Yes
F00088,Coffee Powder,Beverage,3.25,14.94,14.31,5.18,Very_Low,363,25.3,45.0,Ambient,Normal,Metallized_PET_PE,79,Very_Low,Very_Low,No
F00089,Peanuts,Nuts,6.18,46.77,25.0,6.42,Very_Low,165,25.5,57.0,Ambient,Normal,Metallized_PET_PE,81,Very_Low,Very_Low,No
F00090,Cheese,Dairy,36.03,31.24,25.58,5.39,Very_Low,58,4.0,82.0,Chilled,Refrigerated,PA_PE_Vacuum,87,Low,Very_Low,Yes
F00091,Bread,Bakery,37.93,4.07,9.05,5.34,Very_Low,7,25.3,64.0,Ambient,Long_Distance,LDPE_Bag,55,Medium,Medium,No
F00092,Mango,Fresh Produce,84.08,0.4,0.83,4.09,High,21,10.1,82.0,Chilled,Refrigerated,Breathable_PE,41,High,High,Yes
F00093,Carrot,Fresh Produce,83.7,0.17,0.94,5.93,High,30,4.9,95.0,Chilled,Refrigerated,Micro_Perforated_PE,38,High,High,Yes
F00094,Onion,Vegetable,89.06,0.1,1.19,5.44,Low,121,19.8,56.0,Ambient,Long_Distance,Breathable_PP,48,High,Medium,Yes
F00095,Rice,Grain,12.02,0.8,6.56,6.35,Very_Low,389,25.2,76.0,Ambient,Normal,HDPE,82,Low,Low,No
F00096,Wheat Flour,Grain,12.26,1.53,12.47,6.17,Very_Low,186,25.0,69.0,Ambient,Normal,HDPE,77,Low,Low,No
F00097,Ground Coffee,Beverage,2.99,14.75,13.33,5.07,Very_Low,350,24.9,62.0,Ambient,Normal,High_Barrier_Laminate,80,Very_Low,Very_Low,No
F00098,Butter,Dairy,15.83,80.32,0.87,6.09,Very_Low,114,3.6,84.0,Chilled,Normal,Aluminum_Foil_Laminate,91,Very_Low,Very_Low,No
F00099,Yogurt,Dairy,84.93,2.97,4.07,4.22,Very_Low,31,4.1,83.0,Chilled,Normal,PP_Cup_Foil_Lid,47,Medium,Low,Yes
F00100,Fish,Seafood,77.19,5.24,19.06,6.21,Very_Low,4,1.7,89.0,Chilled,Long_Distance,PA_PE_Vacuum,87,Low,Very_Low,Yes
F00101,Potato Chips,Snacks,2.15,31.07,6.02,6.02,Very_Low,186,26.2,60.0,Ambient,Long_Distance,Metallized_PET_PE,71,Low,Very_Low,Yes
F00102,Milk Powder,Dairy,3.75,26.37,25.57,6.68,Very_Low,369,24.2,72.0,Ambient,Long_Distance,Aluminum_Laminate,109,Very_Low,Very_Low,No
F00103,Tomato,Fresh Produce,89.67,0.11,0.88,4.09,High,14,4.9,86.0,Chilled,Long_Distance,Micro_Perforated_PE,41,High,High,Yes
F00104,Apple,Fresh Produce,82.24,0.07,0.39,3.39,High,57,5.0,90.0,Chilled,Normal,Micro_Perforated_PE,35,High,High,Yes
F00105,Biscuits,Bakery,4.01,18.56,7.03,7.1,Very_Low,185,26.0,63.0,Ambient,Long_Distance,BOPP_PE,63,Low,Low,No
F00106,Fresh Chicken,Meat,73.06,8.27,23.57,5.86,Very_Low,6,4.6,95.0,Chilled,Refrigerated,PA_PE_Vacuum,93,Low,Very_Low,Yes
F00107,Frozen Peas,Frozen Vegetable,81.05,0.39,5.44,6.18,Low,350,-17.1,90.0,Frozen,Long_Distance,PE_Film,61,Medium,Low,Yes
F00108,Coffee Powder,Beverage,3.23,14.39,14.63,5.03,Very_Low,370,24.8,64.0,Ambient,Normal,Metallized_PET_PE,80,Very_Low,Very_Low,No
F00109,Peanuts,Nuts,5.64,48.41,25.58,6.58,Very_Low,185,24.7,66.0,Ambient,Long_Distance,Metallized_PET_PE,85,Very_Low,Very_Low,No
F00110,Cheese,Dairy,38.11,31.49,24.58,5.25,Very_Low,65,4.0,80.0,Chilled,Long_Distance,PA_PE_Vacuum,99,Low,Very_Low,Yes
F00111,Bread,Bakery,38.64,3.99,9.35,5.51,Very_Low,8,24.8,54.0,Ambient,Normal,LDPE_Bag,54,Medium,Medium,No
F00112,Mango,Fresh Produce,83.53,0.29,0.79,4.08,High,20,10.8,92.0,Chilled,Refrigerated,Breathable_PE,39,High,High,Yes
F00113,Carrot,Fresh Produce,86.28,0.26,0.94,6.08,High,28,6.3,75.0,Chilled,Normal,Micro_Perforated_PE,41,High,High,Yes
F00114,Onion,Vegetable,89.76,0.15,1.16,5.55,Low,124,20.7,61.0,Ambient,Long_Distance,Breathable_PP,54,High,Medium,Yes
F00115,Rice,Grain,12.49,0.85,7.08,6.31,Very_Low,355,24.8,49.0,Ambient,Long_Distance,HDPE,86,Low,Low,No
F00116,Wheat Flour,Grain,11.81,1.6,12.89,6.1,Very_Low,178,24.7,79.0,Ambient,Long_Distance,HDPE,78,Low,Low,No
F00117,Ground Coffee,Beverage,3.36,15.33,14.39,5.1,Very_Low,359,25.0,48.0,Ambient,Normal,High_Barrier_Laminate,90,Very_Low,Very_Low,No
F00118,Butter,Dairy,15.91,81.07,1.02,5.95,Very_Low,119,3.7,76.0,Chilled,Refrigerated,Aluminum_Foil_Laminate,89,Very_Low,Very_Low,No
F00119,Yogurt,Dairy,88.37,2.9,4.04,4.42,Very_Low,33,4.7,72.0,Chilled,Long_Distance,PP_Cup_Foil_Lid,54,Medium,Low,Yes
F00120,Fish,Seafood,77.37,5.08,19.8,6.49,Very_Low,6,3.0,95.0,Chilled,Refrigerated,PA_PE_Vacuum,92,Low,Very_Low,Yes
F00121,Potato Chips,Snacks,2.12,31.96,5.93,6.22,Very_Low,171,24.7,64.0,Ambient,Normal,Metallized_PET_PE,86,Low,Very_Low,Yes
F00122,Milk Powder,Dairy,3.61,26.93,25.62,6.97,Very_Low,362,24.6,56.0,Ambient,Normal,Aluminum_Laminate,93,Very_Low,Very_Low,No
F00123,Tomato,Fresh Produce,94.39,0.03,0.94,4.38,High,14,5.8,75.0,Chilled,Long_Distance,Micro_Perforated_PE,33,High,High,Yes
F00124,Apple,Fresh Produce,86.48,0.3,0.47,3.44,High,63,5.0,83.0,Chilled,Long_Distance,Micro_Perforated_PE,44,High,High,Yes
F00125,Biscuits,Bakery,3.62,17.16,7.26,6.98,Very_Low,187,24.6,73.0,Ambient,Long_Distance,BOPP_PE,52,Low,Low,No
F00126,Fresh Chicken,Meat,72.58,7.93,21.86,5.79,Very_Low,5,4.5,67.0,Chilled,Long_Distance,PA_PE_Vacuum,91,Low,Very_Low,Yes
F00127,Frozen Peas,Frozen Vegetable,79.53,0.33,5.26,6.0,Low,396,-16.5,73.0,Frozen,Normal,PE_Film,67,Medium,Low,Yes
F00128,Coffee Powder,Beverage,3.02,14.42,14.42,4.94,Very_Low,337,24.8,72.0,Ambient,Long_Distance,Metallized_PET_PE,84,Very_Low,Very_Low,No
F00129,Peanuts,Nuts,5.61,46.78,23.77,6.64,Very_Low,193,25.1,56.0,Ambient,Normal,Metallized_PET_PE,89,Very_Low,Very_Low,No
F00130,Cheese,Dairy,36.72,33.38,24.75,5.13,Very_Low,60,3.7,83.0,Chilled,Normal,PA_PE_Vacuum,85,Low,Very_Low,Yes
F00131,Bread,Bakery,39.63,4.09,8.87,5.21,Very_Low,5,25.3,43.0,Ambient,Long_Distance,LDPE_Bag,51,Medium,Medium,No
F00132,Mango,Fresh Produce,86.33,0.3,0.86,3.87,High,20,11.0,83.0,Chilled,Long_Distance,Breathable_PE,41,High,High,Yes
F00133,Carrot,Fresh Produce,87.77,0.2,0.97,5.94,High,31,5.3,86.0,Chilled,Normal,Micro_Perforated_PE,39,High,High,Yes
F00134,Onion,Vegetable,90.38,0.11,1.15,5.62,Low,109,20.5,62.0,Ambient,Normal,Breathable_PP,44,High,Medium,Yes
F00135,Rice,Grain,11.98,0.73,7.07,6.55,Very_Low,394,25.2,58.0,Ambient,Long_Distance,HDPE,85,Low,Low,No
F00136,Wheat Flour,Grain,11.97,1.58,13.31,6.05,Very_Low,167,24.6,49.0,Ambient,Normal,HDPE,86,Low,Low,No
F00137,Ground Coffee,Beverage,2.62,14.26,13.63,5.19,Very_Low,337,24.8,49.0,Ambient,Long_Distance,High_Barrier_Laminate,87,Very_Low,Very_Low,No
F00138,Butter,Dairy,15.52,81.76,1.13,6.28,Very_Low,139,4.0,71.0,Chilled,Refrigerated,Aluminum_Foil_Laminate,91,Very_Low,Very_Low,No
F00139,Yogurt,Dairy,89.22,2.78,4.1,4.52,Very_Low,32,4.0,92.0,Chilled,Normal,PP_Cup_Foil_Lid,49,Medium,Low,Yes
F00140,Fish,Seafood,74.53,5.06,19.89,6.27,Very_Low,5,1.5,78.0,Chilled,Refrigerated,PA_PE_Vacuum,85,Low,Very_Low,Yes
F00141,Potato Chips,Snacks,2.02,30.69,5.85,6.22,Very_Low,174,25.8,51.0,Ambient,Long_Distance,Metallized_PET_PE,80,Low,Very_Low,Yes
F00142,Milk Powder,Dairy,4.03,24.96,25.53,6.64,Very_Low,336,25.2,59.0,Ambient,Normal,Aluminum_Laminate,103,Very_Low,Very_Low,No
F00143,Tomato,Fresh Produce,93.9,0.32,0.8,4.31,High,17,5.2,89.0,Chilled,Long_Distance,Micro_Perforated_PE,46,High,High,Yes
F00144,Apple,Fresh Produce,87.59,0.17,0.33,3.68,High,57,4.5,90.0,Chilled,Refrigerated,Micro_Perforated_PE,42,High,High,Yes
F00145,Biscuits,Bakery,3.8,18.15,6.82,7.26,Very_Low,169,25.2,65.0,Ambient,Normal,BOPP_PE,62,Low,Low,No
F00146,Fresh Chicken,Meat,69.64,8.03,22.27,5.71,Very_Low,6,3.4,90.0,Chilled,Normal,PA_PE_Vacuum,83,Low,Very_Low,Yes
F00147,Frozen Peas,Frozen Vegetable,79.62,0.4,5.47,6.11,Low,339,-19.9,92.0,Frozen,Normal,PE_Film,76,Medium,Low,Yes
F00148,Coffee Powder,Beverage,3.31,14.77,13.31,5.13,Very_Low,368,25.1,66.0,Ambient,Long_Distance,Metallized_PET_PE,73,Very_Low,Very_Low,No
F00149,Peanuts,Nuts,5.83,47.51,24.51,6.35,Very_Low,180,24.6,61.0,Ambient,Long_Distance,Metallized_PET_PE,72,Very_Low,Very_Low,No
F00150,Cheese,Dairy,38.56,33.86,24.82,5.02,Very_Low,56,3.3,84.0,Chilled,Long_Distance,PA_PE_Vacuum,91,Low,Very_Low,Yes
F00151,Bread,Bakery,38.53,4.01,9.15,5.39,Very_Low,7,24.3,59.0,Ambient,Long_Distance,LDPE_Bag,45,Medium,Medium,No
F00152,Mango,Fresh Produce,83.96,0.44,0.71,3.97,High,22,10.4,91.0,Chilled,Long_Distance,Breathable_PE,34,High,High,Yes
F00153,Carrot,Fresh Produce,89.79,0.13,0.93,6.12,High,28,5.0,79.0,Chilled,Normal,Micro_Perforated_PE,34,High,High,Yes
F00154,Onion,Vegetable,84.91,0.15,0.99,5.24,Low,122,21.2,59.0,Ambient,Long_Distance,Breathable_PP,54,High,Medium,Yes
F00155,Rice,Grain,11.4,0.82,6.47,6.5,Very_Low,405,25.3,62.0,Ambient,Long_Distance,HDPE,90,Low,Low,No
F00156,Wheat Flour,Grain,12.17,1.56,12.8,6.07,Very_Low,169,24.8,51.0,Ambient,Long_Distance,HDPE,87,Low,Low,No
F00157,Ground Coffee,Beverage,3.21,15.05,13.7,5.32,Very_Low,382,24.2,55.0,Ambient,Normal,High_Barrier_Laminate,95,Very_Low,Very_Low,No
F00158,Butter,Dairy,15.57,80.26,0.94,6.18,Very_Low,120,4.3,84.0,Chilled,Normal,Aluminum_Foil_Laminate,92,Very_Low,Very_Low,No
F00159,Yogurt,Dairy,88.58,2.95,3.8,4.55,Very_Low,32,3.0,80.0,Chilled,Long_Distance,PP_Cup_Foil_Lid,47,Medium,Low,Yes
F00160,Fish,Seafood,73.94,4.94,19.78,6.12,Very_Low,5,1.7,85.0,Chilled,Refrigerated,PA_PE_Vacuum,86,Low,Very_Low,Yes
F00161,Potato Chips,Snacks,1.78,29.33,5.89,6.14,Very_Low,189,25.2,67.0,Ambient,Normal,Metallized_PET_PE,83,Low,Very_Low,Yes
F00162,Milk Powder,Dairy,3.59,25.82,25.09,6.38,Very_Low,375,25.4,55.0,Ambient,Long_Distance,Aluminum_Laminate,87,Very_Low,Very_Low,No
F00163,Tomato,Fresh Produce,95.92,0.34,0.8,4.37,High,12,5.5,88.0,Chilled,Normal,Micro_Perforated_PE,45,High,High,Yes
F00164,Apple,Fresh Produce,83.86,0.2,0.1,3.75,High,56,5.0,94.0,Chilled,Refrigerated,Micro_Perforated_PE,36,High,High,Yes
F00165,Biscuits,Bakery,3.59,17.13,7.31,6.97,Very_Low,174,25.5,55.0,Ambient,Normal,BOPP_PE,69,Low,Low,No
F00166,Fresh Chicken,Meat,72.59,7.96,23.56,5.71,Very_Low,5,4.7,77.0,Chilled,Normal,PA_PE_Vacuum,79,Low,Very_Low,Yes
F00167,Frozen Peas,Frozen Vegetable,77.74,0.42,5.21,6.21,Low,367,-16.3,83.0,Frozen,Normal,PE_Film,70,Medium,Low,Yes
F00168,Coffee Powder,Beverage,3.24,15.55,13.95,5.01,Very_Low,365,24.7,53.0,Ambient,Long_Distance,Metallized_PET_PE,69,Very_Low,Very_Low,No
F00169,Peanuts,Nuts,6.36,48.03,24.21,6.56,Very_Low,191,25.4,67.0,Ambient,Normal,Metallized_PET_PE,76,Very_Low,Very_Low,No
F00170,Cheese,Dairy,36.8,32.88,24.98,5.27,Very_Low,59,4.3,84.0,Chilled,Long_Distance,PA_PE_Vacuum,85,Low,Very_Low,Yes
F00171,Bread,Bakery,39.38,4.22,9.2,5.57,Very_Low,6,25.2,64.0,Ambient,Normal,LDPE_Bag,49,Medium,Medium,No
F00172,Mango,Fresh Produce,83.5,0.32,0.58,4.12,High,20,9.6,86.0,Chilled,Refrigerated,Breathable_PE,43,High,High,Yes
F00173,Carrot,Fresh Produce,88.68,0.28,0.99,5.93,High,30,5.1,83.0,Chilled,Long_Distance,Micro_Perforated_PE,48,High,High,Yes
F00174,Onion,Vegetable,90.98,0.17,1.0,5.56,Low,122,20.0,59.0,Ambient,Normal,Breathable_PP,50,High,Medium,Yes
F00175,Rice,Grain,11.64,0.7,6.8,6.29,Very_Low,380,25.4,53.0,Ambient,Normal,HDPE,81,Low,Low,No
F00176,Wheat Flour,Grain,12.23,1.54,13.5,6.18,Very_Low,179,24.4,58.0,Ambient,Long_Distance,HDPE,76,Low,Low,No
F00177,Ground Coffee,Beverage,2.61,15.49,14.32,5.07,Very_Low,393,25.5,65.0,Ambient,Long_Distance,High_Barrier_Laminate,79,Very_Low,Very_Low,No
F00178,Butter,Dairy,15.42,78.31,0.95,6.1,Very_Low,115,3.0,89.0,Chilled,Refrigerated,Aluminum_Foil_Laminate,92,Very_Low,Very_Low,No
F00179,Yogurt,Dairy,87.86,2.91,3.95,4.26,Very_Low,31,3.9,95.0,Chilled,Normal,PP_Cup_Foil_Lid,50,Medium,Low,Yes
F00180,Fish,Seafood,77.89,5.3,21.24,6.35,Very_Low,6,2.3,91.0,Chilled,Normal,PA_PE_Vacuum,87,Low,Very_Low,Yes
F00181,Potato Chips,Snacks,1.7,30.35,6.19,6.3,Very_Low,181,25.7,52.0,Ambient,Normal,Metallized_PET_PE,78,Low,Very_Low,Yes
F00182,Milk Powder,Dairy,3.75,25.89,26.37,6.44,Very_Low,368,25.3,74.0,Ambient,Long_Distance,Aluminum_Laminate,95,Very_Low,Very_Low,No
F00183,Tomato,Fresh Produce,96.29,0.11,0.93,4.13,High,15,5.8,95.0,Chilled,Refrigerated,Micro_Perforated_PE,44,High,High,Yes
F00184,Apple,Fresh Produce,86.69,0.19,0.25,3.31,High,62,4.7,75.0,Chilled,Long_Distance,Micro_Perforated_PE,26,High,High,Yes
F00185,Biscuits,Bakery,3.85,18.08,6.94,6.88,Very_Low,180,25.4,52.0,Ambient,Long_Distance,BOPP_PE,55,Low,Low,No
F00186,Fresh Chicken,Meat,70.49,7.78,22.79,5.99,Very_Low,4,4.0,85.0,Chilled,Normal,PA_PE_Vacuum,84,Low,Very_Low,Yes
F00187,Frozen Peas,Frozen Vegetable,78.67,0.41,5.53,6.09,Low,346,-17.9,82.0,Frozen,Long_Distance,PE_Film,75,Medium,Low,Yes
F00188,Coffee Powder,Beverage,2.53,14.76,14.33,4.85,Very_Low,370,24.3,63.0,Ambient,Long_Distance,Metallized_PET_PE,80,Very_Low,Very_Low,No
F00189,Peanuts,Nuts,5.75,48.76,25.35,6.73,Very_Low,189,23.9,61.0,Ambient,Long_Distance,Metallized_PET_PE,87,Very_Low,Very_Low,No
F00190,Cheese,Dairy,36.92,32.18,24.05,5.19,Very_Low,59,5.0,95.0,Chilled,Long_Distance,PA_PE_Vacuum,85,Low,Very_Low,Yes
F00191,Bread,Bakery,38.9,3.92,8.92,5.4,Very_Low,5,25.0,61.0,Ambient,Long_Distance,LDPE_Bag,55,Medium,Medium,No
F00192,Mango,Fresh Produce,84.26,0.56,0.83,3.97,High,21,9.2,92.0,Chilled,Normal,Breathable_PE,40,High,High,Yes
F00193,Carrot,Fresh Produce,90.78,0.15,0.82,5.74,High,29,4.9,74.0,Chilled,Long_Distance,Micro_Perforated_PE,39,High,High,Yes
F00194,Onion,Vegetable,88.43,0.03,1.02,5.61,Low,126,19.3,37.0,Ambient,Long_Distance,Breathable_PP,55,High,Medium,Yes
F00195,Rice,Grain,11.81,0.8,6.93,6.45,Very_Low,348,25.2,76.0,Ambient,Long_Distance,HDPE,75,Low,Low,No
F00196,Wheat Flour,Grain,11.74,1.61,13.0,6.14,Very_Low,183,24.7,63.0,Ambient,Normal,HDPE,76,Low,Low,No
F00197,Ground Coffee,Beverage,3.54,15.1,13.66,5.07,Very_Low,370,25.2,74.0,Ambient,Long_Distance,High_Barrier_Laminate,92,Very_Low,Very_Low,No
F00198,Butter,Dairy,15.47,83.63,1.07,6.13,Very_Low,120,4.5,81.0,Chilled,Long_Distance,Aluminum_Foil_Laminate,88,Very_Low,Very_Low,No
F00199,Yogurt,Dairy,86.48,2.96,3.95,4.29,Very_Low,32,3.8,94.0,Chilled,Long_Distance,PP_Cup_Foil_Lid,58,Medium,Low,Yes
F00200,Fish,Seafood,76.49,5.09,19.71,6.28,Very_Low,5,1.7,88.0,Chilled,Normal,PA_PE_Vacuum,85,Low,Very_Low,Yes
F00201,Potato Chips,Snacks,1.85,30.7,6.25,6.32,Very_Low,163,25.1,68.0,Ambient,Long_Distance,Metallized_PET_PE,73,Low,Very_Low,Yes
F00202,Milk Powder,Dairy,3.94,26.23,26.22,6.69,Very_Low,358,24.4,49.0,Ambient,Normal,Aluminum_Laminate,97,Very_Low,Very_Low,No
F00203,Tomato,Fresh Produce,89.84,0.28,0.85,4.29,High,14,5.1,90.0,Chilled,Refrigerated,Micro_Perforated_PE,38,High,High,Yes
F00204,Apple,Fresh Produce,87.81,0.25,0.3,3.52,High,66,5.5,95.0,Chilled,Long_Distance,Micro_Perforated_PE,43,High,High,Yes
F00205,Biscuits,Bakery,3.89,17.85,6.97,6.97,Very_Low,181,24.7,66.0,Ambient,Normal,BOPP_PE,57,Low,Low,No
F00206,Fresh Chicken,Meat,70.1,7.74,23.66,6.01,Very_Low,5,3.9,85.0,Chilled,Normal,PA_PE_Vacuum,96,Low,Very_Low,Yes
F00207,Frozen Peas,Frozen Vegetable,77.4,0.33,5.68,6.19,Low,356,-18.0,80.0,Frozen,Long_Distance,PE_Film,71,Medium,Low,Yes
F00208,Coffee Powder,Beverage,3.44,14.84,14.37,5.03,Very_Low,403,24.4,69.0,Ambient,Normal,Metallized_PET_PE,89,Very_Low,Very_Low,No
F00209,Peanuts,Nuts,6.42,50.63,24.73,6.44,Very_Low,172,24.5,62.0,Ambient,Long_Distance,Metallized_PET_PE,80,Very_Low,Very_Low,No
F00210,Cheese,Dairy,36.42,33.19,24.44,5.04,Very_Low,58,4.0,81.0,Chilled,Normal,PA_PE_Vacuum,87,Low,Very_Low,Yes
F00211,Bread,Bakery,36.66,3.69,8.85,5.77,Very_Low,6,23.7,67.0,Ambient,Normal,LDPE_Bag,62,Medium,Medium,No
F00212,Mango,Fresh Produce,86.28,0.34,0.85,4.33,High,21,9.9,78.0,Chilled,Normal,Breathable_PE,39,High,High,Yes
F00213,Carrot,Fresh Produce,88.29,0.33,0.92,6.12,High,30,4.7,95.0,Chilled,Normal,Micro_Perforated_PE,36,High,High,Yes
F00214,Onion,Vegetable,90.72,0.25,1.19,5.43,Low,121,19.7,54.0,Ambient,Long_Distance,Breathable_PP,52,High,Medium,Yes
F00215,Rice,Grain,12.18,0.81,7.04,6.4,Very_Low,382,25.1,46.0,Ambient,Normal,HDPE,76,Low,Low,No
F00216,Wheat Flour,Grain,12.05,1.54,12.57,6.27,Very_Low,179,25.0,65.0,Ambient,Normal,HDPE,81,Low,Low,No
F00217,Ground Coffee,Beverage,2.91,14.86,14.56,5.09,Very_Low,388,25.1,62.0,Ambient,Normal,High_Barrier_Laminate,100,Very_Low,Very_Low,No
F00218,Butter,Dairy,17.07,79.82,0.8,6.29,Very_Low,125,4.6,88.0,Chilled,Long_Distance,Aluminum_Foil_Laminate,94,Very_Low,Very_Low,No
F00219,Yogurt,Dairy,85.39,2.98,4.13,4.42,Very_Low,28,4.2,77.0,Chilled,Refrigerated,PP_Cup_Foil_Lid,39,Medium,Low,Yes
F00220,Fish,Seafood,74.33,5.03,19.84,6.19,Very_Low,6,0.8,74.0,Chilled,Refrigerated,PA_PE_Vacuum,90,Low,Very_Low,Yes
F00221,Potato Chips,Snacks,1.71,29.61,6.01,6.18,Very_Low,167,25.6,58.0,Ambient,Normal,Metallized_PET_PE,76,Low,Very_Low,Yes
F00222,Milk Powder,Dairy,4.37,26.09,27.18,6.84,Very_Low,366,25.2,45.0,Ambient,Long_Distance,Aluminum_Laminate,93,Very_Low,Very_Low,No
F00223,Tomato,Fresh Produce,94.39,0.36,0.96,4.26,High,15,4.8,94.0,Chilled,Normal,Micro_Perforated_PE,42,High,High,Yes
F00224,Apple,Fresh Produce,86.43,0.12,0.3,3.55,High,56,5.1,90.0,Chilled,Refrigerated,Micro_Perforated_PE,38,High,High,Yes
F00225,Biscuits,Bakery,3.68,17.53,6.74,6.9,Very_Low,181,25.2,67.0,Ambient,Long_Distance,BOPP_PE,51,Low,Low,No
F00226,Fresh Chicken,Meat,71.06,8.14,23.49,5.9,Very_Low,4,3.4,83.0,Chilled,Refrigerated,PA_PE_Vacuum,97,Low,Very_Low,Yes
F00227,Frozen Peas,Frozen Vegetable,78.08,0.39,5.83,6.02,Low,370,-17.5,93.0,Frozen,Normal,PE_Film,70,Medium,Low,Yes
F00228,Coffee Powder,Beverage,3.1,15.73,14.07,4.95,Very_Low,355,25.0,52.0,Ambient,Long_Distance,Metallized_PET_PE,80,Very_Low,Very_Low,No
F00229,Peanuts,Nuts,6.08,50.54,23.91,6.4,Very_Low,186,24.6,61.0,Ambient,Normal,Metallized_PET_PE,68,Very_Low,Very_Low,No
F00230,Cheese,Dairy,38.26,32.18,24.92,5.31,Very_Low,66,3.4,95.0,Chilled,Refrigerated,PA_PE_Vacuum,92,Low,Very_Low,Yes
F00231,Bread,Bakery,37.81,3.98,8.95,5.64,Very_Low,8,23.5,65.0,Ambient,Long_Distance,LDPE_Bag,51,Medium,Medium,No
F00232,Mango,Fresh Produce,88.7,0.45,0.91,4.06,High,22,9.6,95.0,Chilled,Refrigerated,Breathable_PE,41,High,High,Yes
F00233,Carrot,Fresh Produce,86.82,0.29,0.95,6.09,High,31,4.7,90.0,Chilled,Refrigerated,Micro_Perforated_PE,46,High,High,Yes
F00234,Onion,Vegetable,89.78,0.17,1.08,5.4,Low,114,20.5,63.0,Ambient,Long_Distance,Breathable_PP,41,High,Medium,Yes
F00235,Rice,Grain,11.43,0.72,7.0,6.4,Very_Low,377,25.5,47.0,Ambient,Long_Distance,HDPE,76,Low,Low,No
F00236,Wheat Flour,Grain,11.92,1.6,12.69,6.04,Very_Low,190,25.1,48.0,Ambient,Normal,HDPE,81,Low,Low,No
F00237,Ground Coffee,Beverage,2.5,15.54,13.64,5.04,Very_Low,365,25.5,77.0,Ambient,Long_Distance,High_Barrier_Laminate,84,Very_Low,Very_Low,No
F00238,Butter,Dairy,16.82,82.99,0.75,6.42,Very_Low,115,3.5,89.0,Chilled,Normal,Aluminum_Foil_Laminate,81,Very_Low,Very_Low,No
F00239,Yogurt,Dairy,87.49,3.04,3.87,4.36,Very_Low,29,4.5,78.0,Chilled,Normal,PP_Cup_Foil_Lid,49,Medium,Low,Yes
F00240,Fish,Seafood,73.83,5.0,20.57,6.08,Very_Low,4,2.6,82.0,Chilled,Refrigerated,PA_PE_Vacuum,86,Low,Very_Low,Yes
F00241,Potato Chips,Snacks,2.32,30.17,6.15,6.22,Very_Low,179,25.3,64.0,Ambient,Normal,Metallized_PET_PE,79,Low,Very_Low,Yes
F00242,Milk Powder,Dairy,4.08,25.55,24.1,6.58,Very_Low,391,25.5,67.0,Ambient,Normal,Aluminum_Laminate,106,Very_Low,Very_Low,No
F00243,Tomato,Fresh Produce,93.44,0.16,0.94,4.32,High,14,4.1,84.0,Chilled,Refrigerated,Micro_Perforated_PE,35,High,High,Yes
F00244,Apple,Fresh Produce,79.91,0.2,0.16,3.47,High,56,4.3,94.0,Chilled,Refrigerated,Micro_Perforated_PE,38,High,High,Yes
F00245,Biscuits,Bakery,3.75,18.77,7.08,7.08,Very_Low,190,25.3,65.0,Ambient,Long_Distance,BOPP_PE,59,Low,Low,No
F00246,Fresh Chicken,Meat,70.43,8.27,22.18,6.0,Very_Low,4,4.3,82.0,Chilled,Refrigerated,PA_PE_Vacuum,93,Low,Very_Low,Yes
F00247,Frozen Peas,Frozen Vegetable,80.98,0.45,5.44,6.38,Low,370,-18.6,87.0,Frozen,Long_Distance,PE_Film,69,Medium,Low,Yes
F00248,Coffee Powder,Beverage,2.93,13.81,14.33,4.71,Very_Low,364,25.0,64.0,Ambient,Long_Distance,Metallized_PET_PE,80,Very_Low,Very_Low,No
F00249,Peanuts,Nuts,6.42,48.19,23.73,6.46,Very_Low,176,24.8,61.0,Ambient,Long_Distance,Metallized_PET_PE,85,Very_Low,Very_Low,No
F00250,Cheese,Dairy,37.62,33.59,24.73,5.13,Very_Low,60,4.8,75.0,Chilled,Refrigerated,PA_PE_Vacuum,83,Low,Very_Low,Yes
F00251,Bread,Bakery,38.56,4.24,9.1,5.59,Very_Low,8,25.1,47.0,Ambient,Normal,LDPE_Bag,54,Medium,Medium,No
F00252,Mango,Fresh Produce,80.64,0.32,0.79,3.8,High,21,10.8,85.0,Chilled,Refrigerated,Breathable_PE,41,High,High,Yes
F00253,Carrot,Fresh Produce,91.23,0.23,0.97,5.9,High,31,5.1,81.0,Chilled,Refrigerated,Micro_Perforated_PE,44,High,High,Yes
F00254,Onion,Vegetable,89.72,0.06,0.97,5.69,Low,113,20.4,65.0,Ambient,Long_Distance,Breathable_PP,49,High,Medium,Yes
F00255,Rice,Grain,12.09,0.87,7.03,6.45,Very_Low,373,25.1,47.0,Ambient,Long_Distance,HDPE,80,Low,Low,No
F00256,Wheat Flour,Grain,11.52,1.52,13.79,6.1,Very_Low,178,24.8,58.0,Ambient,Long_Distance,HDPE,87,Low,Low,No
F00257,Ground Coffee,Beverage,2.95,14.41,14.46,5.02,Very_Low,382,25.0,53.0,Ambient,Normal,High_Barrier_Laminate,92,Very_Low,Very_Low,No
F00258,Butter,Dairy,16.18,81.9,1.0,6.24,Very_Low,117,3.2,79.0,Chilled,Long_Distance,Aluminum_Foil_Laminate,91,Very_Low,Very_Low,No
F00259,Yogurt,Dairy,88.16,3.08,4.16,4.28,Very_Low,31,3.9,84.0,Chilled,Long_Distance,PP_Cup_Foil_Lid,52,Medium,Low,Yes
F00260,Fish,Seafood,78.38,4.97,20.43,6.04,Very_Low,4,2.2,95.0,Chilled,Long_Distance,PA_PE_Vacuum,92,Low,Very_Low,Yes
F00261,Potato Chips,Snacks,2.34,30.31,5.9,6.35,Very_Low,192,25.1,60.0,Ambient,Long_Distance,Metallized_PET_PE,73,Low,Very_Low,Yes
F00262,Milk Powder,Dairy,3.95,25.32,25.98,6.54,Very_Low,350,25.2,53.0,Ambient,Normal,Aluminum_Laminate,92,Very_Low,Very_Low,No
F00263,Tomato,Fresh Produce,94.98,0.26,0.61,4.54,High,13,5.1,71.0,Chilled,Normal,Micro_Perforated_PE,38,High,High,Yes
F00264,Apple,Fresh Produce,84.53,0.28,0.1,3.61,High,56,5.4,85.0,Chilled,Refrigerated,Micro_Perforated_PE,35,High,High,Yes
F00265,Biscuits,Bakery,3.76,18.4,6.77,7.09,Very_Low,195,24.7,44.0,Ambient,Long_Distance,BOPP_PE,68,Low,Low,No
F00266,Fresh Chicken,Meat,70.55,8.23,23.54,5.77,Very_Low,6,3.8,82.0,Chilled,Normal,PA_PE_Vacuum,73,Low,Very_Low,Yes
F00267,Frozen Peas,Frozen Vegetable,76.53,0.44,5.54,6.15,Low,317,-17.8,88.0,Frozen,Normal,PE_Film,72,Medium,Low,Yes
F00268,Coffee Powder,Beverage,3.27,15.34,14.44,4.94,Very_Low,312,25.6,58.0,Ambient,Normal,Metallized_PET_PE,83,Very_Low,Very_Low,No
F00269,Peanuts,Nuts,6.21,45.24,24.45,6.38,Very_Low,171,24.6,69.0,Ambient,Normal,Metallized_PET_PE,84,Very_Low,Very_Low,No
F00270,Cheese,Dairy,37.55,34.38,24.36,5.09,Very_Low,59,3.6,90.0,Chilled,Long_Distance,PA_PE_Vacuum,86,Low,Very_Low,Yes
F00271,Bread,Bakery,39.65,4.12,9.02,5.4,Very_Low,6,25.3,63.0,Ambient,Normal,LDPE_Bag,57,Medium,Medium,No
F00272,Mango,Fresh Produce,83.32,0.63,0.85,3.98,High,20,10.2,95.0,Chilled,Refrigerated,Breathable_PE,42,High,High,Yes
F00273,Carrot,Fresh Produce,82.92,0.22,1.01,6.12,High,31,5.0,93.0,Chilled,Long_Distance,Micro_Perforated_PE,45,High,High,Yes
F00274,Onion,Vegetable,88.54,0.09,1.16,5.37,Low,124,20.6,73.0,Ambient,Normal,Breathable_PP,39,High,Medium,Yes
F00275,Rice,Grain,11.67,0.66,7.15,6.6,Very_Low,360,25.0,47.0,Ambient,Normal,HDPE,78,Low,Low,No
F00276,Wheat Flour,Grain,12.56,1.5,13.89,6.33,Very_Low,164,24.7,51.0,Ambient,Long_Distance,HDPE,80,Low,Low,No
F00277,Ground Coffee,Beverage,3.07,15.62,13.58,4.97,Very_Low,345,24.5,63.0,Ambient,Normal,High_Barrier_Laminate,94,Very_Low,Very_Low,No
F00278,Butter,Dairy,15.92,79.86,1.0,6.21,Very_Low,116,3.8,75.0,Chilled,Normal,Aluminum_Foil_Laminate,88,Very_Low,Very_Low,No
F00279,Yogurt,Dairy,86.76,3.07,4.03,4.51,Very_Low,29,3.4,83.0,Chilled,Long_Distance,PP_Cup_Foil_Lid,47,Medium,Low,Yes
F00280,Fish,Seafood,74.19,4.98,20.32,6.18,Very_Low,6,2.6,75.0,Chilled,Refrigerated,PA_PE_Vacuum,93,Low,Very_Low,Yes
F00281,Potato Chips,Snacks,2.14,31.2,6.0,6.17,Very_Low,183,25.0,49.0,Ambient,Long_Distance,Metallized_PET_PE,81,Low,Very_Low,Yes
F00282,Milk Powder,Dairy,3.45,25.27,24.83,6.52,Very_Low,363,24.3,52.0,Ambient,Long_Distance,Aluminum_Laminate,95,Very_Low,Very_Low,No
F00283,Tomato,Fresh Produce,93.06,0.24,0.78,4.34,High,16,4.7,77.0,Chilled,Long_Distance,Micro_Perforated_PE,40,High,High,Yes
F00284,Apple,Fresh Produce,88.56,0.3,0.14,3.61,High,62,4.2,83.0,Chilled,Long_Distance,Micro_Perforated_PE,41,High,High,Yes
F00285,Biscuits,Bakery,3.57,18.77,7.03,6.94,Very_Low,186,24.9,65.0,Ambient,Long_Distance,BOPP_PE,60,Low,Low,No
F00286,Fresh Chicken,Meat,74.02,7.92,23.39,5.68,Very_Low,5,3.9,86.0,Chilled,Refrigerated,PA_PE_Vacuum,88,Low,Very_Low,Yes
F00287,Frozen Peas,Frozen Vegetable,79.69,0.43,5.41,6.36,Low,370,-19.5,94.0,Frozen,Normal,PE_Film,75,Medium,Low,Yes
F00288,Coffee Powder,Beverage,3.11,15.26,13.71,4.9,Very_Low,396,24.8,72.0,Ambient,Long_Distance,Metallized_PET_PE,85,Very_Low,Very_Low,No
F00289,Peanuts,Nuts,5.56,47.34,24.8,6.61,Very_Low,164,25.0,56.0,Ambient,Long_Distance,Metallized_PET_PE,87,Very_Low,Very_Low,No
F00290,Cheese,Dairy,37.8,33.88,24.43,5.2,Very_Low,62,3.9,93.0,Chilled,Normal,PA_PE_Vacuum,102,Low,Very_Low,Yes
F00291,Bread,Bakery,37.6,4.16,9.09,5.61,Very_Low,7,25.6,50.0,Ambient,Normal,LDPE_Bag,51,Medium,Medium,No
F00292,Mango,Fresh Produce,82.99,0.22,0.73,4.0,High,22,10.0,87.0,Chilled,Long_Distance,Breathable_PE,38,High,High,Yes
F00293,Carrot,Fresh Produce,87.94,0.18,1.05,6.01,High,31,5.3,95.0,Chilled,Normal,Micro_Perforated_PE,39,High,High,Yes
F00294,Onion,Vegetable,86.59,0.02,1.39,5.65,Low,112,19.3,63.0,Ambient,Normal,Breathable_PP,53,High,Medium,Yes
F00295,Rice,Grain,12.18,0.64,7.12,6.65,Very_Low,339,24.6,54.0,Ambient,Normal,HDPE,75,Low,Low,No
F00296,Wheat Flour,Grain,12.32,1.29,12.45,6.1,Very_Low,184,25.4,61.0,Ambient,Normal,HDPE,81,Low,Low,No
F00297,Ground Coffee,Beverage,2.94,14.98,13.85,4.78,Very_Low,394,24.7,58.0,Ambient,Normal,High_Barrier_Laminate,78,Very_Low,Very_Low,No
F00298,Butter,Dairy,16.39,83.23,0.88,6.21,Very_Low,116,3.4,83.0,Chilled,Normal,Aluminum_Foil_Laminate,88,Very_Low,Very_Low,No
F00299,Yogurt,Dairy,85.54,2.9,3.94,4.32,Very_Low,29,3.4,88.0,Chilled,Refrigerated,PP_Cup_Foil_Lid,58,Medium,Low,Yes
F00300,Fish,Seafood,71.08,5.21,20.81,5.92,Very_Low,6,2.5,85.0,Chilled,Refrigerated,PA_PE_Vacuum,84,Low,Very_Low,Yes
F00301,Potato Chips,Snacks,2.67,31.25,5.99,6.43,Very_Low,179,25.4,60.0,Ambient,Normal,Metallized_PET_PE,82,Low,Very_Low,Yes
F00302,Milk Powder,Dairy,4.26,25.82,26.03,6.43,Very_Low,360,25.0,80.0,Ambient,Normal,Aluminum_Laminate,94,Very_Low,Very_Low,No
F00303,Tomato,Fresh Produce,96.72,0.11,0.93,4.37,High,15,5.4,93.0,Chilled,Normal,Micro_Perforated_PE,40,High,High,Yes
F00304,Apple,Fresh Produce,81.52,0.18,0.28,3.67,High,61,4.9,84.0,Chilled,Normal,Micro_Perforated_PE,45,High,High,Yes
F00305,Biscuits,Bakery,4.53,17.42,6.72,6.99,Very_Low,186,25.2,62.0,Ambient,Long_Distance,BOPP_PE,60,Low,Low,No
F00306,Fresh Chicken,Meat,74.16,7.88,21.71,5.87,Very_Low,4,3.4,80.0,Chilled,Long_Distance,PA_PE_Vacuum,89,Low,Very_Low,Yes
F00307,Frozen Peas,Frozen Vegetable,76.13,0.26,5.38,6.15,Low,362,-17.3,87.0,Frozen,Normal,PE_Film,72,Medium,Low,Yes
F00308,Coffee Powder,Beverage,3.08,15.68,14.59,5.05,Very_Low,379,25.3,50.0,Ambient,Normal,Metallized_PET_PE,80,Very_Low,Very_Low,No
F00309,Peanuts,Nuts,6.2,47.65,26.18,6.37,Very_Low,170,24.2,56.0,Ambient,Normal,Metallized_PET_PE,77,Very_Low,Very_Low,No
F00310,Cheese,Dairy,38.57,34.06,25.14,5.31,Very_Low,57,4.2,95.0,Chilled,Long_Distance,PA_PE_Vacuum,89,Low,Very_Low,Yes
F00311,Bread,Bakery,39.3,3.79,9.11,5.35,Very_Low,8,25.4,76.0,Ambient,Long_Distance,LDPE_Bag,57,Medium,Medium,No
F00312,Mango,Fresh Produce,86.43,0.36,0.91,4.07,High,22,9.5,85.0,Chilled,Long_Distance,Breathable_PE,40,High,High,Yes
F00313,Carrot,Fresh Produce,88.35,0.05,0.89,6.15,High,31,4.4,89.0,Chilled,Refrigerated,Micro_Perforated_PE,43,High,High,Yes
F00314,Onion,Vegetable,90.64,0.18,1.06,5.44,Low,110,19.9,67.0,Ambient,Normal,Breathable_PP,49,High,Medium,Yes
F00315,Rice,Grain,11.84,0.71,6.74,6.64,Very_Low,377,24.9,56.0,Ambient,Long_Distance,HDPE,83,Low,Low,No
F00316,Wheat Flour,Grain,12.73,1.38,12.58,5.96,Very_Low,177,25.5,51.0,Ambient,Normal,HDPE,86,Low,Low,No
F00317,Ground Coffee,Beverage,3.12,15.49,14.85,5.12,Very_Low,370,25.5,61.0,Ambient,Normal,High_Barrier_Laminate,90,Very_Low,Very_Low,No
F00318,Butter,Dairy,16.35,83.84,1.02,6.07,Very_Low,126,4.1,73.0,Chilled,Normal,Aluminum_Foil_Laminate,83,Very_Low,Very_Low,No
F00319,Yogurt,Dairy,85.89,3.22,3.96,4.05,Very_Low,30,4.6,85.0,Chilled,Refrigerated,PP_Cup_Foil_Lid,54,Medium,Low,Yes
F00320,Fish,Seafood,74.18,5.16,20.12,6.28,Very_Low,5,1.8,95.0,Chilled,Refrigerated,PA_PE_Vacuum,92,Low,Very_Low,Yes
F00321,Potato Chips,Snacks,1.64,30.34,5.93,6.42,Very_Low,189,25.2,64.0,Ambient,Normal,Metallized_PET_PE,87,Low,Very_Low,Yes
F00322,Milk Powder,Dairy,3.4,24.4,26.46,6.63,Very_Low,373,25.1,61.0,Ambient,Normal,Aluminum_Laminate,105,Very_Low,Very_Low,No
F00323,Tomato,Fresh Produce,95.92,0.18,1.08,4.49,High,14,4.9,84.0,Chilled,Long_Distance,Micro_Perforated_PE,38,High,High,Yes
F00324,Apple,Fresh Produce,86.44,0.27,0.38,3.37,High,60,6.3,94.0,Chilled,Refrigerated,Micro_Perforated_PE,37,High,High,Yes
F00325,Biscuits,Bakery,3.92,17.83,7.14,6.88,Very_Low,195,25.7,57.0,Ambient,Normal,BOPP_PE,56,Low,Low,No
F00326,Fresh Chicken,Meat,71.63,7.82,22.88,5.61,Very_Low,5,3.9,82.0,Chilled,Refrigerated,PA_PE_Vacuum,89,Low,Very_Low,Yes
F00327,Frozen Peas,Frozen Vegetable,78.19,0.35,5.2,6.27,Low,339,-19.3,91.0,Frozen,Long_Distance,PE_Film,78,Medium,Low,Yes
F00328,Coffee Powder,Beverage,3.07,14.52,13.51,5.0,Very_Low,339,25.4,53.0,Ambient,Normal,Metallized_PET_PE,80,Very_Low,Very_Low,No
F00329,Peanuts,Nuts,5.99,49.28,24.25,6.62,Very_Low,170,24.7,65.0,Ambient,Long_Distance,Metallized_PET_PE,70,Very_Low,Very_Low,No
F00330,Cheese,Dairy,37.45,33.37,25.3,4.97,Very_Low,59,4.4,84.0,Chilled,Normal,PA_PE_Vacuum,83,Low,Very_Low,Yes
F00331,Bread,Bakery,34.84,3.82,8.89,5.62,Very_Low,7,25.5,55.0,Ambient,Normal,LDPE_Bag,40,Medium,Medium,No
F00332,Mango,Fresh Produce,85.94,0.4,0.97,4.01,High,22,10.0,88.0,Chilled,Normal,Breathable_PE,40,High,High,Yes
F00333,Carrot,Fresh Produce,86.07,0.3,0.92,5.97,High,26,4.9,86.0,Chilled,Long_Distance,Micro_Perforated_PE,44,High,High,Yes
F00334,Onion,Vegetable,89.15,0.14,1.06,5.38,Low,117,20.6,60.0,Ambient,Normal,Breathable_PP,46,High,Medium,Yes
F00335,Rice,Grain,11.44,0.78,7.03,6.3,Very_Low,411,25.3,65.0,Ambient,Long_Distance,HDPE,87,Low,Low,No
F00336,Wheat Flour,Grain,12.16,1.62,12.75,6.16,Very_Low,161,24.7,59.0,Ambient,Long_Distance,HDPE,75,Low,Low,No
F00337,Ground Coffee,Beverage,3.21,15.08,14.18,5.16,Very_Low,381,25.8,60.0,Ambient,Long_Distance,High_Barrier_Laminate,98,Very_Low,Very_Low,No
F00338,Butter,Dairy,16.47,80.11,0.94,6.07,Very_Low,134,4.1,85.0,Chilled,Refrigerated,Aluminum_Foil_Laminate,94,Very_Low,Very_Low,No
F00339,Yogurt,Dairy,87.66,2.91,4.09,4.35,Very_Low,31,4.4,79.0,Chilled,Normal,PP_Cup_Foil_Lid,44,Medium,Low,Yes
F00340,Fish,Seafood,75.25,5.01,20.53,6.39,Very_Low,7,2.4,87.0,Chilled,Normal,PA_PE_Vacuum,83,Low,Very_Low,Yes
F00341,Potato Chips,Snacks,2.22,30.1,5.88,6.18,Very_Low,194,25.1,54.0,Ambient,Normal,Metallized_PET_PE,74,Low,Very_Low,Yes
F00342,Milk Powder,Dairy,3.63,25.22,26.09,6.55,Very_Low,396,25.5,55.0,Ambient,Long_Distance,Aluminum_Laminate,95,Very_Low,Very_Low,No
F00343,Tomato,Fresh Produce,92.89,0.3,0.99,4.48,High,13,4.9,71.0,Chilled,Long_Distance,Micro_Perforated_PE,38,High,High,Yes
F00344,Apple,Fresh Produce,86.04,0.22,0.16,3.47,High,59,4.7,76.0,Chilled,Refrigerated,Micro_Perforated_PE,45,High,High,Yes
F00345,Biscuits,Bakery,3.98,18.26,6.65,7.0,Very_Low,199,24.8,66.0,Ambient,Long_Distance,BOPP_PE,64,Low,Low,No
F00346,Fresh Chicken,Meat,71.0,7.79,22.86,5.98,Very_Low,5,4.3,90.0,Chilled,Long_Distance,PA_PE_Vacuum,92,Low,Very_Low,Yes
F00347,Frozen Peas,Frozen Vegetable,81.24,0.29,5.27,6.13,Low,355,-19.1,94.0,Frozen,Long_Distance,PE_Film,69,Medium,Low,Yes
F00348,Coffee Powder,Beverage,2.98,14.41,14.15,4.91,Very_Low,379,25.7,45.0,Ambient,Long_Distance,Metallized_PET_PE,87,Very_Low,Very_Low,No
F00349,Peanuts,Nuts,5.92,50.05,25.64,6.65,Very_Low,197,25.4,58.0,Ambient,Normal,Metallized_PET_PE,84,Very_Low,Very_Low,No
F00350,Cheese,Dairy,37.75,32.29,24.45,5.17,Very_Low,56,4.2,86.0,Chilled,Refrigerated,PA_PE_Vacuum,91,Low,Very_Low,Yes
F00351,Bread,Bakery,38.4,4.25,8.53,5.57,Very_Low,7,25.2,56.0,Ambient,Long_Distance,LDPE_Bag,49,Medium,Medium,No
F00352,Mango,Fresh Produce,84.05,0.35,0.69,4.03,High,22,10.2,82.0,Chilled,Refrigerated,Breathable_PE,41,High,High,Yes
F00353,Carrot,Fresh Produce,85.17,0.06,0.84,6.12,High,28,3.6,81.0,Chilled,Refrigerated,Micro_Perforated_PE,43,High,High,Yes
F00354,Onion,Vegetable,89.51,0.0,1.18,5.58,Low,115,19.7,58.0,Ambient,Long_Distance,Breathable_PP,46,High,Medium,Yes
F00355,Rice,Grain,11.99,0.65,6.76,6.46,Very_Low,368,25.0,73.0,Ambient,Normal,HDPE,82,Low,Low,No
F00356,Wheat Flour,Grain,11.78,1.42,13.6,6.11,Very_Low,181,24.9,50.0,Ambient,Normal,HDPE,83,Low,Low,No
F00357,Ground Coffee,Beverage,3.35,14.85,14.18,5.14,Very_Low,340,24.6,57.0,Ambient,Normal,High_Barrier_Laminate,86,Very_Low,Very_Low,No
F00358,Butter,Dairy,16.93,85.75,0.91,6.12,Very_Low,123,3.1,81.0,Chilled,Normal,Aluminum_Foil_Laminate,87,Very_Low,Very_Low,No
F00359,Yogurt,Dairy,85.82,3.03,3.89,4.27,Very_Low,27,3.7,75.0,Chilled,Long_Distance,PP_Cup_Foil_Lid,45,Medium,Low,Yes
F00360,Fish,Seafood,75.38,5.24,19.56,6.42,Very_Low,6,2.3,86.0,Chilled,Long_Distance,PA_PE_Vacuum,89,Low,Very_Low,Yes
F00361,Potato Chips,Snacks,2.08,29.67,5.49,6.2,Very_Low,183,24.2,63.0,Ambient,Long_Distance,Metallized_PET_PE,79,Low,Very_Low,Yes
F00362,Milk Powder,Dairy,3.93,25.93,27.18,6.52,Very_Low,389,24.4,70.0,Ambient,Normal,Aluminum_Laminate,98,Very_Low,Very_Low,No
F00363,Tomato,Fresh Produce,98.53,0.18,0.67,4.14,High,13,4.7,84.0,Chilled,Refrigerated,Micro_Perforated_PE,26,High,High,Yes
F00364,Apple,Fresh Produce,83.5,0.17,0.27,3.35,High,61,5.1,83.0,Chilled,Refrigerated,Micro_Perforated_PE,36,High,High,Yes
F00365,Biscuits,Bakery,3.86,17.49,6.99,6.99,Very_Low,170,24.6,52.0,Ambient,Normal,BOPP_PE,55,Low,Low,No
F00366,Fresh Chicken,Meat,70.93,7.97,23.06,5.74,Very_Low,5,4.0,83.0,Chilled,Refrigerated,PA_PE_Vacuum,90,Low,Very_Low,Yes
F00367,Frozen Peas,Frozen Vegetable,78.82,0.4,5.12,6.38,Low,366,-17.6,92.0,Frozen,Normal,PE_Film,65,Medium,Low,Yes
F00368,Coffee Powder,Beverage,2.83,15.17,13.41,5.01,Very_Low,362,24.6,56.0,Ambient,Normal,Metallized_PET_PE,77,Very_Low,Very_Low,No
F00369,Peanuts,Nuts,6.19,48.19,23.51,6.43,Very_Low,186,24.6,59.0,Ambient,Normal,Metallized_PET_PE,77,Very_Low,Very_Low,No
F00370,Cheese,Dairy,36.89,34.75,25.38,5.42,Very_Low,58,3.7,89.0,Chilled,Normal,PA_PE_Vacuum,89,Low,Very_Low,Yes
F00371,Bread,Bakery,37.56,3.92,8.69,5.29,Very_Low,7,25.1,59.0,Ambient,Normal,LDPE_Bag,48,Medium,Medium,No
F00372,Mango,Fresh Produce,82.69,0.47,0.67,3.87,High,22,10.2,81.0,Chilled,Long_Distance,Breathable_PE,42,High,High,Yes
F00373,Carrot,Fresh Produce,85.57,0.17,0.82,6.16,High,28,5.4,92.0,Chilled,Normal,Micro_Perforated_PE,49,High,High,Yes
F00374,Onion,Vegetable,88.18,0.25,1.31,5.39,Low,120,21.1,59.0,Ambient,Normal,Breathable_PP,50,High,Medium,Yes
F00375,Rice,Grain,12.28,0.75,7.31,6.54,Very_Low,377,24.6,64.0,Ambient,Long_Distance,HDPE,78,Low,Low,No
F00376,Wheat Flour,Grain,11.96,1.47,13.27,6.09,Very_Low,190,24.4,49.0,Ambient,Long_Distance,HDPE,84,Low,Low,No
F00377,Ground Coffee,Beverage,3.09,14.56,13.64,5.15,Very_Low,379,25.0,56.0,Ambient,Normal,High_Barrier_Laminate,80,Very_Low,Very_Low,No
F00378,Butter,Dairy,16.48,82.16,0.99,6.35,Very_Low,124,4.6,84.0,Chilled,Long_Distance,Aluminum_Foil_Laminate,99,Very_Low,Very_Low,No
F00379,Yogurt,Dairy,87.48,3.01,4.19,4.63,Very_Low,29,4.0,86.0,Chilled,Long_Distance,PP_Cup_Foil_Lid,46,Medium,Low,Yes
F00380,Fish,Seafood,75.71,5.05,20.08,6.18,Very_Low,3,2.4,87.0,Chilled,Long_Distance,PA_PE_Vacuum,96,Low,Very_Low,Yes
F00381,Potato Chips,Snacks,1.74,29.36,6.21,6.37,Very_Low,178,25.0,52.0,Ambient,Normal,Metallized_PET_PE,86,Low,Very_Low,Yes
F00382,Milk Powder,Dairy,4.06,25.81,25.94,6.7,Very_Low,328,25.0,62.0,Ambient,Long_Distance,Aluminum_Laminate,104,Very_Low,Very_Low,No
F00383,Tomato,Fresh Produce,94.1,0.23,0.77,4.21,High,14,4.8,89.0,Chilled,Long_Distance,Micro_Perforated_PE,54,High,High,Yes
F00384,Apple,Fresh Produce,85.05,0.32,0.25,3.34,High,57,5.0,84.0,Chilled,Long_Distance,Micro_Perforated_PE,42,High,High,Yes
F00385,Biscuits,Bakery,4.38,18.18,6.75,6.87,Very_Low,195,24.5,50.0,Ambient,Normal,BOPP_PE,66,Low,Low,No
F00386,Fresh Chicken,Meat,74.43,7.82,22.46,5.84,Very_Low,3,4.2,82.0,Chilled,Refrigerated,PA_PE_Vacuum,97,Low,Very_Low,Yes
F00387,Frozen Peas,Frozen Vegetable,80.47,0.54,5.33,5.99,Low,384,-17.7,82.0,Frozen,Long_Distance,PE_Film,69,Medium,Low,Yes
F00388,Coffee Powder,Beverage,2.46,15.09,13.56,4.88,Very_Low,377,25.6,53.0,Ambient,Normal,Metallized_PET_PE,80,Very_Low,Very_Low,No
F00389,Peanuts,Nuts,6.33,49.7,25.0,6.43,Very_Low,170,25.4,67.0,Ambient,Normal,Metallized_PET_PE,72,Very_Low,Very_Low,No
F00390,Cheese,Dairy,37.04,33.41,24.48,5.34,Very_Low,60,4.3,87.0,Chilled,Normal,PA_PE_Vacuum,91,Low,Very_Low,Yes
F00391,Bread,Bakery,38.73,4.12,9.33,5.36,Very_Low,8,24.7,41.0,Ambient,Long_Distance,LDPE_Bag,44,Medium,Medium,No
F00392,Mango,Fresh Produce,87.01,0.42,0.88,3.79,High,22,9.7,78.0,Chilled,Long_Distance,Breathable_PE,40,High,High,Yes
F00393,Carrot,Fresh Produce,89.01,0.1,0.78,5.8,High,27,4.3,79.0,Chilled,Long_Distance,Micro_Perforated_PE,50,High,High,Yes
F00394,Onion,Vegetable,89.38,0.15,1.34,5.43,Low,109,20.7,53.0,Ambient,Normal,Breathable_PP,48,High,Medium,Yes
F00395,Rice,Grain,11.94,0.71,7.32,6.61,Very_Low,351,24.9,57.0,Ambient,Long_Distance,HDPE,77,Low,Low,No
F00396,Wheat Flour,Grain,11.76,1.51,13.34,6.12,Very_Low,166,24.6,59.0,Ambient,Normal,HDPE,80,Low,Low,No
F00397,Ground Coffee,Beverage,3.41,14.31,13.16,5.03,Very_Low,370,23.3,55.0,Ambient,Long_Distance,High_Barrier_Laminate,85,Very_Low,Very_Low,No
F00398,Butter,Dairy,16.44,82.05,0.93,6.31,Very_Low,123,3.6,84.0,Chilled,Normal,Aluminum_Foil_Laminate,88,Very_Low,Very_Low,No
F00399,Yogurt,Dairy,87.87,2.95,3.81,4.54,Very_Low,31,3.3,94.0,Chilled,Refrigerated,PP_Cup_Foil_Lid,42,Medium,Low,Yes
F00400,Fish,Seafood,73.97,4.98,20.5,6.22,Very_Low,4,1.7,80.0,Chilled,Long_Distance,PA_PE_Vacuum,90,Low,Very_Low,Yes
F00401,Potato Chips,Snacks,1.59,29.76,6.0,5.99,Very_Low,179,25.4,57.0,Ambient,Normal,Metallized_PET_PE,80,Low,Very_Low,Yes
F00402,Milk Powder,Dairy,4.02,26.45,24.95,6.66,Very_Low,385,26.0,71.0,Ambient,Long_Distance,Aluminum_Laminate,103,Very_Low,Very_Low,No
F00403,Tomato,Fresh Produce,95.37,0.32,1.04,4.13,High,13,5.4,71.0,Chilled,Long_Distance,Micro_Perforated_PE,47,High,High,Yes
F00404,Apple,Fresh Produce,79.7,0.41,0.41,3.45,High,60,4.4,95.0,Chilled,Normal,Micro_Perforated_PE,49,High,High,Yes
F00405,Biscuits,Bakery,4.16,18.04,7.44,7.07,Very_Low,176,25.4,46.0,Ambient,Normal,BOPP_PE,61,Low,Low,No
F00406,Fresh Chicken,Meat,72.29,7.91,23.67,5.66,Very_Low,6,3.6,95.0,Chilled,Normal,PA_PE_Vacuum,85,Low,Very_Low,Yes
F00407,Frozen Peas,Frozen Vegetable,80.04,0.41,5.4,6.08,Low,342,-17.5,77.0,Frozen,Normal,PE_Film,71,Medium,Low,Yes
F00408,Coffee Powder,Beverage,2.73,14.41,14.21,4.96,Very_Low,356,25.3,47.0,Ambient,Normal,Metallized_PET_PE,71,Very_Low,Very_Low,No
F00409,Peanuts,Nuts,5.95,49.06,25.4,6.44,Very_Low,188,24.5,63.0,Ambient,Long_Distance,Metallized_PET_PE,69,Very_Low,Very_Low,No
F00410,Cheese,Dairy,36.26,33.42,25.96,4.93,Very_Low,62,2.8,77.0,Chilled,Long_Distance,PA_PE_Vacuum,98,Low,Very_Low,Yes
F00411,Bread,Bakery,36.36,4.23,8.93,5.38,Very_Low,6,24.5,67.0,Ambient,Long_Distance,LDPE_Bag,55,Medium,Medium,No
F00412,Mango,Fresh Produce,86.4,0.23,0.68,4.03,High,24,9.3,73.0,Chilled,Refrigerated,Breathable_PE,42,High,High,Yes
F00413,Carrot,Fresh Produce,86.82,0.27,0.84,6.0,High,28,5.6,80.0,Chilled,Normal,Micro_Perforated_PE,48,High,High,Yes
F00414,Onion,Vegetable,90.53,0.25,0.99,5.5,Low,117,19.2,62.0,Ambient,Normal,Breathable_PP,63,High,Medium,Yes
F00415,Rice,Grain,11.76,0.53,6.96,6.54,Very_Low,360,24.7,54.0,Ambient,Normal,HDPE,81,Low,Low,No
F00416,Wheat Flour,Grain,12.26,1.71,13.23,5.8,Very_Low,180,25.0,67.0,Ambient,Long_Distance,HDPE,81,Low,Low,No
F00417,Ground Coffee,Beverage,3.35,15.22,13.36,5.1,Very_Low,350,24.4,56.0,Ambient,Long_Distance,High_Barrier_Laminate,88,Very_Low,Very_Low,No
F00418,Butter,Dairy,15.67,78.41,1.21,6.36,Very_Low,132,3.4,85.0,Chilled,Long_Distance,Aluminum_Foil_Laminate,84,Very_Low,Very_Low,No
F00419,Yogurt,Dairy,85.44,2.84,4.16,4.54,Very_Low,30,4.5,95.0,Chilled,Long_Distance,PP_Cup_Foil_Lid,54,Medium,Low,Yes
F00420,Fish,Seafood,73.44,5.1,20.21,6.09,Very_Low,5,1.9,81.0,Chilled,Normal,PA_PE_Vacuum,83,Low,Very_Low,Yes
F00421,Potato Chips,Snacks,2.23,29.29,5.86,6.33,Very_Low,168,24.8,60.0,Ambient,Normal,Metallized_PET_PE,81,Low,Very_Low,Yes
F00422,Milk Powder,Dairy,3.54,24.91,25.65,6.49,Very_Low,364,25.2,71.0,Ambient,Normal,Aluminum_Laminate,104,Very_Low,Very_Low,No
F00423,Tomato,Fresh Produce,93.37,0.02,1.03,4.39,High,13,4.3,78.0,Chilled,Normal,Micro_Perforated_PE,37,High,High,Yes
F00424,Apple,Fresh Produce,88.88,0.13,0.15,3.36,High,60,4.6,82.0,Chilled,Refrigerated,Micro_Perforated_PE,38,High,High,Yes
F00425,Biscuits,Bakery,3.89,18.39,6.88,7.05,Very_Low,183,25.1,50.0,Ambient,Normal,BOPP_PE,66,Low,Low,No
F00426,Fresh Chicken,Meat,69.95,8.17,22.45,5.67,Very_Low,5,3.9,86.0,Chilled,Refrigerated,PA_PE_Vacuum,87,Low,Very_Low,Yes
F00427,Frozen Peas,Frozen Vegetable,80.44,0.46,5.38,6.24,Low,384,-17.1,75.0,Frozen,Normal,PE_Film,74,Medium,Low,Yes
F00428,Coffee Powder,Beverage,2.58,15.45,13.97,4.99,Very_Low,374,24.8,68.0,Ambient,Normal,Metallized_PET_PE,87,Very_Low,Very_Low,No
F00429,Peanuts,Nuts,6.03,51.66,24.35,6.78,Very_Low,183,25.2,55.0,Ambient,Long_Distance,Metallized_PET_PE,82,Very_Low,Very_Low,No
F00430,Cheese,Dairy,38.71,32.72,24.41,5.15,Very_Low,55,4.4,80.0,Chilled,Refrigerated,PA_PE_Vacuum,89,Low,Very_Low,Yes
F00431,Bread,Bakery,39.01,4.17,8.75,5.4,Very_Low,7,25.2,55.0,Ambient,Long_Distance,LDPE_Bag,57,Medium,Medium,No
F00432,Mango,Fresh Produce,84.4,0.23,0.76,3.96,High,20,10.0,83.0,Chilled,Long_Distance,Breathable_PE,35,High,High,Yes
F00433,Carrot,Fresh Produce,88.47,0.14,0.74,6.21,High,32,4.8,89.0,Chilled,Long_Distance,Micro_Perforated_PE,38,High,High,Yes
F00434,Onion,Vegetable,87.13,0.14,1.12,5.57,Low,115,20.5,56.0,Ambient,Long_Distance,Breathable_PP,53,High,Medium,Yes
F00435,Rice,Grain,11.86,0.68,6.92,6.34,Very_Low,352,25.3,62.0,Ambient,Normal,HDPE,81,Low,Low,No
F00436,Wheat Flour,Grain,11.69,1.61,12.97,6.09,Very_Low,188,25.5,66.0,Ambient,Long_Distance,HDPE,76,Low,Low,No
F00437,Ground Coffee,Beverage,2.97,14.8,13.76,5.13,Very_Low,400,24.7,69.0,Ambient,Normal,High_Barrier_Laminate,90,Very_Low,Very_Low,No
F00438,Butter,Dairy,15.96,81.08,0.95,6.2,Very_Low,116,4.5,71.0,Chilled,Long_Distance,Aluminum_Foil_Laminate,92,Very_Low,Very_Low,No
F00439,Yogurt,Dairy,87.49,3.0,3.88,4.56,Very_Low,31,3.7,93.0,Chilled,Long_Distance,PP_Cup_Foil_Lid,48,Medium,Low,Yes
F00440,Fish,Seafood,75.22,4.83,19.82,6.05,Very_Low,4,1.0,87.0,Chilled,Normal,PA_PE_Vacuum,98,Low,Very_Low,Yes
F00441,Potato Chips,Snacks,1.68,29.05,5.83,6.14,Very_Low,177,25.1,52.0,Ambient,Long_Distance,Metallized_PET_PE,82,Low,Very_Low,Yes
F00442,Milk Powder,Dairy,4.51,25.87,25.86,6.47,Very_Low,338,25.0,57.0,Ambient,Normal,Aluminum_Laminate,100,Very_Low,Very_Low,No
F00443,Tomato,Fresh Produce,94.61,0.22,0.8,4.18,High,13,4.2,75.0,Chilled,Refrigerated,Micro_Perforated_PE,41,High,High,Yes
F00444,Apple,Fresh Produce,83.99,0.26,0.43,3.48,High,57,5.9,78.0,Chilled,Long_Distance,Micro_Perforated_PE,42,High,High,Yes
F00445,Biscuits,Bakery,3.93,17.6,6.89,6.99,Very_Low,179,25.2,64.0,Ambient,Normal,BOPP_PE,59,Low,Low,No
F00446,Fresh Chicken,Meat,74.33,8.0,24.64,5.82,Very_Low,3,2.8,89.0,Chilled,Normal,PA_PE_Vacuum,97,Low,Very_Low,Yes
F00447,Frozen Peas,Frozen Vegetable,81.33,0.45,5.37,6.14,Low,384,-19.4,77.0,Frozen,Long_Distance,PE_Film,68,Medium,Low,Yes
F00448,Coffee Powder,Beverage,3.15,15.84,13.82,4.82,Very_Low,366,25.1,65.0,Ambient,Long_Distance,Metallized_PET_PE,81,Very_Low,Very_Low,No
F00449,Peanuts,Nuts,5.7,51.07,24.63,6.56,Very_Low,193,24.9,57.0,Ambient,Normal,Metallized_PET_PE,84,Very_Low,Very_Low,No
F00450,Cheese,Dairy,36.33,32.85,25.83,5.23,Very_Low,57,4.7,73.0,Chilled,Normal,PA_PE_Vacuum,91,Low,Very_Low,Yes
F00451,Bread,Bakery,37.99,3.97,8.9,5.41,Very_Low,7,25.8,61.0,Ambient,Normal,LDPE_Bag,55,Medium,Medium,No
F00452,Mango,Fresh Produce,84.77,0.46,0.88,3.81,High,21,9.9,95.0,Chilled,Refrigerated,Breathable_PE,40,High,High,Yes
F00453,Carrot,Fresh Produce,87.47,0.03,0.97,5.9,High,30,5.4,87.0,Chilled,Long_Distance,Micro_Perforated_PE,39,High,High,Yes
F00454,Onion,Vegetable,88.03,0.15,1.11,5.6,Low,116,19.1,68.0,Ambient,Normal,Breathable_PP,45,High,Medium,Yes
F00455,Rice,Grain,11.88,0.8,7.29,6.59,Very_Low,373,25.2,55.0,Ambient,Long_Distance,HDPE,79,Low,Low,No
F00456,Wheat Flour,Grain,11.95,1.44,12.6,6.39,Very_Low,177,26.2,50.0,Ambient,Long_Distance,HDPE,83,Low,Low,No
F00457,Ground Coffee,Beverage,2.8,14.58,13.95,5.2,Very_Low,349,23.7,60.0,Ambient,Normal,High_Barrier_Laminate,95,Very_Low,Very_Low,No
F00458,Butter,Dairy,16.61,83.44,1.01,6.45,Very_Low,116,3.9,84.0,Chilled,Normal,Aluminum_Foil_Laminate,89,Very_Low,Very_Low,No
F00459,Yogurt,Dairy,89.09,3.05,3.86,4.42,Very_Low,31,4.8,92.0,Chilled,Long_Distance,PP_Cup_Foil_Lid,54,Medium,Low,Yes
F00460,Fish,Seafood,71.51,5.13,19.66,6.22,Very_Low,6,1.7,71.0,Chilled,Refrigerated,PA_PE_Vacuum,98,Low,Very_Low,Yes
F00461,Potato Chips,Snacks,2.63,31.26,6.08,6.15,Very_Low,178,24.7,50.0,Ambient,Normal,Metallized_PET_PE,85,Low,Very_Low,Yes
F00462,Milk Powder,Dairy,4.15,25.35,27.7,6.67,Very_Low,354,24.7,59.0,Ambient,Normal,Aluminum_Laminate,99,Very_Low,Very_Low,No
F00463,Tomato,Fresh Produce,95.97,0.22,0.81,4.43,High,15,4.5,95.0,Chilled,Normal,Micro_Perforated_PE,41,High,High,Yes
F00464,Apple,Fresh Produce,85.21,0.13,0.55,3.65,High,57,5.2,95.0,Chilled,Long_Distance,Micro_Perforated_PE,33,High,High,Yes
F00465,Biscuits,Bakery,4.11,18.1,7.11,7.17,Very_Low,185,24.5,70.0,Ambient,Normal,BOPP_PE,68,Low,Low,No
F00466,Fresh Chicken,Meat,69.15,7.84,23.29,5.72,Very_Low,4,4.4,80.0,Chilled,Normal,PA_PE_Vacuum,97,Low,Very_Low,Yes
F00467,Frozen Peas,Frozen Vegetable,77.5,0.59,5.47,6.0,Low,375,-18.2,85.0,Frozen,Normal,PE_Film,74,Medium,Low,Yes
F00468,Coffee Powder,Beverage,3.23,15.23,13.83,5.1,Very_Low,368,24.7,58.0,Ambient,Long_Distance,Metallized_PET_PE,78,Very_Low,Very_Low,No
F00469,Peanuts,Nuts,6.01,49.69,23.97,6.57,Very_Low,156,24.7,56.0,Ambient,Normal,Metallized_PET_PE,83,Very_Low,Very_Low,No
F00470,Cheese,Dairy,37.66,32.47,25.12,5.19,Very_Low,64,3.9,73.0,Chilled,Refrigerated,PA_PE_Vacuum,81,Low,Very_Low,Yes
F00471,Bread,Bakery,39.12,3.97,8.86,5.31,Very_Low,7,24.7,73.0,Ambient,Long_Distance,LDPE_Bag,59,Medium,Medium,No
F00472,Mango,Fresh Produce,86.54,0.25,0.77,4.05,High,21,10.5,70.0,Chilled,Normal,Breathable_PE,41,High,High,Yes
F00473,Carrot,Fresh Produce,89.9,0.06,0.78,5.66,High,29,5.5,89.0,Chilled,Normal,Micro_Perforated_PE,39,High,High,Yes
F00474,Onion,Vegetable,86.25,0.12,1.08,5.45,Low,120,19.2,62.0,Ambient,Long_Distance,Breathable_PP,48,High,Medium,Yes
F00475,Rice,Grain,12.41,0.54,7.05,6.44,Very_Low,367,25.4,61.0,Ambient,Long_Distance,HDPE,75,Low,Low,No
F00476,Wheat Flour,Grain,11.86,1.54,12.47,6.12,Very_Low,171,25.5,67.0,Ambient,Long_Distance,HDPE,78,Low,Low,No
F00477,Ground Coffee,Beverage,3.06,15.13,13.5,5.13,Very_Low,375,24.6,47.0,Ambient,Long_Distance,High_Barrier_Laminate,89,Very_Low,Very_Low,No
F00478,Butter,Dairy,15.35,80.21,1.12,6.18,Very_Low,122,4.2,72.0,Chilled,Normal,Aluminum_Foil_Laminate,86,Very_Low,Very_Low,No
F00479,Yogurt,Dairy,87.17,2.91,3.98,4.49,Very_Low,30,4.1,86.0,Chilled,Long_Distance,PP_Cup_Foil_Lid,52,Medium,Low,Yes
F00480,Fish,Seafood,74.7,4.87,19.25,6.27,Very_Low,6,2.1,78.0,Chilled,Normal,PA_PE_Vacuum,85,Low,Very_Low,Yes
F00481,Potato Chips,Snacks,1.55,29.3,6.24,6.31,Very_Low,179,25.1,57.0,Ambient,Normal,Metallized_PET_PE,87,Low,Very_Low,Yes
F00482,Milk Powder,Dairy,4.14,26.52,27.61,6.67,Very_Low,377,24.2,51.0,Ambient,Long_Distance,Aluminum_Laminate,100,Very_Low,Very_Low,No
F00483,Tomato,Fresh Produce,93.0,0.27,0.89,4.26,High,13,5.0,75.0,Chilled,Refrigerated,Micro_Perforated_PE,32,High,High,Yes
F00484,Apple,Fresh Produce,86.48,0.31,0.41,3.43,High,59,4.8,72.0,Chilled,Normal,Micro_Perforated_PE,43,High,High,Yes
F00485,Biscuits,Bakery,4.32,18.69,6.98,6.95,Very_Low,179,25.2,67.0,Ambient,Long_Distance,BOPP_PE,60,Low,Low,No
F00486,Fresh Chicken,Meat,73.0,7.48,22.69,6.01,Very_Low,5,4.2,95.0,Chilled,Normal,PA_PE_Vacuum,89,Low,Very_Low,Yes
F00487,Frozen Peas,Frozen Vegetable,77.49,0.4,5.04,6.36,Low,360,-17.7,86.0,Frozen,Normal,PE_Film,76,Medium,Low,Yes
F00488,Coffee Powder,Beverage,2.84,15.42,14.03,4.69,Very_Low,373,25.5,50.0,Ambient,Long_Distance,Metallized_PET_PE,82,Very_Low,Very_Low,No
F00489,Peanuts,Nuts,6.3,47.95,23.84,6.48,Very_Low,176,24.5,58.0,Ambient,Long_Distance,Metallized_PET_PE,82,Very_Low,Very_Low,No
F00490,Cheese,Dairy,35.17,32.5,24.95,5.12,Very_Low,58,3.4,86.0,Chilled,Normal,PA_PE_Vacuum,99,Low,Very_Low,Yes
F00491,Bread,Bakery,37.08,4.12,8.97,5.37,Very_Low,6,26.0,58.0,Ambient,Normal,LDPE_Bag,55,Medium,Medium,No
F00492,Mango,Fresh Produce,85.88,0.4,0.79,4.18,High,22,10.1,83.0,Chilled,Refrigerated,Breathable_PE,31,High,High,Yes
F00493,Carrot,Fresh Produce,85.83,0.1,0.91,5.92,High,31,3.6,78.0,Chilled,Normal,Micro_Perforated_PE,34,High,High,Yes
F00494,Onion,Vegetable,88.82,0.21,1.02,5.68,Low,115,19.4,64.0,Ambient,Normal,Breathable_PP,56,High,Medium,Yes
F00495,Rice,Grain,11.9,0.7,6.93,6.3,Very_Low,385,25.5,75.0,Ambient,Long_Distance,HDPE,91,Low,Low,No
F00496,Wheat Flour,Grain,11.84,1.47,12.79,6.07,Very_Low,172,25.2,62.0,Ambient,Normal,HDPE,82,Low,Low,No
F00497,Ground Coffee,Beverage,2.53,14.47,14.6,4.96,Very_Low,392,25.0,45.0,Ambient,Long_Distance,High_Barrier_Laminate,94,Very_Low,Very_Low,No
F00498,Butter,Dairy,15.64,82.44,0.92,6.29,Very_Low,118,3.8,85.0,Chilled,Long_Distance,Aluminum_Foil_Laminate,83,Very_Low,Very_Low,No
F00499,Yogurt,Dairy,87.49,2.95,4.1,4.44,Very_Low,30,3.2,86.0,Chilled,Long_Distance,PP_Cup_Foil_Lid,53,Medium,Low,Yes
F00500,Fish,Seafood,74.26,4.91,20.98,6.27,Very_Low,5,1.5,91.0,Chilled,Long_Distance,PA_PE_Vacuum,104,Low,Very_Low,Yes
F00501,Potato Chips,Snacks,1.43,29.46,6.35,6.23,Very_Low,188,24.5,47.0,Ambient,Normal,Metallized_PET_PE,74,Low,Very_Low,Yes
F00502,Milk Powder,Dairy,4.03,27.24,26.1,6.78,Very_Low,387,25.3,57.0,Ambient,Normal,Aluminum_Laminate,105,Very_Low,Very_Low,No
F00503,Tomato,Fresh Produce,93.91,0.22,1.05,4.37,High,15,4.8,73.0,Chilled,Long_Distance,Micro_Perforated_PE,39,High,High,Yes
F00504,Apple,Fresh Produce,84.37,0.24,0.3,3.41,High,58,4.6,77.0,Chilled,Refrigerated,Micro_Perforated_PE,45,High,High,Yes
F00505,Biscuits,Bakery,4.49,17.61,6.88,6.85,Very_Low,183,25.0,50.0,Ambient,Long_Distance,BOPP_PE,56,Low,Low,No
F00506,Fresh Chicken,Meat,70.46,7.97,22.25,5.86,Very_Low,6,3.4,80.0,Chilled,Refrigerated,PA_PE_Vacuum,87,Low,Very_Low,Yes
F00507,Frozen Peas,Frozen Vegetable,77.49,0.5,5.3,6.31,Low,396,-18.4,90.0,Frozen,Long_Distance,PE_Film,64,Medium,Low,Yes
F00508,Coffee Powder,Beverage,2.28,15.81,13.45,4.76,Very_Low,367,24.1,53.0,Ambient,Long_Distance,Metallized_PET_PE,83,Very_Low,Very_Low,No
F00509,Peanuts,Nuts,6.1,52.35,23.53,6.49,Very_Low,180,24.3,50.0,Ambient,Normal,Metallized_PET_PE,76,Very_Low,Very_Low,No
F00510,Cheese,Dairy,35.33,33.48,24.07,5.18,Very_Low,63,3.3,89.0,Chilled,Normal,PA_PE_Vacuum,89,Low,Very_Low,Yes
F00511,Bread,Bakery,37.49,3.99,9.43,5.5,Very_Low,8,24.7,65.0,Ambient,Long_Distance,LDPE_Bag,47,Medium,Medium,No
F00512,Mango,Fresh Produce,83.74,0.32,0.84,3.78,High,21,9.6,80.0,Chilled,Long_Distance,Breathable_PE,42,High,High,Yes
F00513,Carrot,Fresh Produce,87.22,0.46,1.11,6.04,High,31,4.9,76.0,Chilled,Normal,Micro_Perforated_PE,39,High,High,Yes
F00514,Onion,Vegetable,88.1,0.04,1.16,5.48,Low,127,20.2,55.0,Ambient,Normal,Breathable_PP,52,High,Medium,Yes
F00515,Rice,Grain,11.93,0.58,7.31,6.48,Very_Low,395,25.6,56.0,Ambient,Long_Distance,HDPE,73,Low,Low,No
F00516,Wheat Flour,Grain,12.15,1.61,12.66,6.14,Very_Low,179,25.4,59.0,Ambient,Long_Distance,HDPE,78,Low,Low,No
F00517,Ground Coffee,Beverage,3.04,14.7,14.11,5.03,Very_Low,392,24.9,65.0,Ambient,Normal,High_Barrier_Laminate,89,Very_Low,Very_Low,No
F00518,Butter,Dairy,15.97,81.56,0.78,6.16,Very_Low,127,4.6,77.0,Chilled,Normal,Aluminum_Foil_Laminate,95,Very_Low,Very_Low,No
F00519,Yogurt,Dairy,87.76,2.92,4.01,4.34,Very_Low,27,2.9,86.0,Chilled,Long_Distance,PP_Cup_Foil_Lid,47,Medium,Low,Yes
F00520,Fish,Seafood,80.21,5.01,19.56,5.96,Very_Low,4,2.6,90.0,Chilled,Normal,PA_PE_Vacuum,83,Low,Very_Low,Yes
F00521,Potato Chips,Snacks,1.94,31.06,6.11,5.96,Very_Low,182,24.8,49.0,Ambient,Long_Distance,Metallized_PET_PE,82,Low,Very_Low,Yes
F00522,Milk Powder,Dairy,3.88,25.03,25.9,6.67,Very_Low,366,24.5,58.0,Ambient,Normal,Aluminum_Laminate,99,Very_Low,Very_Low,No
F00523,Tomato,Fresh Produce,92.25,0.07,0.74,4.38,High,15,5.9,91.0,Chilled,Refrigerated,Micro_Perforated_PE,46,High,High,Yes
F00524,Apple,Fresh Produce,83.59,0.3,0.19,3.63,High,62,5.7,85.0,Chilled,Normal,Micro_Perforated_PE,36,High,High,Yes
F00525,Biscuits,Bakery,4.56,18.67,7.15,7.12,Very_Low,186,25.2,67.0,Ambient,Normal,BOPP_PE,53,Low,Low,No
F00526,Fresh Chicken,Meat,71.14,7.98,23.45,5.88,Very_Low,6,3.4,84.0,Chilled,Refrigerated,PA_PE_Vacuum,87,Low,Very_Low,Yes
F00527,Frozen Peas,Frozen Vegetable,77.67,0.34,5.27,6.3,Low,368,-17.1,93.0,Frozen,Long_Distance,PE_Film,68,Medium,Low,Yes
F00528,Coffee Powder,Beverage,2.85,14.16,14.1,4.99,Very_Low,346,24.5,66.0,Ambient,Normal,Metallized_PET_PE,70,Very_Low,Very_Low,No
F00529,Peanuts,Nuts,5.5,48.57,24.84,6.53,Very_Low,168,25.3,75.0,Ambient,Long_Distance,Metallized_PET_PE,82,Very_Low,Very_Low,No
F00530,Cheese,Dairy,35.9,34.05,24.56,5.09,Very_Low,59,3.5,81.0,Chilled,Long_Distance,PA_PE_Vacuum,92,Low,Very_Low,Yes
F00531,Bread,Bakery,39.6,3.96,9.04,5.65,Very_Low,7,24.9,49.0,Ambient,Long_Distance,LDPE_Bag,47,Medium,Medium,No
F00532,Mango,Fresh Produce,86.17,0.55,0.9,3.99,High,22,10.1,93.0,Chilled,Refrigerated,Breathable_PE,46,High,High,Yes
F00533,Carrot,Fresh Produce,85.66,0.27,0.81,5.91,High,30,5.2,80.0,Chilled,Long_Distance,Micro_Perforated_PE,25,High,High,Yes
F00534,Onion,Vegetable,84.95,0.04,1.14,5.57,Low,119,20.0,63.0,Ambient,Normal,Breathable_PP,49,High,Medium,Yes
F00535,Rice,Grain,11.87,0.6,7.22,6.42,Very_Low,344,25.5,52.0,Ambient,Normal,HDPE,80,Low,Low,No
F00536,Wheat Flour,Grain,12.21,1.38,13.64,5.91,Very_Low,178,25.2,54.0,Ambient,Long_Distance,HDPE,76,Low,Low,No
F00537,Ground Coffee,Beverage,2.67,15.34,14.04,4.98,Very_Low,356,24.9,61.0,Ambient,Long_Distance,High_Barrier_Laminate,99,Very_Low,Very_Low,No
F00538,Butter,Dairy,16.32,79.58,0.93,6.17,Very_Low,113,4.9,80.0,Chilled,Normal,Aluminum_Foil_Laminate,94,Very_Low,Very_Low,No
F00539,Yogurt,Dairy,87.88,2.91,4.11,4.48,Very_Low,29,3.5,79.0,Chilled,Long_Distance,PP_Cup_Foil_Lid,50,Medium,Low,Yes
F00540,Fish,Seafood,73.56,5.08,20.82,6.03,Very_Low,5,1.7,86.0,Chilled,Long_Distance,PA_PE_Vacuum,90,Low,Very_Low,Yes
F00541,Potato Chips,Snacks,2.29,30.33,5.8,6.01,Very_Low,171,25.4,57.0,Ambient,Long_Distance,Metallized_PET_PE,80,Low,Very_Low,Yes
F00542,Milk Powder,Dairy,3.9,26.38,26.54,6.5,Very_Low,366,24.0,71.0,Ambient,Long_Distance,Aluminum_Laminate,97,Very_Low,Very_Low,No
F00543,Tomato,Fresh Produce,95.78,0.21,0.8,4.54,High,13,5.1,91.0,Chilled,Normal,Micro_Perforated_PE,44,High,High,Yes
F00544,Apple,Fresh Produce,89.58,0.16,0.37,3.43,High,56,5.2,90.0,Chilled,Normal,Micro_Perforated_PE,33,High,High,Yes
F00545,Biscuits,Bakery,4.55,18.79,6.86,7.01,Very_Low,177,25.1,62.0,Ambient,Normal,BOPP_PE,63,Low,Low,No
F00546,Fresh Chicken,Meat,68.37,7.32,23.56,5.82,Very_Low,5,4.7,90.0,Chilled,Long_Distance,PA_PE_Vacuum,98,Low,Very_Low,Yes
F00547,Frozen Peas,Frozen Vegetable,80.36,0.35,5.23,5.84,Low,368,-17.4,84.0,Frozen,Long_Distance,PE_Film,75,Medium,Low,Yes
F00548,Coffee Powder,Beverage,3.07,14.64,14.62,4.97,Very_Low,355,24.8,65.0,Ambient,Normal,Metallized_PET_PE,79,Very_Low,Very_Low,No
F00549,Peanuts,Nuts,5.9,48.88,24.71,6.62,Very_Low,193,25.4,45.0,Ambient,Long_Distance,Metallized_PET_PE,77,Very_Low,Very_Low,No
F00550,Cheese,Dairy,35.84,33.72,25.7,5.29,Very_Low,63,4.8,75.0,Chilled,Refrigerated,PA_PE_Vacuum,86,Low,Very_Low,Yes
F00551,Bread,Bakery,38.14,4.0,9.12,5.55,Very_Low,7,25.1,53.0,Ambient,Long_Distance,LDPE_Bag,49,Medium,Medium,No
F00552,Mango,Fresh Produce,81.33,0.28,0.77,4.03,High,21,9.7,81.0,Chilled,Refrigerated,Breathable_PE,41,High,High,Yes
F00553,Carrot,Fresh Produce,89.74,0.23,0.8,6.04,High,30,4.4,94.0,Chilled,Long_Distance,Micro_Perforated_PE,46,High,High,Yes
F00554,Onion,Vegetable,87.65,0.16,1.14,5.54,Low,120,20.0,79.0,Ambient,Long_Distance,Breathable_PP,56,High,Medium,Yes
F00555,Rice,Grain,12.07,0.7,7.05,6.89,Very_Low,381,24.5,46.0,Ambient,Long_Distance,HDPE,85,Low,Low,No
F00556,Wheat Flour,Grain,11.39,1.71,12.69,6.1,Very_Low,180,26.0,59.0,Ambient,Normal,HDPE,88,Low,Low,No
F00557,Ground Coffee,Beverage,3.05,15.59,13.85,5.05,Very_Low,351,25.1,70.0,Ambient,Long_Distance,High_Barrier_Laminate,93,Very_Low,Very_Low,No
F00558,Butter,Dairy,15.45,82.7,1.05,6.26,Very_Low,120,4.2,95.0,Chilled,Long_Distance,Aluminum_Foil_Laminate,89,Very_Low,Very_Low,No
F00559,Yogurt,Dairy,89.22,3.05,3.89,4.28,Very_Low,30,4.1,84.0,Chilled,Long_Distance,PP_Cup_Foil_Lid,46,Medium,Low,Yes
F00560,Fish,Seafood,75.06,4.98,19.65,6.23,Very_Low,4,1.4,90.0,Chilled,Long_Distance,PA_PE_Vacuum,93,Low,Very_Low,Yes
F00561,Potato Chips,Snacks,2.08,30.92,5.96,6.08,Very_Low,184,24.6,56.0,Ambient,Normal,Metallized_PET_PE,81,Low,Very_Low,Yes
F00562,Milk Powder,Dairy,3.34,25.68,26.35,6.34,Very_Low,389,25.2,68.0,Ambient,Long_Distance,Aluminum_Laminate,97,Very_Low,Very_Low,No
F00563,Tomato,Fresh Produce,95.66,0.23,0.73,4.18,High,17,4.8,90.0,Chilled,Normal,Micro_Perforated_PE,37,High,High,Yes
F00564,Apple,Fresh Produce,91.56,0.32,0.32,3.46,High,59,4.4,90.0,Chilled,Refrigerated,Micro_Perforated_PE,35,High,High,Yes
F00565,Biscuits,Bakery,4.64,18.99,6.84,6.75,Very_Low,179,25.2,53.0,Ambient,Long_Distance,BOPP_PE,56,Low,Low,No
F00566,Fresh Chicken,Meat,73.72,7.78,23.15,5.73,Very_Low,5,3.2,93.0,Chilled,Normal,PA_PE_Vacuum,85,Low,Very_Low,Yes
F00567,Frozen Peas,Frozen Vegetable,80.3,0.32,5.45,6.17,Low,389,-18.9,90.0,Frozen,Long_Distance,PE_Film,69,Medium,Low,Yes
F00568,Coffee Powder,Beverage,3.04,14.22,13.8,4.96,Very_Low,369,24.5,52.0,Ambient,Long_Distance,Metallized_PET_PE,86,Very_Low,Very_Low,No
F00569,Peanuts,Nuts,5.49,49.49,25.75,6.65,Very_Low,177,25.1,60.0,Ambient,Normal,Metallized_PET_PE,87,Very_Low,Very_Low,No
F00570,Cheese,Dairy,37.2,32.06,24.19,5.27,Very_Low,59,4.1,92.0,Chilled,Long_Distance,PA_PE_Vacuum,82,Low,Very_Low,Yes
F00571,Bread,Bakery,38.18,4.07,8.96,5.67,Very_Low,6,24.9,62.0,Ambient,Normal,LDPE_Bag,52,Medium,Medium,No
F00572,Mango,Fresh Produce,85.09,0.3,0.85,3.9,High,23,10.0,90.0,Chilled,Refrigerated,Breathable_PE,36,High,High,Yes
F00573,Carrot,Fresh Produce,88.29,0.19,0.85,5.9,High,29,4.3,84.0,Chilled,Normal,Micro_Perforated_PE,32,High,High,Yes
F00574,Onion,Vegetable,89.69,0.0,0.97,5.62,Low,109,19.8,51.0,Ambient,Long_Distance,Breathable_PP,48,High,Medium,Yes
F00575,Rice,Grain,12.78,0.81,6.9,6.44,Very_Low,381,24.2,57.0,Ambient,Long_Distance,HDPE,79,Low,Low,No
F00576,Wheat Flour,Grain,11.58,1.44,12.91,6.06,Very_Low,180,25.5,66.0,Ambient,Long_Distance,HDPE,76,Low,Low,No
F00577,Ground Coffee,Beverage,2.75,14.45,13.76,4.99,Very_Low,346,25.0,46.0,Ambient,Normal,High_Barrier_Laminate,84,Very_Low,Very_Low,No
F00578,Butter,Dairy,15.88,79.76,1.27,6.3,Very_Low,113,3.1,81.0,Chilled,Refrigerated,Aluminum_Foil_Laminate,96,Very_Low,Very_Low,No
F00579,Yogurt,Dairy,85.05,3.03,4.16,4.18,Very_Low,30,4.4,81.0,Chilled,Refrigerated,PP_Cup_Foil_Lid,44,Medium,Low,Yes
F00580,Fish,Seafood,77.53,5.19,21.0,6.24,Very_Low,6,2.7,88.0,Chilled,Long_Distance,PA_PE_Vacuum,87,Low,Very_Low,Yes
F00581,Potato Chips,Snacks,1.98,29.23,5.91,6.08,Very_Low,180,24.9,77.0,Ambient,Normal,Metallized_PET_PE,84,Low,Very_Low,Yes
F00582,Milk Powder,Dairy,3.98,26.8,24.92,6.61,Very_Low,382,25.0,65.0,Ambient,Normal,Aluminum_Laminate,99,Very_Low,Very_Low,No
F00583,Tomato,Fresh Produce,96.39,0.18,0.91,4.21,High,16,5.5,79.0,Chilled,Refrigerated,Micro_Perforated_PE,33,High,High,Yes
F00584,Apple,Fresh Produce,86.3,0.32,0.3,3.67,High,60,4.7,76.0,Chilled,Normal,Micro_Perforated_PE,39,High,High,Yes
F00585,Biscuits,Bakery,4.14,17.96,6.76,6.98,Very_Low,185,24.9,66.0,Ambient,Normal,BOPP_PE,58,Low,Low,No
F00586,Fresh Chicken,Meat,73.82,7.71,22.37,5.97,Very_Low,5,3.9,86.0,Chilled,Normal,PA_PE_Vacuum,84,Low,Very_Low,Yes
F00587,Frozen Peas,Frozen Vegetable,76.09,0.26,5.62,6.21,Low,372,-20.2,75.0,Frozen,Normal,PE_Film,74,Medium,Low,Yes
F00588,Coffee Powder,Beverage,2.67,14.75,13.23,5.07,Very_Low,370,24.7,52.0,Ambient,Long_Distance,Metallized_PET_PE,87,Very_Low,Very_Low,No
F00589,Peanuts,Nuts,5.8,48.67,24.34,6.21,Very_Low,183,25.9,46.0,Ambient,Normal,Metallized_PET_PE,80,Very_Low,Very_Low,No
F00590,Cheese,Dairy,36.79,32.01,25.26,5.23,Very_Low,58,4.2,93.0,Chilled,Refrigerated,PA_PE_Vacuum,97,Low,Very_Low,Yes
F00591,Bread,Bakery,37.3,3.98,9.43,5.59,Very_Low,7,24.9,60.0,Ambient,Long_Distance,LDPE_Bag,47,Medium,Medium,No
F00592,Mango,Fresh Produce,79.93,0.2,0.7,3.92,High,23,10.3,91.0,Chilled,Refrigerated,Breathable_PE,37,High,High,Yes
F00593,Carrot,Fresh Produce,88.03,0.07,0.95,6.12,High,31,4.9,86.0,Chilled,Refrigerated,Micro_Perforated_PE,45,High,High,Yes
F00594,Onion,Vegetable,93.86,0.03,1.26,5.55,Low,123,19.2,58.0,Ambient,Normal,Breathable_PP,46,High,Medium,Yes
F00595,Rice,Grain,11.71,0.74,7.41,6.28,Very_Low,362,25.6,59.0,Ambient,Long_Distance,HDPE,84,Low,Low,No
F00596,Wheat Flour,Grain,11.93,1.53,12.87,6.19,Very_Low,181,24.0,67.0,Ambient,Normal,HDPE,78,Low,Low,No
F00597,Ground Coffee,Beverage,2.89,14.66,14.11,5.05,Very_Low,380,25.3,64.0,Ambient,Long_Distance,High_Barrier_Laminate,88,Very_Low,Very_Low,No
F00598,Butter,Dairy,15.53,80.47,1.06,6.01,Very_Low,121,4.1,85.0,Chilled,Long_Distance,Aluminum_Foil_Laminate,95,Very_Low,Very_Low,No
F00599,Yogurt,Dairy,90.79,3.21,3.79,4.43,Very_Low,30,3.8,88.0,Chilled,Normal,PP_Cup_Foil_Lid,50,Medium,Low,Yes
F00600,Fish,Seafood,75.16,4.89,18.91,6.12,Very_Low,4,2.9,84.0,Chilled,Long_Distance,PA_PE_Vacuum,88,Low,Very_Low,Yes
F00601,Potato Chips,Snacks,1.77,30.06,6.19,6.26,Very_Low,182,25.0,63.0,Ambient,Normal,Metallized_PET_PE,81,Low,Very_Low,Yes
F00602,Milk Powder,Dairy,4.22,27.73,26.66,6.71,Very_Low,339,25.7,63.0,Ambient,Long_Distance,Aluminum_Laminate,100,Very_Low,Very_Low,No
F00603,Tomato,Fresh Produce,96.53,0.2,0.78,4.07,High,15,5.8,79.0,Chilled,Normal,Micro_Perforated_PE,32,High,High,Yes
F00604,Apple,Fresh Produce,83.71,0.0,0.28,3.61,High,60,4.4,85.0,Chilled,Refrigerated,Micro_Perforated_PE,42,High,High,Yes
F00605,Biscuits,Bakery,3.92,17.99,7.03,7.01,Very_Low,184,25.4,63.0,Ambient,Normal,BOPP_PE,62,Low,Low,No
F00606,Fresh Chicken,Meat,72.66,8.24,22.45,5.88,Very_Low,7,4.1,80.0,Chilled,Normal,PA_PE_Vacuum,101,Low,Very_Low,Yes
F00607,Frozen Peas,Frozen Vegetable,78.16,0.51,5.43,6.34,Low,380,-19.2,84.0,Frozen,Normal,PE_Film,75,Medium,Low,Yes
F00608,Coffee Powder,Beverage,3.1,15.04,13.19,5.08,Very_Low,372,25.0,68.0,Ambient,Long_Distance,Metallized_PET_PE,86,Very_Low,Very_Low,No
F00609,Peanuts,Nuts,5.94,47.34,25.2,6.25,Very_Low,179,25.0,66.0,Ambient,Normal,Metallized_PET_PE,85,Very_Low,Very_Low,No
F00610,Cheese,Dairy,37.58,32.65,26.27,5.38,Very_Low,65,3.5,88.0,Chilled,Normal,PA_PE_Vacuum,88,Low,Very_Low,Yes
F00611,Bread,Bakery,36.04,4.13,9.42,5.26,Very_Low,7,25.1,53.0,Ambient,Long_Distance,LDPE_Bag,43,Medium,Medium,No
F00612,Mango,Fresh Produce,88.46,0.4,0.51,4.01,High,22,9.5,77.0,Chilled,Normal,Breathable_PE,36,High,High,Yes
F00613,Carrot,Fresh Produce,83.94,0.16,1.0,5.96,High,29,5.5,82.0,Chilled,Normal,Micro_Perforated_PE,37,High,High,Yes
F00614,Onion,Vegetable,88.73,0.19,1.17,5.51,Low,121,19.3,46.0,Ambient,Long_Distance,Breathable_PP,49,High,Medium,Yes
F00615,Rice,Grain,12.22,0.71,7.16,6.45,Very_Low,351,25.4,53.0,Ambient,Normal,HDPE,83,Low,Low,No
F00616,Wheat Flour,Grain,11.6,1.47,13.09,5.87,Very_Low,191,25.3,57.0,Ambient,Long_Distance,HDPE,79,Low,Low,No
F00617,Ground Coffee,Beverage,3.54,15.23,13.56,4.97,Very_Low,371,26.0,48.0,Ambient,Long_Distance,High_Barrier_Laminate,96,Very_Low,Very_Low,No
F00618,Butter,Dairy,15.42,82.57,1.17,6.09,Very_Low,123,3.3,80.0,Chilled,Refrigerated,Aluminum_Foil_Laminate,91,Very_Low,Very_Low,No
F00619,Yogurt,Dairy,88.91,2.98,4.04,4.48,Very_Low,29,4.4,80.0,Chilled,Long_Distance,PP_Cup_Foil_Lid,47,Medium,Low,Yes
F00620,Fish,Seafood,72.77,5.01,20.07,6.17,Very_Low,3,2.4,81.0,Chilled,Normal,PA_PE_Vacuum,96,Low,Very_Low,Yes
F00621,Potato Chips,Snacks,2.08,30.38,6.21,6.1,Very_Low,190,24.7,49.0,Ambient,Long_Distance,Metallized_PET_PE,84,Low,Very_Low,Yes
F00622,Milk Powder,Dairy,4.11,26.41,26.01,6.55,Very_Low,321,25.4,68.0,Ambient,Normal,Aluminum_Laminate,94,Very_Low,Very_Low,No
F00623,Tomato,Fresh Produce,96.61,0.09,0.93,4.46,High,15,5.6,93.0,Chilled,Long_Distance,Micro_Perforated_PE,37,High,High,Yes
F00624,Apple,Fresh Produce,88.35,0.17,0.24,3.6,High,58,4.6,84.0,Chilled,Long_Distance,Micro_Perforated_PE,29,High,High,Yes
F00625,Biscuits,Bakery,3.87,17.82,6.79,7.1,Very_Low,202,24.6,71.0,Ambient,Long_Distance,BOPP_PE,62,Low,Low,No
F00626,Fresh Chicken,Meat,71.68,8.33,22.32,5.75,Very_Low,6,4.0,86.0,Chilled,Normal,PA_PE_Vacuum,85,Low,Very_Low,Yes
F00627,Frozen Peas,Frozen Vegetable,79.88,0.47,5.37,6.32,Low,354,-17.7,95.0,Frozen,Long_Distance,PE_Film,73,Medium,Low,Yes
F00628,Coffee Powder,Beverage,3.08,15.54,13.68,4.94,Very_Low,356,24.6,57.0,Ambient,Long_Distance,Metallized_PET_PE,84,Very_Low,Very_Low,No
F00629,Peanuts,Nuts,6.42,49.08,25.09,6.43,Very_Low,176,25.2,51.0,Ambient,Normal,Metallized_PET_PE,81,Very_Low,Very_Low,No
F00630,Cheese,Dairy,37.57,29.45,25.85,5.09,Very_Low,61,4.2,95.0,Chilled,Long_Distance,PA_PE_Vacuum,91,Low,Very_Low,Yes
F00631,Bread,Bakery,36.95,4.1,8.9,5.46,Very_Low,7,24.6,48.0,Ambient,Normal,LDPE_Bag,57,Medium,Medium,No
F00632,Mango,Fresh Produce,86.86,0.37,0.75,4.19,High,20,9.4,76.0,Chilled,Long_Distance,Breathable_PE,40,High,High,Yes
F00633,Carrot,Fresh Produce,88.32,0.27,0.95,6.07,High,29,5.4,85.0,Chilled,Normal,Micro_Perforated_PE,36,High,High,Yes
F00634,Onion,Vegetable,90.53,0.08,1.1,5.39,Low,118,19.5,51.0,Ambient,Long_Distance,Breathable_PP,52,High,Medium,Yes
F00635,Rice,Grain,12.52,0.86,7.2,6.6,Very_Low,327,25.1,56.0,Ambient,Normal,HDPE,84,Low,Low,No
F00636,Wheat Flour,Grain,11.79,1.52,13.04,6.12,Very_Low,167,25.4,61.0,Ambient,Long_Distance,HDPE,84,Low,Low,No
F00637,Ground Coffee,Beverage,3.13,14.85,13.76,5.08,Very_Low,377,24.6,50.0,Ambient,Normal,High_Barrier_Laminate,85,Very_Low,Very_Low,No
F00638,Butter,Dairy,16.0,82.44,1.02,6.11,Very_Low,125,3.8,74.0,Chilled,Long_Distance,Aluminum_Foil_Laminate,89,Very_Low,Very_Low,No
F00639,Yogurt,Dairy,85.34,3.09,3.91,4.48,Very_Low,29,3.0,80.0,Chilled,Refrigerated,PP_Cup_Foil_Lid,44,Medium,Low,Yes
F00640,Fish,Seafood,69.24,5.12,19.9,5.91,Very_Low,4,1.8,74.0,Chilled,Refrigerated,PA_PE_Vacuum,94,Low,Very_Low,Yes
F00641,Potato Chips,Snacks,1.6,29.24,5.91,6.35,Very_Low,169,25.8,66.0,Ambient,Long_Distance,Metallized_PET_PE,86,Low,Very_Low,Yes
F00642,Milk Powder,Dairy,3.6,27.38,26.25,6.43,Very_Low,357,25.1,73.0,Ambient,Normal,Aluminum_Laminate,94,Very_Low,Very_Low,No
F00643,Tomato,Fresh Produce,96.64,0.24,0.92,4.56,High,13,5.0,69.0,Chilled,Long_Distance,Micro_Perforated_PE,46,High,High,Yes
F00644,Apple,Fresh Produce,88.06,0.14,0.34,3.6,High,60,4.7,80.0,Chilled,Normal,Micro_Perforated_PE,42,High,High,Yes
F00645,Biscuits,Bakery,3.8,18.41,7.21,6.99,Very_Low,170,25.9,52.0,Ambient,Normal,BOPP_PE,53,Low,Low,No
F00646,Fresh Chicken,Meat,67.71,8.18,23.09,5.85,Very_Low,4,3.8,81.0,Chilled,Long_Distance,PA_PE_Vacuum,95,Low,Very_Low,Yes
F00647,Frozen Peas,Frozen Vegetable,77.15,0.38,5.42,6.11,Low,383,-17.6,78.0,Frozen,Long_Distance,PE_Film,67,Medium,Low,Yes
F00648,Coffee Powder,Beverage,3.15,15.28,14.31,5.01,Very_Low,370,25.1,54.0,Ambient,Normal,Metallized_PET_PE,71,Very_Low,Very_Low,No
F00649,Peanuts,Nuts,5.85,50.73,25.26,6.55,Very_Low,192,24.5,51.0,Ambient,Long_Distance,Metallized_PET_PE,69,Very_Low,Very_Low,No
F00650,Cheese,Dairy,38.11,31.5,25.38,5.28,Very_Low,56,3.2,79.0,Chilled,Refrigerated,PA_PE_Vacuum,87,Low,Very_Low,Yes
F00651,Bread,Bakery,39.47,4.09,8.94,5.54,Very_Low,6,25.5,63.0,Ambient,Normal,LDPE_Bag,54,Medium,Medium,No
F00652,Mango,Fresh Produce,82.79,0.4,0.8,4.01,High,21,9.5,90.0,Chilled,Normal,Breathable_PE,32,High,High,Yes
F00653,Carrot,Fresh Produce,90.44,0.19,0.96,5.81,High,29,5.0,93.0,Chilled,Long_Distance,Micro_Perforated_PE,43,High,High,Yes
F00654,Onion,Vegetable,88.86,0.0,1.11,5.63,Low,120,20.4,51.0,Ambient,Normal,Breathable_PP,50,High,Medium,Yes
F00655,Rice,Grain,12.65,0.53,6.8,6.22,Very_Low,401,24.5,44.0,Ambient,Long_Distance,HDPE,77,Low,Low,No
F00656,Wheat Flour,Grain,11.63,1.5,12.81,5.97,Very_Low,198,24.5,60.0,Ambient,Normal,HDPE,76,Low,Low,No
F00657,Ground Coffee,Beverage,3.06,15.46,13.58,4.72,Very_Low,377,26.3,59.0,Ambient,Long_Distance,High_Barrier_Laminate,91,Very_Low,Very_Low,No
F00658,Butter,Dairy,15.7,81.93,1.11,5.99,Very_Low,122,3.9,85.0,Chilled,Refrigerated,Aluminum_Foil_Laminate,92,Very_Low,Very_Low,No
F00659,Yogurt,Dairy,88.06,2.97,4.19,4.33,Very_Low,30,4.4,85.0,Chilled,Refrigerated,PP_Cup_Foil_Lid,43,Medium,Low,Yes
F00660,Fish,Seafood,75.34,4.94,20.51,6.22,Very_Low,5,1.5,83.0,Chilled,Long_Distance,PA_PE_Vacuum,95,Low,Very_Low,Yes
F00661,Potato Chips,Snacks,1.61,29.92,6.06,6.22,Very_Low,192,26.3,65.0,Ambient,Normal,Metallized_PET_PE,86,Low,Very_Low,Yes
F00662,Milk Powder,Dairy,3.78,26.67,26.12,6.64,Very_Low,351,25.4,76.0,Ambient,Long_Distance,Aluminum_Laminate,95,Very_Low,Very_Low,No
F00663,Tomato,Fresh Produce,92.12,0.27,0.98,4.23,High,14,6.3,94.0,Chilled,Normal,Micro_Perforated_PE,35,High,High,Yes
F00664,Apple,Fresh Produce,89.44,0.26,0.48,3.35,High,63,5.5,71.0,Chilled,Normal,Micro_Perforated_PE,39,High,High,Yes
F00665,Biscuits,Bakery,4.3,17.98,7.29,6.92,Very_Low,180,24.5,60.0,Ambient,Normal,BOPP_PE,53,Low,Low,No
F00666,Fresh Chicken,Meat,71.72,7.52,21.23,5.56,Very_Low,5,3.9,87.0,Chilled,Refrigerated,PA_PE_Vacuum,89,Low,Very_Low,Yes
F00667,Frozen Peas,Frozen Vegetable,81.54,0.05,5.47,6.14,Low,345,-17.9,83.0,Frozen,Long_Distance,PE_Film,73,Medium,Low,Yes
F00668,Coffee Powder,Beverage,2.93,15.22,12.8,4.95,Very_Low,357,25.7,63.0,Ambient,Normal,Metallized_PET_PE,82,Very_Low,Very_Low,No
F00669,Peanuts,Nuts,6.51,49.77,24.7,6.41,Very_Low,179,25.3,59.0,Ambient,Long_Distance,Metallized_PET_PE,79,Very_Low,Very_Low,No
F00670,Cheese,Dairy,37.56,32.67,24.27,5.16,Very_Low,57,4.3,95.0,Chilled,Normal,PA_PE_Vacuum,94,Low,Very_Low,Yes
F00671,Bread,Bakery,38.12,3.96,8.96,5.52,Very_Low,7,25.2,58.0,Ambient,Long_Distance,LDPE_Bag,52,Medium,Medium,No
F00672,Mango,Fresh Produce,81.21,0.56,0.73,4.13,High,21,10.6,94.0,Chilled,Normal,Breathable_PE,36,High,High,Yes
F00673,Carrot,Fresh Produce,87.01,0.08,0.68,5.97,High,30,5.0,83.0,Chilled,Long_Distance,Micro_Perforated_PE,40,High,High,Yes
F00674,Onion,Vegetable,88.16,0.17,1.12,5.46,Low,128,21.0,50.0,Ambient,Long_Distance,Breathable_PP,53,High,Medium,Yes
F00675,Rice,Grain,12.02,0.76,7.06,6.49,Very_Low,352,25.0,68.0,Ambient,Normal,HDPE,89,Low,Low,No
F00676,Wheat Flour,Grain,11.99,1.38,13.54,5.94,Very_Low,178,24.5,64.0,Ambient,Long_Distance,HDPE,78,Low,Low,No
F00677,Ground Coffee,Beverage,2.96,14.9,13.93,5.22,Very_Low,345,24.8,72.0,Ambient,Normal,High_Barrier_Laminate,88,Very_Low,Very_Low,No
F00678,Butter,Dairy,15.77,80.55,0.93,6.44,Very_Low,111,5.4,81.0,Chilled,Refrigerated,Aluminum_Foil_Laminate,91,Very_Low,Very_Low,No
F00679,Yogurt,Dairy,88.77,3.12,3.96,4.37,Very_Low,32,5.1,85.0,Chilled,Long_Distance,PP_Cup_Foil_Lid,44,Medium,Low,Yes
F00680,Fish,Seafood,74.8,5.29,18.95,6.21,Very_Low,3,0.7,87.0,Chilled,Normal,PA_PE_Vacuum,91,Low,Very_Low,Yes
F00681,Potato Chips,Snacks,2.07,29.52,6.1,6.1,Very_Low,171,25.4,66.0,Ambient,Normal,Metallized_PET_PE,74,Low,Very_Low,Yes
F00682,Milk Powder,Dairy,3.98,26.93,25.9,6.32,Very_Low,341,25.2,62.0,Ambient,Long_Distance,Aluminum_Laminate,103,Very_Low,Very_Low,No
F00683,Tomato,Fresh Produce,93.44,0.03,0.8,4.19,High,14,4.5,91.0,Chilled,Refrigerated,Micro_Perforated_PE,34,High,High,Yes
F00684,Apple,Fresh Produce,83.31,0.17,0.3,3.53,High,57,5.6,80.0,Chilled,Refrigerated,Micro_Perforated_PE,32,High,High,Yes
F00685,Biscuits,Bakery,3.47,18.16,7.07,7.08,Very_Low,186,25.9,46.0,Ambient,Long_Distance,BOPP_PE,54,Low,Low,No
F00686,Fresh Chicken,Meat,69.88,8.86,22.63,5.77,Very_Low,5,3.6,86.0,Chilled,Refrigerated,PA_PE_Vacuum,79,Low,Very_Low,Yes
F00687,Frozen Peas,Frozen Vegetable,84.78,0.3,5.25,6.13,Low,369,-18.5,89.0,Frozen,Long_Distance,PE_Film,65,Medium,Low,Yes
F00688,Coffee Powder,Beverage,2.72,15.19,14.55,5.31,Very_Low,371,25.3,55.0,Ambient,Long_Distance,Metallized_PET_PE,77,Very_Low,Very_Low,No
F00689,Peanuts,Nuts,5.95,49.32,24.44,6.39,Very_Low,183,24.6,49.0,Ambient,Normal,Metallized_PET_PE,86,Very_Low,Very_Low,No
F00690,Cheese,Dairy,37.43,33.61,25.26,5.16,Very_Low,60,4.0,95.0,Chilled,Refrigerated,PA_PE_Vacuum,88,Low,Very_Low,Yes
F00691,Bread,Bakery,36.6,4.2,8.8,5.4,Very_Low,5,24.8,58.0,Ambient,Long_Distance,LDPE_Bag,54,Medium,Medium,No
F00692,Mango,Fresh Produce,86.25,0.42,0.83,4.04,High,20,10.5,74.0,Chilled,Refrigerated,Breathable_PE,35,High,High,Yes
F00693,Carrot,Fresh Produce,82.5,0.23,1.11,6.0,High,27,4.7,83.0,Chilled,Refrigerated,Micro_Perforated_PE,35,High,High,Yes
F00694,Onion,Vegetable,86.84,0.18,1.12,5.53,Low,115,20.3,53.0,Ambient,Normal,Breathable_PP,47,High,Medium,Yes
F00695,Rice,Grain,12.19,0.59,7.26,6.52,Very_Low,377,25.0,45.0,Ambient,Long_Distance,HDPE,76,Low,Low,No
F00696,Wheat Flour,Grain,11.61,1.53,12.99,5.91,Very_Low,161,24.9,72.0,Ambient,Normal,HDPE,82,Low,Low,No
F00697,Ground Coffee,Beverage,2.95,14.76,15.21,5.03,Very_Low,350,25.7,70.0,Ambient,Long_Distance,High_Barrier_Laminate,99,Very_Low,Very_Low,No
F00698,Butter,Dairy,15.9,83.8,0.93,6.02,Very_Low,119,4.1,80.0,Chilled,Normal,Aluminum_Foil_Laminate,75,Very_Low,Very_Low,No
F00699,Yogurt,Dairy,85.69,3.12,3.8,4.22,Very_Low,30,4.0,79.0,Chilled,Long_Distance,PP_Cup_Foil_Lid,54,Medium,Low,Yes
F00700,Fish,Seafood,73.37,5.03,20.01,6.53,Very_Low,5,2.6,91.0,Chilled,Refrigerated,PA_PE_Vacuum,84,Low,Very_Low,Yes
F00701,Potato Chips,Snacks,2.97,30.81,6.11,6.3,Very_Low,173,25.2,60.0,Ambient,Long_Distance,Metallized_PET_PE,89,Low,Very_Low,Yes
F00702,Milk Powder,Dairy,4.3,25.63,26.74,6.49,Very_Low,392,25.4,54.0,Ambient,Long_Distance,Aluminum_Laminate,92,Very_Low,Very_Low,No
F00703,Tomato,Fresh Produce,98.93,0.26,0.92,4.36,High,13,5.8,95.0,Chilled,Long_Distance,Micro_Perforated_PE,42,High,High,Yes
F00704,Apple,Fresh Produce,86.84,0.32,0.37,3.49,High,59,5.6,91.0,Chilled,Refrigerated,Micro_Perforated_PE,36,High,High,Yes
F00705,Biscuits,Bakery,3.7,18.28,7.18,7.02,Very_Low,190,24.4,63.0,Ambient,Long_Distance,BOPP_PE,54,Low,Low,No
F00706,Fresh Chicken,Meat,72.76,8.3,23.44,5.76,Very_Low,5,4.6,85.0,Chilled,Normal,PA_PE_Vacuum,88,Low,Very_Low,Yes
F00707,Frozen Peas,Frozen Vegetable,80.13,0.3,5.44,6.15,Low,389,-19.1,76.0,Frozen,Long_Distance,PE_Film,68,Medium,Low,Yes
F00708,Coffee Powder,Beverage,3.07,15.18,15.05,4.97,Very_Low,359,25.1,68.0,Ambient,Normal,Metallized_PET_PE,72,Very_Low,Very_Low,No
F00709,Peanuts,Nuts,6.28,49.2,24.11,6.43,Very_Low,186,25.6,59.0,Ambient,Long_Distance,Metallized_PET_PE,75,Very_Low,Very_Low,No
F00710,Cheese,Dairy,36.34,33.15,25.44,5.29,Very_Low,62,4.5,82.0,Chilled,Refrigerated,PA_PE_Vacuum,100,Low,Very_Low,Yes
F00711,Bread,Bakery,38.44,4.09,8.87,5.6,Very_Low,8,24.4,57.0,Ambient,Normal,LDPE_Bag,56,Medium,Medium,No
F00712,Mango,Fresh Produce,84.72,0.55,0.81,4.12,High,24,10.3,85.0,Chilled,Refrigerated,Breathable_PE,44,High,High,Yes
F00713,Carrot,Fresh Produce,91.61,0.24,0.72,6.0,High,31,4.4,89.0,Chilled,Normal,Micro_Perforated_PE,48,High,High,Yes
F00714,Onion,Vegetable,86.75,0.12,1.22,5.48,Low,118,20.2,55.0,Ambient,Long_Distance,Breathable_PP,51,High,Medium,Yes
F00715,Rice,Grain,11.6,0.83,7.33,6.54,Very_Low,387,25.1,59.0,Ambient,Long_Distance,HDPE,78,Low,Low,No
F00716,Wheat Flour,Grain,12.18,1.34,12.69,6.15,Very_Low,175,25.1,50.0,Ambient,Long_Distance,HDPE,78,Low,Low,No
F00717,Ground Coffee,Beverage,3.12,15.11,14.3,4.99,Very_Low,395,26.3,65.0,Ambient,Normal,High_Barrier_Laminate,91,Very_Low,Very_Low,No
F00718,Butter,Dairy,16.23,84.92,1.05,6.09,Very_Low,122,3.8,80.0,Chilled,Normal,Aluminum_Foil_Laminate,90,Very_Low,Very_Low,No
F00719,Yogurt,Dairy,89.26,2.87,4.06,4.3,Very_Low,30,3.5,91.0,Chilled,Long_Distance,PP_Cup_Foil_Lid,46,Medium,Low,Yes
F00720,Fish,Seafood,75.19,5.07,19.82,6.2,Very_Low,5,1.6,85.0,Chilled,Long_Distance,PA_PE_Vacuum,92,Low,Very_Low,Yes
F00721,Potato Chips,Snacks,1.75,29.77,6.01,6.42,Very_Low,171,25.4,50.0,Ambient,Normal,Metallized_PET_PE,74,Low,Very_Low,Yes
F00722,Milk Powder,Dairy,4.21,27.05,25.69,6.79,Very_Low,368,25.3,67.0,Ambient,Normal,Aluminum_Laminate,93,Very_Low,Very_Low,No
F00723,Tomato,Fresh Produce,94.96,0.27,0.96,4.27,High,14,4.8,73.0,Chilled,Long_Distance,Micro_Perforated_PE,41,High,High,Yes
F00724,Apple,Fresh Produce,88.77,0.29,0.25,3.43,High,58,4.8,87.0,Chilled,Long_Distance,Micro_Perforated_PE,37,High,High,Yes
F00725,Biscuits,Bakery,4.37,18.01,6.9,6.82,Very_Low,176,26.2,42.0,Ambient,Normal,BOPP_PE,57,Low,Low,No
F00726,Fresh Chicken,Meat,72.26,8.21,22.14,5.62,Very_Low,7,3.7,94.0,Chilled,Refrigerated,PA_PE_Vacuum,89,Low,Very_Low,Yes
F00727,Frozen Peas,Frozen Vegetable,78.49,0.27,5.16,6.0,Low,369,-18.2,85.0,Frozen,Normal,PE_Film,67,Medium,Low,Yes
F00728,Coffee Powder,Beverage,3.67,14.58,13.61,5.18,Very_Low,369,25.5,54.0,Ambient,Long_Distance,Metallized_PET_PE,79,Very_Low,Very_Low,No
F00729,Peanuts,Nuts,6.27,49.69,25.37,6.46,Very_Low,183,24.6,65.0,Ambient,Normal,Metallized_PET_PE,77,Very_Low,Very_Low,No
F00730,Cheese,Dairy,34.49,32.85,23.93,5.14,Very_Low,59,3.8,80.0,Chilled,Refrigerated,PA_PE_Vacuum,85,Low,Very_Low,Yes
F00731,Bread,Bakery,38.75,3.81,9.2,5.6,Very_Low,8,24.2,48.0,Ambient,Normal,LDPE_Bag,48,Medium,Medium,No
F00732,Mango,Fresh Produce,88.54,0.21,0.75,4.07,High,19,9.5,76.0,Chilled,Normal,Breathable_PE,38,High,High,Yes
F00733,Carrot,Fresh Produce,87.23,0.18,0.88,6.22,High,28,4.1,71.0,Chilled,Refrigerated,Micro_Perforated_PE,36,High,High,Yes
F00734,Onion,Vegetable,90.85,0.04,1.13,5.46,Low,119,18.8,58.0,Ambient,Normal,Breathable_PP,55,High,Medium,Yes
F00735,Rice,Grain,12.55,0.63,7.29,6.57,Very_Low,341,23.7,53.0,Ambient,Normal,HDPE,81,Low,Low,No
F00736,Wheat Flour,Grain,11.74,1.56,13.26,6.05,Very_Low,183,25.2,63.0,Ambient,Normal,HDPE,78,Low,Low,No
F00737,Ground Coffee,Beverage,2.98,14.76,13.87,4.9,Very_Low,367,24.7,50.0,Ambient,Normal,High_Barrier_Laminate,93,Very_Low,Very_Low,No
F00738,Butter,Dairy,15.6,80.19,1.14,6.29,Very_Low,119,4.2,80.0,Chilled,Refrigerated,Aluminum_Foil_Laminate,91,Very_Low,Very_Low,No
F00739,Yogurt,Dairy,88.73,2.92,3.81,4.47,Very_Low,31,4.8,83.0,Chilled,Refrigerated,PP_Cup_Foil_Lid,48,Medium,Low,Yes
F00740,Fish,Seafood,75.07,5.14,20.49,6.31,Very_Low,4,2.3,90.0,Chilled,Long_Distance,PA_PE_Vacuum,85,Low,Very_Low,Yes
F00741,Potato Chips,Snacks,2.28,29.57,6.18,6.05,Very_Low,184,24.6,61.0,Ambient,Long_Distance,Metallized_PET_PE,84,Low,Very_Low,Yes
F00742,Milk Powder,Dairy,3.9,25.54,25.83,6.43,Very_Low,382,25.6,44.0,Ambient,Long_Distance,Aluminum_Laminate,105,Very_Low,Very_Low,No
F00743,Tomato,Fresh Produce,94.03,0.22,0.99,4.36,High,15,3.8,72.0,Chilled,Long_Distance,Micro_Perforated_PE,36,High,High,Yes
F00744,Apple,Fresh Produce,84.24,0.42,0.3,3.62,High,61,5.2,73.0,Chilled,Long_Distance,Micro_Perforated_PE,38,High,High,Yes
F00745,Biscuits,Bakery,4.18,18.29,7.03,6.93,Very_Low,191,24.7,54.0,Ambient,Long_Distance,BOPP_PE,64,Low,Low,No
F00746,Fresh Chicken,Meat,72.25,7.99,22.36,5.79,Very_Low,5,3.9,85.0,Chilled,Normal,PA_PE_Vacuum,90,Low,Very_Low,Yes
F00747,Frozen Peas,Frozen Vegetable,77.74,0.52,5.48,6.07,Low,381,-18.4,83.0,Frozen,Normal,PE_Film,65,Medium,Low,Yes
F00748,Coffee Powder,Beverage,3.0,14.85,13.75,4.76,Very_Low,333,26.0,72.0,Ambient,Normal,Metallized_PET_PE,77,Very_Low,Very_Low,No
F00749,Peanuts,Nuts,5.63,47.61,26.26,6.55,Very_Low,187,25.0,58.0,Ambient,Long_Distance,Metallized_PET_PE,82,Very_Low,Very_Low,No
F00750,Cheese,Dairy,36.76,32.81,25.84,5.35,Very_Low,59,4.5,87.0,Chilled,Refrigerated,PA_PE_Vacuum,90,Low,Very_Low,Yes
F00751,Bread,Bakery,38.56,3.97,9.4,5.43,Very_Low,7,24.8,64.0,Ambient,Normal,LDPE_Bag,53,Medium,Medium,No
F00752,Mango,Fresh Produce,81.34,0.44,0.97,4.0,High,21,10.8,77.0,Chilled,Refrigerated,Breathable_PE,49,High,High,Yes
F00753,Carrot,Fresh Produce,86.1,0.31,0.93,6.14,High,30,4.9,82.0,Chilled,Normal,Micro_Perforated_PE,37,High,High,Yes
F00754,Onion,Vegetable,88.19,0.15,1.15,5.66,Low,120,20.2,56.0,Ambient,Long_Distance,Breathable_PP,51,High,Medium,Yes
F00755,Rice,Grain,12.46,0.79,7.21,6.47,Very_Low,333,24.2,60.0,Ambient,Normal,HDPE,77,Low,Low,No
F00756,Wheat Flour,Grain,11.93,1.55,13.09,5.9,Very_Low,185,24.6,48.0,Ambient,Long_Distance,HDPE,72,Low,Low,No
F00757,Ground Coffee,Beverage,2.78,16.2,14.76,4.99,Very_Low,393,25.6,54.0,Ambient,Normal,High_Barrier_Laminate,86,Very_Low,Very_Low,No
F00758,Butter,Dairy,15.45,83.19,1.08,6.09,Very_Low,115,3.8,66.0,Chilled,Long_Distance,Aluminum_Foil_Laminate,92,Very_Low,Very_Low,No
F00759,Yogurt,Dairy,83.44,2.9,3.94,4.25,Very_Low,32,3.4,89.0,Chilled,Refrigerated,PP_Cup_Foil_Lid,42,Medium,Low,Yes
F00760,Fish,Seafood,77.64,4.93,20.38,6.19,Very_Low,6,2.0,78.0,Chilled,Long_Distance,PA_PE_Vacuum,97,Low,Very_Low,Yes
F00761,Potato Chips,Snacks,1.45,30.55,6.19,6.09,Very_Low,178,25.1,65.0,Ambient,Long_Distance,Metallized_PET_PE,70,Low,Very_Low,Yes
F00762,Milk Powder,Dairy,4.08,24.48,25.43,6.56,Very_Low,336,24.8,69.0,Ambient,Long_Distance,Aluminum_Laminate,94,Very_Low,Very_Low,No
F00763,Tomato,Fresh Produce,90.86,0.11,0.79,4.38,High,15,5.1,74.0,Chilled,Long_Distance,Micro_Perforated_PE,49,High,High,Yes
F00764,Apple,Fresh Produce,85.18,0.12,0.3,3.32,High,63,5.0,84.0,Chilled,Long_Distance,Micro_Perforated_PE,40,High,High,Yes
F00765,Biscuits,Bakery,3.63,18.77,7.33,7.11,Very_Low,173,24.8,61.0,Ambient,Normal,BOPP_PE,56,Low,Low,No
F00766,Fresh Chicken,Meat,70.18,8.11,22.18,5.85,Very_Low,6,4.3,82.0,Chilled,Normal,PA_PE_Vacuum,91,Low,Very_Low,Yes
F00767,Frozen Peas,Frozen Vegetable,79.99,0.4,5.33,6.22,Low,376,-18.7,87.0,Frozen,Long_Distance,PE_Film,75,Medium,Low,Yes
F00768,Coffee Powder,Beverage,2.71,15.3,13.99,4.95,Very_Low,336,25.0,61.0,Ambient,Long_Distance,Metallized_PET_PE,75,Very_Low,Very_Low,No
F00769,Peanuts,Nuts,5.85,47.5,25.21,6.18,Very_Low,164,24.9,60.0,Ambient,Long_Distance,Metallized_PET_PE,78,Very_Low,Very_Low,No
F00770,Cheese,Dairy,36.83,33.65,24.6,5.07,Very_Low,65,4.2,90.0,Chilled,Normal,PA_PE_Vacuum,85,Low,Very_Low,Yes
F00771,Bread,Bakery,37.9,4.13,9.19,5.67,Very_Low,7,25.7,58.0,Ambient,Long_Distance,LDPE_Bag,57,Medium,Medium,No
F00772,Mango,Fresh Produce,82.97,0.3,0.93,4.23,High,22,10.2,83.0,Chilled,Refrigerated,Breathable_PE,36,High,High,Yes
F00773,Carrot,Fresh Produce,87.91,0.33,0.96,6.06,High,31,4.8,95.0,Chilled,Normal,Micro_Perforated_PE,28,High,High,Yes
F00774,Onion,Vegetable,88.36,0.12,1.07,5.31,Low,130,20.1,71.0,Ambient,Long_Distance,Breathable_PP,49,High,Medium,Yes
F00775,Rice,Grain,11.79,0.69,7.41,6.47,Very_Low,380,26.1,45.0,Ambient,Normal,HDPE,79,Low,Low,No
F00776,Wheat Flour,Grain,12.12,1.35,13.2,5.78,Very_Low,184,24.5,56.0,Ambient,Long_Distance,HDPE,83,Low,Low,No
F00777,Ground Coffee,Beverage,3.37,15.46,13.89,4.78,Very_Low,331,25.5,66.0,Ambient,Normal,High_Barrier_Laminate,87,Very_Low,Very_Low,No
F00778,Butter,Dairy,16.31,81.0,1.11,6.48,Very_Low,111,3.9,65.0,Chilled,Normal,Aluminum_Foil_Laminate,91,Very_Low,Very_Low,No
F00779,Yogurt,Dairy,88.6,3.08,3.89,4.34,Very_Low,29,4.7,95.0,Chilled,Long_Distance,PP_Cup_Foil_Lid,48,Medium,Low,Yes
F00780,Fish,Seafood,73.68,4.95,19.83,6.16,Very_Low,4,2.1,82.0,Chilled,Refrigerated,PA_PE_Vacuum,82,Low,Very_Low,Yes
F00781,Potato Chips,Snacks,1.67,31.62,5.85,6.12,Very_Low,171,25.9,64.0,Ambient,Long_Distance,Metallized_PET_PE,75,Low,Very_Low,Yes
F00782,Milk Powder,Dairy,3.76,25.27,26.21,6.7,Very_Low,372,25.1,61.0,Ambient,Long_Distance,Aluminum_Laminate,102,Very_Low,Very_Low,No
F00783,Tomato,Fresh Produce,96.11,0.19,0.92,4.29,High,14,5.2,81.0,Chilled,Refrigerated,Micro_Perforated_PE,32,High,High,Yes
F00784,Apple,Fresh Produce,86.9,0.21,0.33,3.56,High,61,6.0,80.0,Chilled,Normal,Micro_Perforated_PE,42,High,High,Yes
F00785,Biscuits,Bakery,4.28,18.42,7.01,6.89,Very_Low,174,24.7,57.0,Ambient,Long_Distance,BOPP_PE,61,Low,Low,No
F00786,Fresh Chicken,Meat,70.26,7.7,22.25,5.77,Very_Low,7,4.5,86.0,Chilled,Refrigerated,PA_PE_Vacuum,93,Low,Very_Low,Yes
F00787,Frozen Peas,Frozen Vegetable,80.53,0.42,5.26,6.13,Low,389,-17.1,76.0,Frozen,Long_Distance,PE_Film,76,Medium,Low,Yes
F00788,Coffee Powder,Beverage,2.85,13.83,13.66,4.84,Very_Low,364,24.4,64.0,Ambient,Normal,Metallized_PET_PE,86,Very_Low,Very_Low,No
F00789,Peanuts,Nuts,5.88,49.05,26.1,6.47,Very_Low,190,25.7,71.0,Ambient,Normal,Metallized_PET_PE,81,Very_Low,Very_Low,No
F00790,Cheese,Dairy,36.71,32.67,25.64,5.35,Very_Low,59,4.1,87.0,Chilled,Long_Distance,PA_PE_Vacuum,95,Low,Very_Low,Yes
F00791,Bread,Bakery,38.48,4.06,8.85,5.48,Very_Low,5,25.4,52.0,Ambient,Normal,LDPE_Bag,46,Medium,Medium,No
F00792,Mango,Fresh Produce,85.7,0.43,1.09,3.88,High,19,9.8,72.0,Chilled,Refrigerated,Breathable_PE,33,High,High,Yes
F00793,Carrot,Fresh Produce,89.45,0.16,0.92,5.94,High,29,4.5,84.0,Chilled,Refrigerated,Micro_Perforated_PE,39,High,High,Yes
F00794,Onion,Vegetable,87.52,0.07,1.14,5.44,Low,121,20.7,53.0,Ambient,Long_Distance,Breathable_PP,48,High,Medium,Yes
F00795,Rice,Grain,12.25,0.68,7.06,6.7,Very_Low,326,25.2,77.0,Ambient,Long_Distance,HDPE,81,Low,Low,No
F00796,Wheat Flour,Grain,12.5,1.5,13.03,6.11,Very_Low,201,24.9,59.0,Ambient,Long_Distance,HDPE,76,Low,Low,No
F00797,Ground Coffee,Beverage,2.94,15.45,13.9,4.96,Very_Low,365,24.3,47.0,Ambient,Long_Distance,High_Barrier_Laminate,94,Very_Low,Very_Low,No
F00798,Butter,Dairy,15.82,77.12,0.84,6.18,Very_Low,121,4.5,90.0,Chilled,Refrigerated,Aluminum_Foil_Laminate,90,Very_Low,Very_Low,No
F00799,Yogurt,Dairy,90.35,3.16,3.97,4.55,Very_Low,29,3.5,66.0,Chilled,Normal,PP_Cup_Foil_Lid,58,Medium,Low,Yes
F00800,Fish,Seafood,75.28,5.11,21.04,6.07,Very_Low,4,2.0,77.0,Chilled,Refrigerated,PA_PE_Vacuum,76,Low,Very_Low,Yes
F00801,Potato Chips,Snacks,2.16,29.89,6.08,6.2,Very_Low,179,25.0,83.0,Ambient,Normal,Metallized_PET_PE,84,Low,Very_Low,Yes
F00802,Milk Powder,Dairy,3.95,25.66,26.35,6.51,Very_Low,344,25.1,63.0,Ambient,Long_Distance,Aluminum_Laminate,94,Very_Low,Very_Low,No
F00803,Tomato,Fresh Produce,93.17,0.37,0.77,4.43,High,15,6.2,76.0,Chilled,Normal,Micro_Perforated_PE,28,High,High,Yes
F00804,Apple,Fresh Produce,84.9,0.3,0.22,3.4,High,65,5.0,78.0,Chilled,Normal,Micro_Perforated_PE,40,High,High,Yes
F00805,Biscuits,Bakery,3.81,18.49,6.83,7.22,Very_Low,197,25.1,59.0,Ambient,Normal,BOPP_PE,65,Low,Low,No
F00806,Fresh Chicken,Meat,74.08,8.25,23.09,5.81,Very_Low,5,4.6,76.0,Chilled,Long_Distance,PA_PE_Vacuum,93,Low,Very_Low,Yes
F00807,Frozen Peas,Frozen Vegetable,77.36,0.34,5.26,6.3,Low,325,-18.9,84.0,Frozen,Normal,PE_Film,71,Medium,Low,Yes
F00808,Coffee Powder,Beverage,2.94,14.55,13.66,4.94,Very_Low,348,24.6,70.0,Ambient,Normal,Metallized_PET_PE,83,Very_Low,Very_Low,No
F00809,Peanuts,Nuts,5.63,49.66,24.47,6.44,Very_Low,174,24.4,59.0,Ambient,Normal,Metallized_PET_PE,73,Very_Low,Very_Low,No
F00810,Cheese,Dairy,37.14,32.81,24.37,5.1,Very_Low,58,4.1,92.0,Chilled,Refrigerated,PA_PE_Vacuum,90,Low,Very_Low,Yes
F00811,Bread,Bakery,38.37,3.8,9.16,5.49,Very_Low,8,24.6,52.0,Ambient,Long_Distance,LDPE_Bag,48,Medium,Medium,No
F00812,Mango,Fresh Produce,82.08,0.35,0.64,3.74,High,21,10.0,87.0,Chilled,Long_Distance,Breathable_PE,40,High,High,Yes
F00813,Carrot,Fresh Produce,84.78,0.33,0.53,6.01,High,31,4.7,67.0,Chilled,Refrigerated,Micro_Perforated_PE,40,High,High,Yes
F00814,Onion,Vegetable,88.36,0.22,1.07,5.46,Low,127,19.8,70.0,Ambient,Long_Distance,Breathable_PP,44,High,Medium,Yes
F00815,Rice,Grain,12.05,0.67,6.91,6.27,Very_Low,377,24.3,54.0,Ambient,Long_Distance,HDPE,82,Low,Low,No
F00816,Wheat Flour,Grain,11.6,1.62,12.43,6.02,Very_Low,171,24.1,60.0,Ambient,Normal,HDPE,89,Low,Low,No
F00817,Ground Coffee,Beverage,2.63,15.49,14.39,4.92,Very_Low,354,25.6,64.0,Ambient,Normal,High_Barrier_Laminate,81,Very_Low,Very_Low,No
F00818,Butter,Dairy,16.09,81.3,0.92,6.43,Very_Low,117,4.0,83.0,Chilled,Long_Distance,Aluminum_Foil_Laminate,100,Very_Low,Very_Low,No
F00819,Yogurt,Dairy,85.13,3.02,3.81,4.37,Very_Low,31,4.3,89.0,Chilled,Normal,PP_Cup_Foil_Lid,54,Medium,Low,Yes
F00820,Fish,Seafood,77.93,4.71,19.21,6.36,Very_Low,5,1.7,74.0,Chilled,Normal,PA_PE_Vacuum,87,Low,Very_Low,Yes
F00821,Potato Chips,Snacks,2.03,30.76,5.98,6.12,Very_Low,169,24.8,50.0,Ambient,Long_Distance,Metallized_PET_PE,78,Low,Very_Low,Yes
F00822,Milk Powder,Dairy,3.92,26.0,25.68,6.5,Very_Low,351,25.1,58.0,Ambient,Normal,Aluminum_Laminate,103,Very_Low,Very_Low,No
F00823,Tomato,Fresh Produce,96.2,0.0,0.94,4.39,High,13,4.8,95.0,Chilled,Normal,Micro_Perforated_PE,43,High,High,Yes
F00824,Apple,Fresh Produce,86.23,0.16,0.27,3.54,High,65,5.8,84.0,Chilled,Refrigerated,Micro_Perforated_PE,41,High,High,Yes
F00825,Biscuits,Bakery,4.15,17.47,7.34,7.15,Very_Low,166,24.5,41.0,Ambient,Normal,BOPP_PE,56,Low,Low,No
F00826,Fresh Chicken,Meat,73.76,7.86,22.41,5.72,Very_Low,3,4.2,75.0,Chilled,Long_Distance,PA_PE_Vacuum,88,Low,Very_Low,Yes
F00827,Frozen Peas,Frozen Vegetable,75.23,0.48,5.58,6.04,Low,371,-16.9,81.0,Frozen,Normal,PE_Film,73,Medium,Low,Yes
F00828,Coffee Powder,Beverage,3.42,15.56,14.06,5.17,Very_Low,359,24.4,75.0,Ambient,Normal,Metallized_PET_PE,83,Very_Low,Very_Low,No
F00829,Peanuts,Nuts,5.88,48.7,26.2,6.25,Very_Low,191,24.5,49.0,Ambient,Normal,Metallized_PET_PE,86,Very_Low,Very_Low,No
F00830,Cheese,Dairy,37.71,33.72,26.66,5.09,Very_Low,64,3.5,89.0,Chilled,Normal,PA_PE_Vacuum,94,Low,Very_Low,Yes
F00831,Bread,Bakery,36.56,4.06,8.84,5.37,Very_Low,5,24.9,49.0,Ambient,Normal,LDPE_Bag,50,Medium,Medium,No
F00832,Mango,Fresh Produce,86.11,0.2,0.88,3.87,High,21,10.6,65.0,Chilled,Normal,Breathable_PE,44,High,High,Yes
F00833,Carrot,Fresh Produce,93.96,0.19,0.81,5.83,High,30,4.9,85.0,Chilled,Refrigerated,Micro_Perforated_PE,39,High,High,Yes
F00834,Onion,Vegetable,88.42,0.12,1.01,5.51,Low,120,20.5,56.0,Ambient,Long_Distance,Breathable_PP,56,High,Medium,Yes
F00835,Rice,Grain,11.44,0.61,6.81,6.67,Very_Low,362,25.6,55.0,Ambient,Normal,HDPE,82,Low,Low,No
F00836,Wheat Flour,Grain,12.28,1.64,12.28,5.89,Very_Low,196,24.5,84.0,Ambient,Long_Distance,HDPE,71,Low,Low,No
F00837,Ground Coffee,Beverage,3.01,15.28,14.08,5.16,Very_Low,364,24.9,64.0,Ambient,Long_Distance,High_Barrier_Laminate,90,Very_Low,Very_Low,No
F00838,Butter,Dairy,16.05,81.64,1.07,6.0,Very_Low,125,4.4,88.0,Chilled,Long_Distance,Aluminum_Foil_Laminate,88,Very_Low,Very_Low,No
F00839,Yogurt,Dairy,85.91,3.0,3.94,4.58,Very_Low,27,4.2,91.0,Chilled,Refrigerated,PP_Cup_Foil_Lid,54,Medium,Low,Yes
F00840,Fish,Seafood,76.92,5.13,20.39,6.29,Very_Low,7,1.8,93.0,Chilled,Refrigerated,PA_PE_Vacuum,92,Low,Very_Low,Yes
F00841,Potato Chips,Snacks,1.64,31.79,6.0,6.11,Very_Low,181,25.9,56.0,Ambient,Normal,Metallized_PET_PE,83,Low,Very_Low,Yes
F00842,Milk Powder,Dairy,4.03,27.06,26.1,6.79,Very_Low,355,24.5,57.0,Ambient,Long_Distance,Aluminum_Laminate,86,Very_Low,Very_Low,No
F00843,Tomato,Fresh Produce,95.1,0.27,0.69,4.55,High,14,4.0,86.0,Chilled,Refrigerated,Micro_Perforated_PE,40,High,High,Yes
F00844,Apple,Fresh Produce,90.49,0.16,0.28,3.6,High,60,5.2,95.0,Chilled,Normal,Micro_Perforated_PE,44,High,High,Yes
F00845,Biscuits,Bakery,4.24,17.54,6.63,7.02,Very_Low,183,25.7,49.0,Ambient,Normal,BOPP_PE,66,Low,Low,No
F00846,Fresh Chicken,Meat,72.98,7.96,24.64,5.9,Very_Low,4,4.9,79.0,Chilled,Long_Distance,PA_PE_Vacuum,90,Low,Very_Low,Yes
F00847,Frozen Peas,Frozen Vegetable,83.0,0.61,5.22,6.2,Low,342,-18.0,95.0,Frozen,Normal,PE_Film,75,Medium,Low,Yes
F00848,Coffee Powder,Beverage,2.71,15.06,13.92,5.06,Very_Low,365,24.2,62.0,Ambient,Long_Distance,Metallized_PET_PE,71,Very_Low,Very_Low,No
F00849,Peanuts,Nuts,5.72,47.53,25.52,6.45,Very_Low,172,24.7,65.0,Ambient,Long_Distance,Metallized_PET_PE,77,Very_Low,Very_Low,No
F00850,Cheese,Dairy,36.58,32.58,25.4,5.08,Very_Low,61,4.0,79.0,Chilled,Normal,PA_PE_Vacuum,85,Low,Very_Low,Yes
F00851,Bread,Bakery,38.41,4.05,9.07,5.45,Very_Low,7,25.1,65.0,Ambient,Normal,LDPE_Bag,51,Medium,Medium,No
F00852,Mango,Fresh Produce,78.65,0.43,0.85,3.9,High,21,10.3,87.0,Chilled,Normal,Breathable_PE,32,High,High,Yes
F00853,Carrot,Fresh Produce,87.68,0.13,0.99,6.01,High,30,4.6,71.0,Chilled,Long_Distance,Micro_Perforated_PE,41,High,High,Yes
F00854,Onion,Vegetable,89.2,0.0,0.83,5.63,Low,117,19.8,61.0,Ambient,Normal,Breathable_PP,48,High,Medium,Yes
F00855,Rice,Grain,12.51,0.67,6.98,6.5,Very_Low,365,24.5,51.0,Ambient,Normal,HDPE,86,Low,Low,No
F00856,Wheat Flour,Grain,12.01,1.62,12.85,6.03,Very_Low,168,24.9,62.0,Ambient,Normal,HDPE,71,Low,Low,No
F00857,Ground Coffee,Beverage,3.04,14.81,13.65,4.87,Very_Low,352,25.6,54.0,Ambient,Normal,High_Barrier_Laminate,87,Very_Low,Very_Low,No
F00858,Butter,Dairy,15.64,78.91,0.96,6.38,Very_Low,114,3.7,90.0,Chilled,Normal,Aluminum_Foil_Laminate,93,Very_Low,Very_Low,No
F00859,Yogurt,Dairy,86.8,3.02,4.08,4.27,Very_Low,29,4.4,85.0,Chilled,Normal,PP_Cup_Foil_Lid,51,Medium,Low,Yes
F00860,Fish,Seafood,76.19,4.98,19.73,6.23,Very_Low,5,2.4,94.0,Chilled,Long_Distance,PA_PE_Vacuum,92,Low,Very_Low,Yes
F00861,Potato Chips,Snacks,2.37,30.47,5.99,6.26,Very_Low,166,26.0,69.0,Ambient,Long_Distance,Metallized_PET_PE,87,Low,Very_Low,Yes
F00862,Milk Powder,Dairy,3.92,25.64,26.94,6.6,Very_Low,396,25.0,56.0,Ambient,Long_Distance,Aluminum_Laminate,97,Very_Low,Very_Low,No
F00863,Tomato,Fresh Produce,94.4,0.29,0.82,4.15,High,14,5.9,86.0,Chilled,Refrigerated,Micro_Perforated_PE,44,High,High,Yes
F00864,Apple,Fresh Produce,84.92,0.32,0.43,3.6,High,61,4.9,75.0,Chilled,Refrigerated,Micro_Perforated_PE,50,High,High,Yes
F00865,Biscuits,Bakery,3.9,18.19,6.94,7.08,Very_Low,187,24.9,50.0,Ambient,Normal,BOPP_PE,60,Low,Low,No
F00866,Fresh Chicken,Meat,73.01,7.71,24.37,5.75,Very_Low,6,4.1,87.0,Chilled,Refrigerated,PA_PE_Vacuum,95,Low,Very_Low,Yes
F00867,Frozen Peas,Frozen Vegetable,78.38,0.32,5.36,6.24,Low,359,-17.7,88.0,Frozen,Normal,PE_Film,74,Medium,Low,Yes
F00868,Coffee Powder,Beverage,3.04,14.55,13.93,5.01,Very_Low,354,25.4,51.0,Ambient,Normal,Metallized_PET_PE,90,Very_Low,Very_Low,No
F00869,Peanuts,Nuts,6.24,47.44,25.74,6.47,Very_Low,186,24.1,65.0,Ambient,Long_Distance,Metallized_PET_PE,69,Very_Low,Very_Low,No
F00870,Cheese,Dairy,37.15,33.2,24.08,5.35,Very_Low,60,3.6,81.0,Chilled,Long_Distance,PA_PE_Vacuum,91,Low,Very_Low,Yes
F00871,Bread,Bakery,38.92,3.91,8.71,5.51,Very_Low,5,25.3,63.0,Ambient,Normal,LDPE_Bag,48,Medium,Medium,No
F00872,Mango,Fresh Produce,82.18,0.35,0.66,3.94,High,20,10.1,75.0,Chilled,Normal,Breathable_PE,40,High,High,Yes
F00873,Carrot,Fresh Produce,89.39,0.17,1.02,6.08,High,30,4.9,72.0,Chilled,Normal,Micro_Perforated_PE,47,High,High,Yes
F00874,Onion,Vegetable,90.73,0.05,1.22,5.47,Low,117,20.2,51.0,Ambient,Normal,Breathable_PP,55,High,Medium,Yes
F00875,Rice,Grain,12.15,0.54,6.82,6.56,Very_Low,362,24.4,72.0,Ambient,Long_Distance,HDPE,76,Low,Low,No
F00876,Wheat Flour,Grain,11.86,1.27,12.62,6.24,Very_Low,175,24.0,51.0,Ambient,Normal,HDPE,82,Low,Low,No
F00877,Ground Coffee,Beverage,2.82,14.91,14.41,5.06,Very_Low,369,24.7,44.0,Ambient,Long_Distance,High_Barrier_Laminate,80,Very_Low,Very_Low,No
F00878,Butter,Dairy,15.1,81.47,1.19,6.16,Very_Low,119,4.1,80.0,Chilled,Refrigerated,Aluminum_Foil_Laminate,88,Very_Low,Very_Low,No
F00879,Yogurt,Dairy,84.97,3.05,4.27,4.41,Very_Low,32,3.5,87.0,Chilled,Long_Distance,PP_Cup_Foil_Lid,48,Medium,Low,Yes
F00880,Fish,Seafood,74.21,4.52,20.33,6.19,Very_Low,5,1.3,88.0,Chilled,Normal,PA_PE_Vacuum,98,Low,Very_Low,Yes
F00881,Potato Chips,Snacks,1.8,27.98,6.04,6.11,Very_Low,173,24.8,73.0,Ambient,Normal,Metallized_PET_PE,92,Low,Very_Low,Yes
F00882,Milk Powder,Dairy,4.27,25.57,25.45,6.51,Very_Low,340,25.4,54.0,Ambient,Normal,Aluminum_Laminate,96,Very_Low,Very_Low,No
F00883,Tomato,Fresh Produce,96.45,0.22,0.85,4.33,High,15,5.0,83.0,Chilled,Refrigerated,Micro_Perforated_PE,43,High,High,Yes
F00884,Apple,Fresh Produce,89.51,0.3,0.23,3.52,High,63,4.7,73.0,Chilled,Long_Distance,Micro_Perforated_PE,31,High,High,Yes
F00885,Biscuits,Bakery,4.18,17.98,7.17,7.16,Very_Low,190,25.2,60.0,Ambient,Normal,BOPP_PE,55,Low,Low,No
F00886,Fresh Chicken,Meat,72.62,8.06,23.2,5.94,Very_Low,6,3.4,94.0,Chilled,Normal,PA_PE_Vacuum,89,Low,Very_Low,Yes
F00887,Frozen Peas,Frozen Vegetable,78.29,0.52,5.38,6.14,Low,388,-18.9,79.0,Frozen,Long_Distance,PE_Film,66,Medium,Low,Yes
F00888,Coffee Powder,Beverage,2.92,14.49,14.01,4.91,Very_Low,393,24.9,54.0,Ambient,Long_Distance,Metallized_PET_PE,90,Very_Low,Very_Low,No
F00889,Peanuts,Nuts,5.81,51.18,24.45,6.33,Very_Low,161,25.0,55.0,Ambient,Normal,Metallized_PET_PE,73,Very_Low,Very_Low,No
F00890,Cheese,Dairy,38.37,33.1,24.96,5.01,Very_Low,63,3.8,85.0,Chilled,Normal,PA_PE_Vacuum,90,Low,Very_Low,Yes
F00891,Bread,Bakery,38.35,3.97,9.11,5.6,Very_Low,7,25.1,58.0,Ambient,Normal,LDPE_Bag,43,Medium,Medium,No
F00892,Mango,Fresh Produce,85.76,0.39,0.91,3.76,High,21,10.7,75.0,Chilled,Normal,Breathable_PE,45,High,High,Yes
F00893,Carrot,Fresh Produce,86.03,0.14,0.86,5.99,High,30,3.2,78.0,Chilled,Long_Distance,Micro_Perforated_PE,38,High,High,Yes
F00894,Onion,Vegetable,88.36,0.0,1.13,5.26,Low,124,20.0,75.0,Ambient,Long_Distance,Breathable_PP,49,High,Medium,Yes
F00895,Rice,Grain,12.19,0.71,7.11,6.36,Very_Low,370,25.6,53.0,Ambient,Normal,HDPE,76,Low,Low,No
F00896,Wheat Flour,Grain,11.72,1.52,12.95,6.03,Very_Low,163,25.7,64.0,Ambient,Normal,HDPE,93,Low,Low,No
F00897,Ground Coffee,Beverage,2.67,14.84,14.6,4.78,Very_Low,327,25.0,56.0,Ambient,Normal,High_Barrier_Laminate,90,Very_Low,Very_Low,No
F00898,Butter,Dairy,15.98,82.33,0.85,6.13,Very_Low,122,3.6,93.0,Chilled,Long_Distance,Aluminum_Foil_Laminate,86,Very_Low,Very_Low,No
F00899,Yogurt,Dairy,83.69,3.03,4.03,4.6,Very_Low,31,4.3,90.0,Chilled,Refrigerated,PP_Cup_Foil_Lid,45,Medium,Low,Yes
F00900,Fish,Seafood,75.01,5.13,20.0,6.33,Very_Low,5,1.8,77.0,Chilled,Long_Distance,PA_PE_Vacuum,99,Low,Very_Low,Yes
F00901,Potato Chips,Snacks,1.94,26.76,5.87,6.09,Very_Low,185,24.6,58.0,Ambient,Long_Distance,Metallized_PET_PE,88,Low,Very_Low,Yes
F00902,Milk Powder,Dairy,3.78,26.66,25.63,6.48,Very_Low,403,25.8,59.0,Ambient,Normal,Aluminum_Laminate,95,Very_Low,Very_Low,No
F00903,Tomato,Fresh Produce,94.52,0.37,0.97,4.4,High,16,5.5,75.0,Chilled,Long_Distance,Micro_Perforated_PE,44,High,High,Yes
F00904,Apple,Fresh Produce,88.86,0.08,0.36,3.52,High,61,5.5,94.0,Chilled,Refrigerated,Micro_Perforated_PE,37,High,High,Yes
F00905,Biscuits,Bakery,3.78,17.53,7.07,6.84,Very_Low,178,25.2,70.0,Ambient,Long_Distance,BOPP_PE,63,Low,Low,No
F00906,Fresh Chicken,Meat,71.69,7.58,22.61,5.89,Very_Low,6,3.5,95.0,Chilled,Long_Distance,PA_PE_Vacuum,105,Low,Very_Low,Yes
F00907,Frozen Peas,Frozen Vegetable,75.95,0.53,5.66,6.1,Low,366,-17.3,83.0,Frozen,Normal,PE_Film,71,Medium,Low,Yes
F00908,Coffee Powder,Beverage,3.03,14.94,13.79,5.01,Very_Low,399,24.9,53.0,Ambient,Normal,Metallized_PET_PE,78,Very_Low,Very_Low,No
F00909,Peanuts,Nuts,5.81,49.88,25.29,6.4,Very_Low,193,25.1,65.0,Ambient,Long_Distance,Metallized_PET_PE,87,Very_Low,Very_Low,No
F00910,Cheese,Dairy,36.82,33.06,24.82,5.14,Very_Low,61,4.2,85.0,Chilled,Long_Distance,PA_PE_Vacuum,88,Low,Very_Low,Yes
F00911,Bread,Bakery,39.24,3.83,9.22,5.64,Very_Low,7,24.3,59.0,Ambient,Long_Distance,LDPE_Bag,57,Medium,Medium,No
F00912,Mango,Fresh Produce,80.51,0.28,0.87,4.18,High,21,9.8,78.0,Chilled,Refrigerated,Breathable_PE,38,High,High,Yes
F00913,Carrot,Fresh Produce,87.05,0.34,0.95,6.11,High,31,5.3,86.0,Chilled,Normal,Micro_Perforated_PE,36,High,High,Yes
F00914,Onion,Vegetable,93.94,0.11,1.21,5.53,Low,115,20.0,44.0,Ambient,Long_Distance,Breathable_PP,53,High,Medium,Yes
F00915,Rice,Grain,11.5,0.57,7.4,6.58,Very_Low,340,25.6,54.0,Ambient,Normal,HDPE,83,Low,Low,No
F00916,Wheat Flour,Grain,11.75,1.43,12.69,6.12,Very_Low,179,24.7,63.0,Ambient,Normal,HDPE,89,Low,Low,No
F00917,Ground Coffee,Beverage,3.07,15.57,13.64,5.17,Very_Low,350,24.7,48.0,Ambient,Long_Distance,High_Barrier_Laminate,91,Very_Low,Very_Low,No
F00918,Butter,Dairy,16.39,83.26,1.03,6.14,Very_Low,126,4.3,76.0,Chilled,Normal,Aluminum_Foil_Laminate,88,Very_Low,Very_Low,No
F00919,Yogurt,Dairy,86.56,3.06,4.14,4.62,Very_Low,30,4.0,87.0,Chilled,Long_Distance,PP_Cup_Foil_Lid,47,Medium,Low,Yes
F00920,Fish,Seafood,76.32,4.99,19.83,6.16,Very_Low,5,1.8,90.0,Chilled,Normal,PA_PE_Vacuum,88,Low,Very_Low,Yes
F00921,Potato Chips,Snacks,2.19,32.08,5.98,6.1,Very_Low,178,24.8,59.0,Ambient,Normal,Metallized_PET_PE,75,Low,Very_Low,Yes
F00922,Milk Powder,Dairy,3.69,26.47,25.17,6.57,Very_Low,364,25.4,65.0,Ambient,Normal,Aluminum_Laminate,101,Very_Low,Very_Low,No
F00923,Tomato,Fresh Produce,91.64,0.14,0.85,4.18,High,15,5.4,75.0,Chilled,Normal,Micro_Perforated_PE,44,High,High,Yes
F00924,Apple,Fresh Produce,87.44,0.27,0.43,3.41,High,56,5.2,76.0,Chilled,Long_Distance,Micro_Perforated_PE,34,High,High,Yes
F00925,Biscuits,Bakery,3.97,17.63,6.99,6.84,Very_Low,167,25.7,47.0,Ambient,Normal,BOPP_PE,64,Low,Low,No
F00926,Fresh Chicken,Meat,72.22,8.12,22.92,5.62,Very_Low,4,4.6,86.0,Chilled,Normal,PA_PE_Vacuum,86,Low,Very_Low,Yes
F00927,Frozen Peas,Frozen Vegetable,81.63,0.39,5.18,6.14,Low,338,-19.1,88.0,Frozen,Normal,PE_Film,64,Medium,Low,Yes
F00928,Coffee Powder,Beverage,2.94,15.2,13.93,5.07,Very_Low,379,25.8,55.0,Ambient,Normal,Metallized_PET_PE,80,Very_Low,Very_Low,No
F00929,Peanuts,Nuts,5.89,48.65,24.44,6.43,Very_Low,183,25.4,62.0,Ambient,Long_Distance,Metallized_PET_PE,84,Very_Low,Very_Low,No
F00930,Cheese,Dairy,36.39,32.0,25.37,5.24,Very_Low,61,4.0,80.0,Chilled,Long_Distance,PA_PE_Vacuum,101,Low,Very_Low,Yes
F00931,Bread,Bakery,37.83,4.16,8.95,5.6,Very_Low,5,26.2,71.0,Ambient,Long_Distance,LDPE_Bag,49,Medium,Medium,No
F00932,Mango,Fresh Produce,84.16,0.49,0.74,4.04,High,23,10.4,72.0,Chilled,Normal,Breathable_PE,39,High,High,Yes
F00933,Carrot,Fresh Produce,88.97,0.23,0.82,5.96,High,33,5.2,72.0,Chilled,Long_Distance,Micro_Perforated_PE,43,High,High,Yes
F00934,Onion,Vegetable,92.01,0.31,1.1,5.76,Low,121,19.8,54.0,Ambient,Normal,Breathable_PP,58,High,Medium,Yes
F00935,Rice,Grain,12.09,0.62,6.77,6.34,Very_Low,373,25.0,59.0,Ambient,Normal,HDPE,82,Low,Low,No
F00936,Wheat Flour,Grain,11.72,1.58,13.07,6.11,Very_Low,191,24.5,54.0,Ambient,Normal,HDPE,76,Low,Low,No
F00937,Ground Coffee,Beverage,3.33,15.65,14.99,4.81,Very_Low,340,25.3,69.0,Ambient,Normal,High_Barrier_Laminate,94,Very_Low,Very_Low,No
F00938,Butter,Dairy,16.09,80.14,1.03,6.27,Very_Low,127,4.0,95.0,Chilled,Refrigerated,Aluminum_Foil_Laminate,95,Very_Low,Very_Low,No
F00939,Yogurt,Dairy,86.6,2.99,3.88,4.38,Very_Low,34,3.9,89.0,Chilled,Refrigerated,PP_Cup_Foil_Lid,55,Medium,Low,Yes
F00940,Fish,Seafood,74.09,5.01,20.48,6.19,Very_Low,7,1.3,90.0,Chilled,Refrigerated,PA_PE_Vacuum,93,Low,Very_Low,Yes
F00941,Potato Chips,Snacks,2.04,30.13,5.76,6.19,Very_Low,173,23.3,84.0,Ambient,Long_Distance,Metallized_PET_PE,76,Low,Very_Low,Yes
F00942,Milk Powder,Dairy,3.78,25.42,27.65,6.72,Very_Low,321,24.7,45.0,Ambient,Long_Distance,Aluminum_Laminate,95,Very_Low,Very_Low,No
F00943,Tomato,Fresh Produce,94.74,0.31,0.64,4.2,High,14,5.6,82.0,Chilled,Long_Distance,Micro_Perforated_PE,50,High,High,Yes
F00944,Apple,Fresh Produce,87.97,0.32,0.07,3.43,High,64,4.3,94.0,Chilled,Refrigerated,Micro_Perforated_PE,40,High,High,Yes
F00945,Biscuits,Bakery,3.61,17.83,7.0,6.95,Very_Low,175,25.1,73.0,Ambient,Normal,BOPP_PE,59,Low,Low,No
F00946,Fresh Chicken,Meat,70.71,8.15,23.09,5.61,Very_Low,4,3.6,77.0,Chilled,Normal,PA_PE_Vacuum,88,Low,Very_Low,Yes
F00947,Frozen Peas,Frozen Vegetable,80.71,0.53,5.37,6.41,Low,387,-18.0,90.0,Frozen,Long_Distance,PE_Film,72,Medium,Low,Yes
F00948,Coffee Powder,Beverage,3.03,15.07,13.37,5.12,Very_Low,349,25.0,69.0,Ambient,Long_Distance,Metallized_PET_PE,85,Very_Low,Very_Low,No
F00949,Peanuts,Nuts,5.86,52.31,25.75,6.69,Very_Low,164,24.4,70.0,Ambient,Normal,Metallized_PET_PE,71,Very_Low,Very_Low,No
F00950,Cheese,Dairy,38.31,32.88,26.08,5.25,Very_Low,63,3.8,87.0,Chilled,Normal,PA_PE_Vacuum,81,Low,Very_Low,Yes
F00951,Bread,Bakery,35.99,4.01,9.02,5.71,Very_Low,7,24.7,58.0,Ambient,Long_Distance,LDPE_Bag,52,Medium,Medium,No
F00952,Mango,Fresh Produce,83.78,0.35,0.8,4.32,High,22,10.6,88.0,Chilled,Long_Distance,Breathable_PE,41,High,High,Yes
F00953,Carrot,Fresh Produce,90.47,0.15,1.03,6.06,High,30,5.9,85.0,Chilled,Normal,Micro_Perforated_PE,37,High,High,Yes
F00954,Onion,Vegetable,88.0,0.21,0.91,5.32,Low,124,19.9,58.0,Ambient,Normal,Breathable_PP,45,High,Medium,Yes
F00955,Rice,Grain,12.04,0.73,7.04,6.44,Very_Low,369,25.5,68.0,Ambient,Normal,HDPE,78,Low,Low,No
F00956,Wheat Flour,Grain,11.9,1.59,13.34,5.99,Very_Low,178,25.1,57.0,Ambient,Long_Distance,HDPE,83,Low,Low,No
F00957,Ground Coffee,Beverage,3.16,14.89,13.81,4.85,Very_Low,363,25.3,53.0,Ambient,Normal,High_Barrier_Laminate,91,Very_Low,Very_Low,No
F00958,Butter,Dairy,16.09,77.73,0.95,6.02,Very_Low,120,3.2,88.0,Chilled,Long_Distance,Aluminum_Foil_Laminate,93,Very_Low,Very_Low,No
F00959,Yogurt,Dairy,84.05,2.88,3.91,4.51,Very_Low,32,3.7,84.0,Chilled,Normal,PP_Cup_Foil_Lid,52,Medium,Low,Yes
F00960,Fish,Seafood,74.05,4.58,20.02,6.29,Very_Low,8,1.8,79.0,Chilled,Normal,PA_PE_Vacuum,92,Low,Very_Low,Yes
F00961,Potato Chips,Snacks,1.77,29.9,5.9,6.35,Very_Low,182,24.6,56.0,Ambient,Long_Distance,Metallized_PET_PE,86,Low,Very_Low,Yes
F00962,Milk Powder,Dairy,3.92,26.17,26.04,6.66,Very_Low,360,24.9,74.0,Ambient,Long_Distance,Aluminum_Laminate,106,Very_Low,Very_Low,No
F00963,Tomato,Fresh Produce,98.23,0.21,0.97,4.38,High,13,5.4,82.0,Chilled,Normal,Micro_Perforated_PE,39,High,High,Yes
F00964,Apple,Fresh Produce,87.39,0.02,0.3,3.3,High,60,5.7,77.0,Chilled,Normal,Micro_Perforated_PE,32,High,High,Yes
F00965,Biscuits,Bakery,4.03,18.2,7.35,6.86,Very_Low,191,24.8,55.0,Ambient,Long_Distance,BOPP_PE,60,Low,Low,No
F00966,Fresh Chicken,Meat,72.72,7.89,22.53,5.89,Very_Low,5,3.9,89.0,Chilled,Long_Distance,PA_PE_Vacuum,94,Low,Very_Low,Yes
F00967,Frozen Peas,Frozen Vegetable,79.83,0.3,5.12,6.23,Low,396,-18.1,79.0,Frozen,Normal,PE_Film,65,Medium,Low,Yes
F00968,Coffee Powder,Beverage,3.28,14.78,13.82,5.26,Very_Low,361,25.4,60.0,Ambient,Normal,Metallized_PET_PE,71,Very_Low,Very_Low,No
F00969,Peanuts,Nuts,6.08,48.56,25.14,6.58,Very_Low,171,24.8,52.0,Ambient,Normal,Metallized_PET_PE,76,Very_Low,Very_Low,No
F00970,Cheese,Dairy,36.75,34.99,23.77,5.17,Very_Low,60,4.0,90.0,Chilled,Long_Distance,PA_PE_Vacuum,107,Low,Very_Low,Yes
F00971,Bread,Bakery,39.82,4.02,9.54,5.37,Very_Low,7,25.4,58.0,Ambient,Long_Distance,LDPE_Bag,43,Medium,Medium,No
F00972,Mango,Fresh Produce,83.6,0.39,0.58,3.98,High,22,9.5,78.0,Chilled,Long_Distance,Breathable_PE,44,High,High,Yes
F00973,Carrot,Fresh Produce,86.11,0.22,0.94,6.05,High,28,5.1,95.0,Chilled,Refrigerated,Micro_Perforated_PE,44,High,High,Yes
F00974,Onion,Vegetable,89.24,0.0,0.94,5.59,Low,126,19.7,47.0,Ambient,Normal,Breathable_PP,39,High,Medium,Yes
F00975,Rice,Grain,11.82,0.72,7.16,6.43,Very_Low,374,24.6,54.0,Ambient,Normal,HDPE,86,Low,Low,No
F00976,Wheat Flour,Grain,12.24,1.72,13.34,6.22,Very_Low,198,25.2,58.0,Ambient,Long_Distance,HDPE,85,Low,Low,No
F00977,Ground Coffee,Beverage,3.06,15.09,14.74,4.95,Very_Low,385,25.1,47.0,Ambient,Long_Distance,High_Barrier_Laminate,86,Very_Low,Very_Low,No
F00978,Butter,Dairy,15.26,79.1,1.01,6.1,Very_Low,114,4.0,95.0,Chilled,Normal,Aluminum_Foil_Laminate,93,Very_Low,Very_Low,No
F00979,Yogurt,Dairy,86.59,3.08,3.9,4.34,Very_Low,27,3.3,95.0,Chilled,Refrigerated,PP_Cup_Foil_Lid,58,Medium,Low,Yes
F00980,Fish,Seafood,74.65,4.9,18.88,6.29,Very_Low,5,2.4,85.0,Chilled,Refrigerated,PA_PE_Vacuum,91,Low,Very_Low,Yes
F00981,Potato Chips,Snacks,2.22,29.9,6.32,6.35,Very_Low,176,25.4,65.0,Ambient,Long_Distance,Metallized_PET_PE,79,Low,Very_Low,Yes
F00982,Milk Powder,Dairy,4.61,25.48,25.65,6.69,Very_Low,357,24.4,57.0,Ambient,Long_Distance,Aluminum_Laminate,110,Very_Low,Very_Low,No
F00983,Tomato,Fresh Produce,94.11,0.23,0.96,4.45,High,12,4.7,88.0,Chilled,Long_Distance,Micro_Perforated_PE,44,High,High,Yes
F00984,Apple,Fresh Produce,84.31,0.22,0.16,3.49,High,62,4.4,83.0,Chilled,Long_Distance,Micro_Perforated_PE,44,High,High,Yes
F00985,Biscuits,Bakery,4.15,17.95,7.16,7.04,Very_Low,182,24.9,70.0,Ambient,Normal,BOPP_PE,62,Low,Low,No
F00986,Fresh Chicken,Meat,71.67,7.95,22.06,5.69,Very_Low,6,4.1,85.0,Chilled,Long_Distance,PA_PE_Vacuum,92,Low,Very_Low,Yes
F00987,Frozen Peas,Frozen Vegetable,76.12,0.41,5.83,6.34,Low,350,-17.3,73.0,Frozen,Long_Distance,PE_Film,63,Medium,Low,Yes
F00988,Coffee Powder,Beverage,3.13,15.09,14.4,5.09,Very_Low,360,24.4,46.0,Ambient,Long_Distance,Metallized_PET_PE,79,Very_Low,Very_Low,No
F00989,Peanuts,Nuts,6.07,50.71,25.47,6.48,Very_Low,192,23.8,76.0,Ambient,Long_Distance,Metallized_PET_PE,71,Very_Low,Very_Low,No
F00990,Cheese,Dairy,37.92,33.92,26.39,5.21,Very_Low,66,3.5,83.0,Chilled,Long_Distance,PA_PE_Vacuum,89,Low,Very_Low,Yes
F00991,Bread,Bakery,37.39,3.93,9.12,5.54,Very_Low,6,25.2,58.0,Ambient,Normal,LDPE_Bag,41,Medium,Medium,No
F00992,Mango,Fresh Produce,82.03,0.36,0.67,3.93,High,21,10.4,82.0,Chilled,Refrigerated,Breathable_PE,38,High,High,Yes
F00993,Carrot,Fresh Produce,87.61,0.19,1.01,5.95,High,32,4.5,87.0,Chilled,Refrigerated,Micro_Perforated_PE,37,High,High,Yes
F00994,Onion,Vegetable,89.6,0.09,1.18,5.37,Low,120,19.2,62.0,Ambient,Long_Distance,Breathable_PP,53,High,Medium,Yes
F00995,Rice,Grain,12.16,0.63,7.08,6.5,Very_Low,357,25.0,51.0,Ambient,Long_Distance,HDPE,82,Low,Low,No
F00996,Wheat Flour,Grain,11.64,1.44,12.97,6.28,Very_Low,174,24.7,63.0,Ambient,Long_Distance,HDPE,77,Low,Low,No
F00997,Ground Coffee,Beverage,2.93,15.06,13.84,5.05,Very_Low,334,25.1,52.0,Ambient,Long_Distance,High_Barrier_Laminate,96,Very_Low,Very_Low,No
F00998,Butter,Dairy,15.61,82.03,0.89,6.26,Very_Low,115,4.6,84.0,Chilled,Normal,Aluminum_Foil_Laminate,90,Very_Low,Very_Low,No
F00999,Yogurt,Dairy,85.16,2.91,3.9,4.44,Very_Low,30,4.0,82.0,Chilled,Refrigerated,PP_Cup_Foil_Lid,53,Medium,Low,Yes
F01000,Fish,Seafood,76.97,4.87,19.64,6.27,Very_Low,5,2.3,86.0,Chilled,Normal,PA_PE_Vacuum,92,Low,Very_Low,Yes
F01001,Potato Chips,Snacks,2.34,31.3,6.06,6.17,Very_Low,180,25.6,44.0,Ambient,Long_Distance,Metallized_PET_PE,75,Low,Very_Low,Yes
F01002,Milk Powder,Dairy,3.95,25.86,25.22,6.39,Very_Low,387,24.6,57.0,Ambient,Long_Distance,Aluminum_Laminate,96,Very_Low,Very_Low,No
F01003,Tomato,Fresh Produce,96.57,0.2,1.07,4.42,High,14,4.1,79.0,Chilled,Normal,Micro_Perforated_PE,45,High,High,Yes
F01004,Apple,Fresh Produce,87.37,0.37,0.33,3.58,High,59,4.3,79.0,Chilled,Long_Distance,Micro_Perforated_PE,40,High,High,Yes
F01005,Biscuits,Bakery,4.16,18.57,6.55,7.01,Very_Low,193,25.1,60.0,Ambient,Long_Distance,BOPP_PE,57,Low,Low,No
F01006,Fresh Chicken,Meat,71.37,8.52,22.94,5.94,Very_Low,5,4.4,92.0,Chilled,Long_Distance,PA_PE_Vacuum,91,Low,Very_Low,Yes
F01007,Frozen Peas,Frozen Vegetable,81.29,0.4,5.38,6.09,Low,354,-18.3,85.0,Frozen,Normal,PE_Film,78,Medium,Low,Yes
F01008,Coffee Powder,Beverage,3.16,15.06,13.68,4.96,Very_Low,349,25.0,61.0,Ambient,Long_Distance,Metallized_PET_PE,88,Very_Low,Very_Low,No
F01009,Peanuts,Nuts,6.53,48.68,25.65,6.61,Very_Low,186,24.7,63.0,Ambient,Normal,Metallized_PET_PE,80,Very_Low,Very_Low,No
F01010,Cheese,Dairy,36.35,32.79,26.09,5.0,Very_Low,66,4.1,84.0,Chilled,Long_Distance,PA_PE_Vacuum,89,Low,Very_Low,Yes
F01011,Bread,Bakery,37.13,4.1,9.15,5.39,Very_Low,7,25.6,44.0,Ambient,Long_Distance,LDPE_Bag,52,Medium,Medium,No
F01012,Mango,Fresh Produce,83.14,0.37,0.82,3.76,High,22,10.2,93.0,Chilled,Normal,Breathable_PE,48,High,High,Yes
F01013,Carrot,Fresh Produce,88.96,0.1,0.87,5.85,High,29,5.5,90.0,Chilled,Long_Distance,Micro_Perforated_PE,33,High,High,Yes
F01014,Onion,Vegetable,87.83,0.31,1.1,5.47,Low,115,19.9,53.0,Ambient,Long_Distance,Breathable_PP,46,High,Medium,Yes
F01015,Rice,Grain,11.63,0.65,6.93,6.68,Very_Low,366,24.9,49.0,Ambient,Long_Distance,HDPE,85,Low,Low,No
F01016,Wheat Flour,Grain,11.86,1.61,12.5,6.0,Very_Low,168,25.1,69.0,Ambient,Long_Distance,HDPE,78,Low,Low,No
F01017,Ground Coffee,Beverage,3.08,14.11,13.07,4.97,Very_Low,370,24.4,51.0,Ambient,Normal,High_Barrier_Laminate,93,Very_Low,Very_Low,No
F01018,Butter,Dairy,15.44,76.74,0.97,6.29,Very_Low,114,4.4,87.0,Chilled,Normal,Aluminum_Foil_Laminate,98,Very_Low,Very_Low,No
F01019,Yogurt,Dairy,90.54,2.91,3.81,4.45,Very_Low,29,4.3,94.0,Chilled,Refrigerated,PP_Cup_Foil_Lid,52,Medium,Low,Yes
F01020,Fish,Seafood,75.22,5.25,20.12,6.31,Very_Low,5,2.4,72.0,Chilled,Refrigerated,PA_PE_Vacuum,90,Low,Very_Low,Yes
F01021,Potato Chips,Snacks,2.04,30.42,6.07,6.29,Very_Low,182,23.9,61.0,Ambient,Normal,Metallized_PET_PE,80,Low,Very_Low,Yes
F01022,Milk Powder,Dairy,4.34,25.92,24.91,6.61,Very_Low,355,25.1,59.0,Ambient,Normal,Aluminum_Laminate,106,Very_Low,Very_Low,No
F01023,Tomato,Fresh Produce,98.78,0.14,0.76,4.38,High,16,5.3,86.0,Chilled,Long_Distance,Micro_Perforated_PE,42,High,High,Yes
F01024,Apple,Fresh Produce,81.89,0.16,0.46,3.49,High,62,4.7,87.0,Chilled,Normal,Micro_Perforated_PE,48,High,High,Yes
F01025,Biscuits,Bakery,4.33,17.09,7.2,7.1,Very_Low,181,24.0,46.0,Ambient,Long_Distance,BOPP_PE,61,Low,Low,No
F01026,Fresh Chicken,Meat,74.52,7.94,23.02,5.76,Very_Low,4,4.4,87.0,Chilled,Normal,PA_PE_Vacuum,75,Low,Very_Low,Yes
F01027,Frozen Peas,Frozen Vegetable,77.52,0.55,5.42,6.31,Low,402,-18.7,84.0,Frozen,Normal,PE_Film,69,Medium,Low,Yes
F01028,Coffee Powder,Beverage,3.17,15.02,13.93,5.0,Very_Low,369,25.0,53.0,Ambient,Normal,Metallized_PET_PE,71,Very_Low,Very_Low,No
F01029,Peanuts,Nuts,5.45,49.42,25.94,6.67,Very_Low,197,24.1,73.0,Ambient,Normal,Metallized_PET_PE,81,Very_Low,Very_Low,No
F01030,Cheese,Dairy,38.33,31.72,26.02,5.36,Very_Low,60,4.5,93.0,Chilled,Refrigerated,PA_PE_Vacuum,89,Low,Very_Low,Yes
F01031,Bread,Bakery,39.12,3.86,8.67,5.53,Very_Low,8,24.9,65.0,Ambient,Normal,LDPE_Bag,46,Medium,Medium,No
F01032,Mango,Fresh Produce,81.84,0.43,0.86,4.07,High,22,9.6,72.0,Chilled,Refrigerated,Breathable_PE,38,High,High,Yes
F01033,Carrot,Fresh Produce,89.21,0.13,0.91,5.91,High,27,5.0,73.0,Chilled,Refrigerated,Micro_Perforated_PE,42,High,High,Yes
F01034,Onion,Vegetable,87.07,0.1,1.15,5.59,Low,121,20.2,60.0,Ambient,Normal,Breathable_PP,53,High,Medium,Yes
F01035,Rice,Grain,11.71,0.61,6.89,6.38,Very_Low,375,24.4,44.0,Ambient,Long_Distance,HDPE,86,Low,Low,No
F01036,Wheat Flour,Grain,11.63,1.59,13.48,6.29,Very_Low,176,24.8,52.0,Ambient,Long_Distance,HDPE,82,Low,Low,No
F01037,Ground Coffee,Beverage,3.48,15.21,13.71,5.12,Very_Low,408,25.1,64.0,Ambient,Long_Distance,High_Barrier_Laminate,93,Very_Low,Very_Low,No
F01038,Butter,Dairy,15.72,82.75,0.99,6.17,Very_Low,123,3.6,82.0,Chilled,Refrigerated,Aluminum_Foil_Laminate,91,Very_Low,Very_Low,No
F01039,Yogurt,Dairy,86.4,2.99,3.99,4.33,Very_Low,30,4.2,77.0,Chilled,Refrigerated,PP_Cup_Foil_Lid,49,Medium,Low,Yes
F01040,Fish,Seafood,74.69,5.12,21.03,6.12,Very_Low,6,1.9,77.0,Chilled,Refrigerated,PA_PE_Vacuum,91,Low,Very_Low,Yes
F01041,Potato Chips,Snacks,1.86,30.05,5.63,5.94,Very_Low,198,25.3,60.0,Ambient,Normal,Metallized_PET_PE,78,Low,Very_Low,Yes
F01042,Milk Powder,Dairy,3.92,25.04,26.44,6.52,Very_Low,326,24.8,67.0,Ambient,Normal,Aluminum_Laminate,98,Very_Low,Very_Low,No
F01043,Tomato,Fresh Produce,95.37,0.29,1.01,4.25,High,14,5.0,86.0,Chilled,Refrigerated,Micro_Perforated_PE,47,High,High,Yes
F01044,Apple,Fresh Produce,89.61,0.15,0.33,3.58,High,58,4.8,86.0,Chilled,Refrigerated,Micro_Perforated_PE,36,High,High,Yes
F01045,Biscuits,Bakery,3.87,17.59,7.15,6.82,Very_Low,185,25.3,52.0,Ambient,Long_Distance,BOPP_PE,56,Low,Low,No
F01046,Fresh Chicken,Meat,72.5,8.2,22.65,5.82,Very_Low,4,4.3,84.0,Chilled,Normal,PA_PE_Vacuum,95,Low,Very_Low,Yes
F01047,Frozen Peas,Frozen Vegetable,78.95,0.37,5.46,6.1,Low,359,-19.4,86.0,Frozen,Long_Distance,PE_Film,63,Medium,Low,Yes
F01048,Coffee Powder,Beverage,2.6,15.4,14.11,4.99,Very_Low,365,25.2,65.0,Ambient,Normal,Metallized_PET_PE,84,Very_Low,Very_Low,No
F01049,Peanuts,Nuts,6.19,48.93,24.26,6.77,Very_Low,184,24.9,71.0,Ambient,Normal,Metallized_PET_PE,89,Very_Low,Very_Low,No
F01050,Cheese,Dairy,37.85,34.39,25.32,5.13,Very_Low,63,3.4,83.0,Chilled,Long_Distance,PA_PE_Vacuum,93,Low,Very_Low,Yes
F01051,Bread,Bakery,36.85,3.98,9.41,5.57,Very_Low,9,25.0,59.0,Ambient,Normal,LDPE_Bag,57,Medium,Medium,No
F01052,Mango,Fresh Produce,84.54,0.38,0.87,3.81,High,21,10.1,89.0,Chilled,Refrigerated,Breathable_PE,47,High,High,Yes
F01053,Carrot,Fresh Produce,89.33,0.13,0.74,6.05,High,29,4.8,79.0,Chilled,Normal,Micro_Perforated_PE,41,High,High,Yes
F01054,Onion,Vegetable,90.8,0.09,1.26,5.46,Low,111,19.9,57.0,Ambient,Normal,Breathable_PP,43,High,Medium,Yes
F01055,Rice,Grain,11.95,0.7,6.82,6.66,Very_Low,381,24.2,62.0,Ambient,Long_Distance,HDPE,80,Low,Low,No
F01056,Wheat Flour,Grain,12.35,1.66,12.73,6.2,Very_Low,187,25.5,63.0,Ambient,Normal,HDPE,70,Low,Low,No
F01057,Ground Coffee,Beverage,2.98,15.19,14.16,5.12,Very_Low,383,25.0,56.0,Ambient,Long_Distance,High_Barrier_Laminate,94,Very_Low,Very_Low,No
F01058,Butter,Dairy,15.71,80.65,0.98,6.1,Very_Low,123,3.9,95.0,Chilled,Normal,Aluminum_Foil_Laminate,87,Very_Low,Very_Low,No
F01059,Yogurt,Dairy,88.93,2.92,3.96,4.2,Very_Low,29,4.1,95.0,Chilled,Refrigerated,PP_Cup_Foil_Lid,58,Medium,Low,Yes
F01060,Fish,Seafood,74.98,4.96,20.29,6.06,Very_Low,5,2.2,85.0,Chilled,Refrigerated,PA_PE_Vacuum,97,Low,Very_Low,Yes
F01061,Potato Chips,Snacks,1.45,29.27,5.94,6.12,Very_Low,181,25.2,74.0,Ambient,Normal,Metallized_PET_PE,82,Low,Very_Low,Yes
F01062,Milk Powder,Dairy,3.92,25.96,25.83,6.63,Very_Low,360,25.0,61.0,Ambient,Long_Distance,Aluminum_Laminate,100,Very_Low,Very_Low,No
F01063,Tomato,Fresh Produce,91.98,0.14,1.15,4.15,High,14,4.4,77.0,Chilled,Long_Distance,Micro_Perforated_PE,32,High,High,Yes
F01064,Apple,Fresh Produce,86.43,0.25,0.38,3.34,High,59,5.5,82.0,Chilled,Normal,Micro_Perforated_PE,41,High,High,Yes
F01065,Biscuits,Bakery,4.53,17.69,7.09,6.86,Very_Low,172,25.6,62.0,Ambient,Long_Distance,BOPP_PE,66,Low,Low,No
F01066,Fresh Chicken,Meat,71.55,7.97,23.68,5.81,Very_Low,4,4.4,90.0,Chilled,Long_Distance,PA_PE_Vacuum,91,Low,Very_Low,Yes
F01067,Frozen Peas,Frozen Vegetable,78.72,0.43,5.62,6.15,Low,402,-16.0,83.0,Frozen,Long_Distance,PE_Film,67,Medium,Low,Yes
F01068,Coffee Powder,Beverage,3.56,14.82,14.44,5.0,Very_Low,350,24.9,59.0,Ambient,Normal,Metallized_PET_PE,83,Very_Low,Very_Low,No
F01069,Peanuts,Nuts,5.91,48.84,25.8,6.54,Very_Low,193,24.7,48.0,Ambient,Long_Distance,Metallized_PET_PE,87,Very_Low,Very_Low,No
F01070,Cheese,Dairy,38.48,32.27,26.06,5.2,Very_Low,57,4.7,75.0,Chilled,Refrigerated,PA_PE_Vacuum,86,Low,Very_Low,Yes
F01071,Bread,Bakery,37.41,4.14,8.83,5.35,Very_Low,8,26.0,53.0,Ambient,Normal,LDPE_Bag,56,Medium,Medium,No
F01072,Mango,Fresh Produce,84.39,0.38,0.52,3.87,High,21,8.6,85.0,Chilled,Normal,Breathable_PE,43,High,High,Yes
F01073,Carrot,Fresh Produce,91.78,0.25,0.89,6.15,High,30,5.8,79.0,Chilled,Refrigerated,Micro_Perforated_PE,34,High,High,Yes
F01074,Onion,Vegetable,86.25,0.0,1.2,5.29,Low,121,20.0,60.0,Ambient,Normal,Breathable_PP,57,High,Medium,Yes
F01075,Rice,Grain,11.93,0.65,6.89,6.55,Very_Low,377,25.1,67.0,Ambient,Long_Distance,HDPE,83,Low,Low,No
F01076,Wheat Flour,Grain,11.87,1.5,13.51,6.01,Very_Low,165,25.0,66.0,Ambient,Normal,HDPE,78,Low,Low,No
F01077,Ground Coffee,Beverage,2.91,15.9,13.88,5.08,Very_Low,378,24.8,60.0,Ambient,Normal,High_Barrier_Laminate,97,Very_Low,Very_Low,No
F01078,Butter,Dairy,15.58,83.11,0.96,6.18,Very_Low,124,4.2,89.0,Chilled,Refrigerated,Aluminum_Foil_Laminate,91,Very_Low,Very_Low,No
F01079,Yogurt,Dairy,86.79,2.96,3.97,4.44,Very_Low,30,4.0,71.0,Chilled,Refrigerated,PP_Cup_Foil_Lid,52,Medium,Low,Yes
F01080,Fish,Seafood,77.57,5.29,18.95,6.16,Very_Low,3,1.2,71.0,Chilled,Refrigerated,PA_PE_Vacuum,93,Low,Very_Low,Yes
F01081,Potato Chips,Snacks,2.13,29.29,6.19,6.29,Very_Low,180,25.7,59.0,Ambient,Long_Distance,Metallized_PET_PE,79,Low,Very_Low,Yes
F01082,Milk Powder,Dairy,3.93,25.96,25.61,6.73,Very_Low,351,25.1,64.0,Ambient,Long_Distance,Aluminum_Laminate,101,Very_Low,Very_Low,No
F01083,Tomato,Fresh Produce,98.18,0.18,0.97,4.03,High,15,4.5,73.0,Chilled,Long_Distance,Micro_Perforated_PE,31,High,High,Yes
F01084,Apple,Fresh Produce,88.02,0.05,0.15,3.52,High,59,4.7,70.0,Chilled,Normal,Micro_Perforated_PE,40,High,High,Yes
F01085,Biscuits,Bakery,3.95,18.08,6.92,7.03,Very_Low,195,24.8,55.0,Ambient,Long_Distance,BOPP_PE,56,Low,Low,No
F01086,Fresh Chicken,Meat,71.75,8.06,22.7,5.56,Very_Low,4,4.0,77.0,Chilled,Long_Distance,PA_PE_Vacuum,88,Low,Very_Low,Yes
F01087,Frozen Peas,Frozen Vegetable,81.7,0.23,5.38,6.18,Low,409,-16.6,73.0,Frozen,Normal,PE_Film,66,Medium,Low,Yes
F01088,Coffee Powder,Beverage,3.07,14.79,13.65,4.87,Very_Low,416,24.9,44.0,Ambient,Normal,Metallized_PET_PE,87,Very_Low,Very_Low,No
F01089,Peanuts,Nuts,6.07,50.87,24.54,6.45,Very_Low,157,25.0,64.0,Ambient,Normal,Metallized_PET_PE,81,Very_Low,Very_Low,No
F01090,Cheese,Dairy,37.8,34.45,26.01,5.31,Very_Low,57,3.4,70.0,Chilled,Refrigerated,PA_PE_Vacuum,87,Low,Very_Low,Yes
F01091,Bread,Bakery,39.46,3.95,9.18,5.52,Very_Low,7,25.4,53.0,Ambient,Normal,LDPE_Bag,50,Medium,Medium,No
F01092,Mango,Fresh Produce,80.71,0.44,1.0,3.88,High,20,9.6,86.0,Chilled,Long_Distance,Breathable_PE,35,High,High,Yes
F01093,Carrot,Fresh Produce,85.13,0.15,1.0,6.12,High,30,4.8,91.0,Chilled,Long_Distance,Micro_Perforated_PE,46,High,High,Yes
F01094,Onion,Vegetable,91.44,0.15,1.09,5.34,Low,118,20.2,51.0,Ambient,Long_Distance,Breathable_PP,50,High,Medium,Yes
F01095,Rice,Grain,11.79,0.8,7.19,6.35,Very_Low,368,25.5,50.0,Ambient,Long_Distance,HDPE,80,Low,Low,No
F01096,Wheat Flour,Grain,11.87,1.46,13.04,5.91,Very_Low,167,25.2,53.0,Ambient,Long_Distance,HDPE,85,Low,Low,No
F01097,Ground Coffee,Beverage,3.57,14.31,13.87,5.03,Very_Low,350,24.6,58.0,Ambient,Long_Distance,High_Barrier_Laminate,91,Very_Low,Very_Low,No
F01098,Butter,Dairy,16.25,82.65,1.01,6.3,Very_Low,121,3.6,83.0,Chilled,Normal,Aluminum_Foil_Laminate,91,Very_Low,Very_Low,No
F01099,Yogurt,Dairy,87.51,2.92,3.77,4.2,Very_Low,27,4.2,82.0,Chilled,Long_Distance,PP_Cup_Foil_Lid,50,Medium,Low,Yes
F01100,Fish,Seafood,76.14,4.95,20.19,6.26,Very_Low,4,2.1,67.0,Chilled,Long_Distance,PA_PE_Vacuum,92,Low,Very_Low,Yes
F01101,Potato Chips,Snacks,2.24,28.73,6.1,6.3,Very_Low,203,24.7,60.0,Ambient,Long_Distance,Metallized_PET_PE,80,Low,Very_Low,Yes
F01102,Milk Powder,Dairy,4.01,25.87,24.71,6.48,Very_Low,385,25.2,75.0,Ambient,Normal,Aluminum_Laminate,95,Very_Low,Very_Low,No
F01103,Tomato,Fresh Produce,95.86,0.13,0.9,4.28,High,16,4.6,71.0,Chilled,Refrigerated,Micro_Perforated_PE,46,High,High,Yes
F01104,Apple,Fresh Produce,86.0,0.09,0.17,3.38,High,58,5.2,78.0,Chilled,Refrigerated,Micro_Perforated_PE,49,High,High,Yes
F01105,Biscuits,Bakery,3.73,18.41,6.96,6.89,Very_Low,184,25.4,62.0,Ambient,Long_Distance,BOPP_PE,64,Low,Low,No
F01106,Fresh Chicken,Meat,72.61,8.09,22.79,5.78,Very_Low,5,3.8,91.0,Chilled,Normal,PA_PE_Vacuum,85,Low,Very_Low,Yes
F01107,Frozen Peas,Frozen Vegetable,80.12,0.5,5.07,6.08,Low,367,-16.4,90.0,Frozen,Long_Distance,PE_Film,72,Medium,Low,Yes
F01108,Coffee Powder,Beverage,3.17,14.82,13.49,4.89,Very_Low,397,25.2,60.0,Ambient,Long_Distance,Metallized_PET_PE,79,Very_Low,Very_Low,No
F01109,Peanuts,Nuts,5.86,50.35,25.19,6.44,Very_Low,176,24.9,59.0,Ambient,Normal,Metallized_PET_PE,80,Very_Low,Very_Low,No
F01110,Cheese,Dairy,37.2,31.64,25.78,5.18,Very_Low,59,3.8,82.0,Chilled,Long_Distance,PA_PE_Vacuum,91,Low,Very_Low,Yes
F01111,Bread,Bakery,37.7,4.11,8.94,5.64,Very_Low,7,25.0,67.0,Ambient,Long_Distance,LDPE_Bag,53,Medium,Medium,No
F01112,Mango,Fresh Produce,81.96,0.41,0.94,3.79,High,20,9.7,81.0,Chilled,Long_Distance,Breathable_PE,44,High,High,Yes
F01113,Carrot,Fresh Produce,88.16,0.12,0.93,6.08,High,29,5.1,85.0,Chilled,Refrigerated,Micro_Perforated_PE,45,High,High,Yes
F01114,Onion,Vegetable,90.68,0.07,1.06,5.56,Low,116,20.1,57.0,Ambient,Long_Distance,Breathable_PP,52,High,Medium,Yes
F01115,Rice,Grain,12.36,0.6,7.21,6.57,Very_Low,367,24.1,71.0,Ambient,Long_Distance,HDPE,75,Low,Low,No
F01116,Wheat Flour,Grain,11.36,1.5,13.11,6.29,Very_Low,181,25.5,64.0,Ambient,Long_Distance,HDPE,78,Low,Low,No
F01117,Ground Coffee,Beverage,2.82,14.74,13.74,5.25,Very_Low,392,25.4,56.0,Ambient,Long_Distance,High_Barrier_Laminate,89,Very_Low,Very_Low,No
F01118,Butter,Dairy,16.47,77.76,1.08,6.3,Very_Low,128,4.0,76.0,Chilled,Long_Distance,Aluminum_Foil_Laminate,89,Very_Low,Very_Low,No
F01119,Yogurt,Dairy,83.96,3.04,3.96,4.37,Very_Low,29,4.8,95.0,Chilled,Long_Distance,PP_Cup_Foil_Lid,54,Medium,Low,Yes
F01120,Fish,Seafood,70.52,4.85,20.59,6.17,Very_Low,5,1.3,95.0,Chilled,Refrigerated,PA_PE_Vacuum,96,Low,Very_Low,Yes
F01121,Potato Chips,Snacks,1.66,29.48,5.98,6.11,Very_Low,188,24.6,70.0,Ambient,Long_Distance,Metallized_PET_PE,83,Low,Very_Low,Yes
F01122,Milk Powder,Dairy,4.11,26.82,25.64,6.55,Very_Low,372,25.3,51.0,Ambient,Long_Distance,Aluminum_Laminate,109,Very_Low,Very_Low,No
F01123,Tomato,Fresh Produce,99.28,0.13,0.98,4.24,High,14,5.0,86.0,Chilled,Long_Distance,Micro_Perforated_PE,42,High,High,Yes
F01124,Apple,Fresh Produce,89.03,0.19,0.37,3.59,High,58,4.0,87.0,Chilled,Long_Distance,Micro_Perforated_PE,40,High,High,Yes
F01125,Biscuits,Bakery,3.94,18.18,7.48,6.91,Very_Low,172,24.5,69.0,Ambient,Long_Distance,BOPP_PE,56,Low,Low,No
F01126,Fresh Chicken,Meat,72.84,8.29,23.13,5.69,Very_Low,7,3.9,83.0,Chilled,Normal,PA_PE_Vacuum,83,Low,Very_Low,Yes
F01127,Frozen Peas,Frozen Vegetable,78.26,0.34,5.32,5.87,Low,372,-18.8,72.0,Frozen,Normal,PE_Film,74,Medium,Low,Yes
F01128,Coffee Powder,Beverage,3.45,15.05,14.12,5.14,Very_Low,376,24.9,65.0,Ambient,Long_Distance,Metallized_PET_PE,77,Very_Low,Very_Low,No
F01129,Peanuts,Nuts,6.3,49.47,25.25,6.69,Very_Low,168,24.3,58.0,Ambient,Normal,Metallized_PET_PE,80,Very_Low,Very_Low,No
F01130,Cheese,Dairy,38.28,33.06,25.88,5.22,Very_Low,67,4.2,95.0,Chilled,Normal,PA_PE_Vacuum,89,Low,Very_Low,Yes
F01131,Bread,Bakery,38.81,4.18,8.24,5.55,Very_Low,6,25.2,61.0,Ambient,Long_Distance,LDPE_Bag,53,Medium,Medium,No
F01132,Mango,Fresh Produce,83.85,0.52,0.67,4.0,High,22,10.5,90.0,Chilled,Refrigerated,Breathable_PE,33,High,High,Yes
F01133,Carrot,Fresh Produce,87.01,0.0,0.83,6.04,High,29,4.9,95.0,Chilled,Refrigerated,Micro_Perforated_PE,40,High,High,Yes
F01134,Onion,Vegetable,84.25,0.0,1.17,5.45,Low,113,19.7,55.0,Ambient,Normal,Breathable_PP,45,High,Medium,Yes
F01135,Rice,Grain,12.15,0.7,7.07,6.53,Very_Low,386,25.3,61.0,Ambient,Long_Distance,HDPE,88,Low,Low,No
F01136,Wheat Flour,Grain,11.67,1.62,13.22,6.11,Very_Low,168,25.3,72.0,Ambient,Normal,HDPE,78,Low,Low,No
F01137,Ground Coffee,Beverage,2.88,14.95,14.54,4.81,Very_Low,347,25.6,71.0,Ambient,Long_Distance,High_Barrier_Laminate,87,Very_Low,Very_Low,No
F01138,Butter,Dairy,16.22,81.36,0.88,6.27,Very_Low,125,4.7,95.0,Chilled,Long_Distance,Aluminum_Foil_Laminate,92,Very_Low,Very_Low,No
F01139,Yogurt,Dairy,82.9,2.85,4.0,4.44,Very_Low,31,3.8,95.0,Chilled,Refrigerated,PP_Cup_Foil_Lid,49,Medium,Low,Yes
F01140,Fish,Seafood,72.89,4.83,19.84,5.98,Very_Low,4,1.1,85.0,Chilled,Long_Distance,PA_PE_Vacuum,91,Low,Very_Low,Yes
F01141,Potato Chips,Snacks,2.34,28.97,5.93,6.03,Very_Low,179,25.2,49.0,Ambient,Long_Distance,Metallized_PET_PE,82,Low,Very_Low,Yes
F01142,Milk Powder,Dairy,4.17,24.74,26.79,6.76,Very_Low,375,24.5,57.0,Ambient,Long_Distance,Aluminum_Laminate,106,Very_Low,Very_Low,No
F01143,Tomato,Fresh Produce,93.9,0.24,0.77,4.44,High,15,4.4,95.0,Chilled,Refrigerated,Micro_Perforated_PE,39,High,High,Yes
F01144,Apple,Fresh Produce,87.2,0.09,0.26,3.57,High,61,4.0,89.0,Chilled,Long_Distance,Micro_Perforated_PE,37,High,High,Yes
F01145,Biscuits,Bakery,3.96,17.38,6.86,7.14,Very_Low,176,25.1,51.0,Ambient,Long_Distance,BOPP_PE,62,Low,Low,No
F01146,Fresh Chicken,Meat,71.41,8.31,22.16,5.83,Very_Low,5,4.4,82.0,Chilled,Refrigerated,PA_PE_Vacuum,91,Low,Very_Low,Yes
F01147,Frozen Peas,Frozen Vegetable,73.04,0.33,5.51,6.11,Low,375,-18.1,91.0,Frozen,Normal,PE_Film,64,Medium,Low,Yes
F01148,Coffee Powder,Beverage,3.11,14.75,13.87,4.89,Very_Low,393,25.3,75.0,Ambient,Normal,Metallized_PET_PE,91,Very_Low,Very_Low,No
F01149,Peanuts,Nuts,5.53,48.12,25.62,6.54,Very_Low,182,24.5,55.0,Ambient,Normal,Metallized_PET_PE,86,Very_Low,Very_Low,No
F01150,Cheese,Dairy,37.34,33.17,24.09,5.3,Very_Low,55,5.0,91.0,Chilled,Long_Distance,PA_PE_Vacuum,104,Low,Very_Low,Yes
F01151,Bread,Bakery,36.49,4.05,8.99,5.57,Very_Low,6,24.7,65.0,Ambient,Long_Distance,LDPE_Bag,47,Medium,Medium,No
F01152,Mango,Fresh Produce,81.46,0.4,0.69,4.04,High,22,10.1,84.0,Chilled,Long_Distance,Breathable_PE,37,High,High,Yes
F01153,Carrot,Fresh Produce,87.65,0.35,1.04,6.04,High,27,5.4,86.0,Chilled,Long_Distance,Micro_Perforated_PE,38,High,High,Yes
F01154,Onion,Vegetable,87.13,0.05,1.03,5.62,Low,115,19.6,61.0,Ambient,Long_Distance,Breathable_PP,44,High,Medium,Yes
F01155,Rice,Grain,11.56,0.68,7.08,6.46,Very_Low,374,26.0,49.0,Ambient,Long_Distance,HDPE,70,Low,Low,No
F01156,Wheat Flour,Grain,11.87,1.48,13.1,6.13,Very_Low,173,25.3,54.0,Ambient,Normal,HDPE,79,Low,Low,No
F01157,Ground Coffee,Beverage,2.47,15.37,14.8,5.02,Very_Low,369,24.6,58.0,Ambient,Normal,High_Barrier_Laminate,93,Very_Low,Very_Low,No
F01158,Butter,Dairy,16.62,81.6,1.04,6.25,Very_Low,113,4.7,81.0,Chilled,Long_Distance,Aluminum_Foil_Laminate,94,Very_Low,Very_Low,No
F01159,Yogurt,Dairy,84.98,2.9,4.04,4.51,Very_Low,30,4.4,92.0,Chilled,Refrigerated,PP_Cup_Foil_Lid,50,Medium,Low,Yes
F01160,Fish,Seafood,73.62,4.83,19.93,6.24,Very_Low,3,2.7,75.0,Chilled,Refrigerated,PA_PE_Vacuum,88,Low,Very_Low,Yes
F01161,Potato Chips,Snacks,2.1,30.68,6.27,6.37,Very_Low,174,24.2,54.0,Ambient,Normal,Metallized_PET_PE,85,Low,Very_Low,Yes
F01162,Milk Powder,Dairy,4.28,26.29,25.13,6.6,Very_Low,383,24.4,65.0,Ambient,Normal,Aluminum_Laminate,112,Very_Low,Very_Low,No
F01163,Tomato,Fresh Produce,98.3,0.24,1.0,4.2,High,13,4.1,93.0,Chilled,Long_Distance,Micro_Perforated_PE,43,High,High,Yes
F01164,Apple,Fresh Produce,87.56,0.29,0.31,3.42,High,60,5.0,86.0,Chilled,Normal,Micro_Perforated_PE,35,High,High,Yes
F01165,Biscuits,Bakery,3.77,17.86,6.82,7.02,Very_Low,190,24.8,71.0,Ambient,Normal,BOPP_PE,65,Low,Low,No
F01166,Fresh Chicken,Meat,72.11,8.03,23.22,5.9,Very_Low,4,3.0,80.0,Chilled,Refrigerated,PA_PE_Vacuum,99,Low,Very_Low,Yes
F01167,Frozen Peas,Frozen Vegetable,80.1,0.51,5.8,6.07,Low,348,-18.3,89.0,Frozen,Normal,PE_Film,58,Medium,Low,Yes
F01168,Coffee Powder,Beverage,2.9,15.24,14.2,4.97,Very_Low,353,25.1,71.0,Ambient,Long_Distance,Metallized_PET_PE,84,Very_Low,Very_Low,No
F01169,Peanuts,Nuts,6.5,49.72,24.35,6.48,Very_Low,180,24.7,54.0,Ambient,Normal,Metallized_PET_PE,81,Very_Low,Very_Low,No
F01170,Cheese,Dairy,36.55,32.99,25.05,5.11,Very_Low,57,4.4,91.0,Chilled,Refrigerated,PA_PE_Vacuum,93,Low,Very_Low,Yes
F01171,Bread,Bakery,38.51,4.2,9.21,5.37,Very_Low,7,24.9,62.0,Ambient,Long_Distance,LDPE_Bag,55,Medium,Medium,No
F01172,Mango,Fresh Produce,82.81,0.32,0.62,3.95,High,22,9.6,85.0,Chilled,Long_Distance,Breathable_PE,39,High,High,Yes
F01173,Carrot,Fresh Produce,89.46,0.05,1.02,6.16,High,27,4.6,88.0,Chilled,Long_Distance,Micro_Perforated_PE,43,High,High,Yes
F01174,Onion,Vegetable,85.64,0.09,1.22,5.75,Low,126,19.8,70.0,Ambient,Long_Distance,Breathable_PP,55,High,Medium,Yes
F01175,Rice,Grain,12.23,0.78,7.17,6.39,Very_Low,354,25.7,60.0,Ambient,Long_Distance,HDPE,73,Low,Low,No
F01176,Wheat Flour,Grain,12.11,1.61,12.69,6.18,Very_Low,172,25.4,60.0,Ambient,Normal,HDPE,81,Low,Low,No
F01177,Ground Coffee,Beverage,3.23,15.66,14.1,4.97,Very_Low,334,25.0,66.0,Ambient,Long_Distance,High_Barrier_Laminate,95,Very_Low,Very_Low,No
F01178,Butter,Dairy,16.27,82.96,0.94,6.2,Very_Low,111,4.9,93.0,Chilled,Refrigerated,Aluminum_Foil_Laminate,83,Very_Low,Very_Low,No
F01179,Yogurt,Dairy,84.75,3.01,4.1,4.52,Very_Low,30,3.7,87.0,Chilled,Refrigerated,PP_Cup_Foil_Lid,53,Medium,Low,Yes
F01180,Fish,Seafood,73.92,5.05,19.59,6.07,Very_Low,4,1.3,95.0,Chilled,Normal,PA_PE_Vacuum,93,Low,Very_Low,Yes
F01181,Potato Chips,Snacks,1.93,28.49,6.09,6.03,Very_Low,181,25.1,67.0,Ambient,Normal,Metallized_PET_PE,89,Low,Very_Low,Yes
F01182,Milk Powder,Dairy,3.8,27.01,26.81,6.95,Very_Low,360,24.7,63.0,Ambient,Normal,Aluminum_Laminate,102,Very_Low,Very_Low,No
F01183,Tomato,Fresh Produce,95.38,0.15,0.86,4.43,High,14,5.2,77.0,Chilled,Refrigerated,Micro_Perforated_PE,38,High,High,Yes
F01184,Apple,Fresh Produce,86.84,0.02,0.13,3.44,High,57,4.8,87.0,Chilled,Refrigerated,Micro_Perforated_PE,46,High,High,Yes
F01185,Biscuits,Bakery,3.87,17.38,6.48,6.88,Very_Low,179,25.8,65.0,Ambient,Long_Distance,BOPP_PE,62,Low,Low,No
F01186,Fresh Chicken,Meat,74.82,7.78,22.56,6.01,Very_Low,5,5.0,83.0,Chilled,Normal,PA_PE_Vacuum,103,Low,Very_Low,Yes
F01187,Frozen Peas,Frozen Vegetable,83.02,0.38,5.69,5.96,Low,368,-18.3,80.0,Frozen,Long_Distance,PE_Film,73,Medium,Low,Yes
F01188,Coffee Powder,Beverage,2.98,14.56,14.26,5.17,Very_Low,361,24.6,61.0,Ambient,Normal,Metallized_PET_PE,80,Very_Low,Very_Low,No
F01189,Peanuts,Nuts,6.14,45.0,25.12,6.36,Very_Low,183,24.5,53.0,Ambient,Normal,Metallized_PET_PE,79,Very_Low,Very_Low,No
F01190,Cheese,Dairy,35.94,34.87,23.92,5.23,Very_Low,60,4.0,95.0,Chilled,Normal,PA_PE_Vacuum,77,Low,Very_Low,Yes
F01191,Bread,Bakery,36.65,4.27,8.95,5.36,Very_Low,7,25.0,47.0,Ambient,Normal,LDPE_Bag,50,Medium,Medium,No
F01192,Mango,Fresh Produce,82.3,0.44,0.67,3.85,High,19,10.3,87.0,Chilled,Long_Distance,Breathable_PE,36,High,High,Yes
F01193,Carrot,Fresh Produce,88.62,0.19,0.65,6.06,High,32,5.1,76.0,Chilled,Refrigerated,Micro_Perforated_PE,37,High,High,Yes
F01194,Onion,Vegetable,88.38,0.22,1.11,5.42,Low,136,20.7,61.0,Ambient,Long_Distance,Breathable_PP,54,High,Medium,Yes
F01195,Rice,Grain,12.2,0.62,7.05,6.66,Very_Low,346,25.0,58.0,Ambient,Normal,HDPE,77,Low,Low,No
F01196,Wheat Flour,Grain,11.82,1.54,13.05,5.99,Very_Low,195,24.7,38.0,Ambient,Long_Distance,HDPE,78,Low,Low,No
F01197,Ground Coffee,Beverage,3.32,14.99,13.86,5.07,Very_Low,370,25.5,70.0,Ambient,Long_Distance,High_Barrier_Laminate,92,Very_Low,Very_Low,No
F01198,Butter,Dairy,15.51,83.88,0.83,6.27,Very_Low,129,3.7,90.0,Chilled,Refrigerated,Aluminum_Foil_Laminate,88,Very_Low,Very_Low,No
F01199,Yogurt,Dairy,85.75,3.01,4.13,4.4,Very_Low,29,3.3,84.0,Chilled,Long_Distance,PP_Cup_Foil_Lid,53,Medium,Low,Yes
F01200,Fish,Seafood,76.68,4.59,20.71,6.26,Very_Low,6,1.9,68.0,Chilled,Long_Distance,PA_PE_Vacuum,92,Low,Very_Low,Yes
F01201,Frozen Peas,Frozen Vegetable,80.16,0.0,5.27,5.86,Low,373,-18.4,71.29,Frozen,Normal,PE_Film,75,Medium,Low,Yes
F01202,Potato Chips,Snacks,2.96,31.05,5.98,6.28,Very_Low,168,25.3,68.99,Ambient,Long_Distance,Metallized_PET_PE,89,Low,Very_Low,Yes
F01203,Bread,Bakery,37.13,3.65,8.07,5.56,Very_Low,1,24.9,60.86,Ambient,Long_Distance,LDPE_Bag,53,Medium,Medium,No
F01204,Wheat Flour,Grain,15.04,1.09,12.69,5.86,Very_Low,172,26.4,52.35,Ambient,Long_Distance,HDPE,86,Low,Low,No
F01205,Biscuits,Bakery,3.38,17.24,7.6,6.76,Very_Low,190,25.8,51.96,Ambient,Long_Distance,BOPP_PE,56,Low,Low,No
F01206,Milk Powder,Dairy,4.28,27.11,25.7,6.99,Very_Low,364,24.3,54.96,Ambient,Normal,Aluminum_Laminate,94,Very_Low,Very_Low,No
F01207,Frozen Peas,Frozen Vegetable,78.68,0.0,5.59,6.03,Low,380,-17.7,85.32,Frozen,Normal,PE_Film,74,Medium,Low,Yes
F01208,Bread,Bakery,35.5,2.85,9.53,5.6,Very_Low,1,24.7,55.56,Ambient,Normal,LDPE_Bag,41,Medium,Medium,No
F01209,Coffee Powder,Beverage,4.95,16.66,14.22,5.06,Very_Low,357,25.0,45.36,Ambient,Normal,Metallized_PET_PE,77,Very_Low,Very_Low,No
F01210,Apple,Fresh Produce,91.02,0.6,0.2,3.54,High,56,2.6,87.79,Chilled,Long_Distance,Micro_Perforated_PE,41,High,High,Yes
F01211,Mango,Fresh Produce,81.76,1.13,1.27,3.99,High,16,10.5,73.9,Chilled,Normal,Breathable_PE,40,High,High,Yes
F01212,Bread,Bakery,42.64,4.15,8.2,5.18,Very_Low,8,24.6,43.03,Ambient,Long_Distance,LDPE_Bag,50,Medium,Medium,No
F01213,Cheese,Dairy,36.34,33.51,24.62,5.05,Very_Low,71,4.2,89.31,Chilled,Normal,PA_PE_Vacuum,85,Low,Very_Low,Yes
F01214,Apple,Fresh Produce,86.66,0.69,0.0,3.5,High,54,3.8,75.16,Chilled,Refrigerated,Micro_Perforated_PE,46,High,High,Yes
F01215,Fresh Chicken,Meat,73.36,8.99,23.22,5.8,Very_Low,1,4.7,74.97,Chilled,Long_Distance,PA_PE_Vacuum,92,Low,Very_Low,Yes
F01216,Fresh Chicken,Meat,73.18,8.69,22.72,5.91,Very_Low,9,4.2,83.8,Chilled,Refrigerated,PA_PE_Vacuum,96,Low,Very_Low,Yes
F01217,Wheat Flour,Grain,13.84,1.46,13.62,5.97,Very_Low,171,24.2,57.66,Ambient,Long_Distance,HDPE,81,Low,Low,No
F01218,Ground Coffee,Beverage,8.86,16.6,14.04,4.93,Very_Low,343,24.2,64.18,Ambient,Normal,High_Barrier_Laminate,93,Very_Low,Very_Low,No
F01219,Biscuits,Bakery,3.2,14.86,6.37,6.94,Very_Low,172,25.9,65.26,Ambient,Long_Distance,BOPP_PE,61,Low,Low,No
F01220,Fish,Seafood,73.76,6.04,19.57,6.22,Very_Low,2,2.0,70.4,Chilled,Refrigerated,PA_PE_Vacuum,98,Low,Very_Low,Yes
F01221,Milk Powder,Dairy,2.99,24.96,26.93,6.52,Very_Low,377,26.3,81.49,Ambient,Long_Distance,Aluminum_Laminate,100,Very_Low,Very_Low,No
F01222,Carrot,Fresh Produce,91.21,0.8,1.37,5.92,High,40,5.8,82.7,Chilled,Refrigerated,Micro_Perforated_PE,43,High,High,Yes
F01223,Coffee Powder,Beverage,6.26,14.19,13.17,4.75,Very_Low,340,25.6,72.38,Ambient,Normal,Metallized_PET_PE,77,Very_Low,Very_Low,No
F01224,Ground Coffee,Beverage,1.05,13.45,13.79,4.82,Very_Low,346,25.2,53.92,Ambient,Normal,High_Barrier_Laminate,87,Very_Low,Very_Low,No
F01225,Rice,Grain,9.93,0.89,6.87,6.44,Very_Low,370,24.5,61.2,Ambient,Long_Distance,HDPE,75,Low,Low,No
F01226,Tomato,Fresh Produce,98.02,0.0,1.01,4.02,High,5,3.9,73.81,Chilled,Long_Distance,Micro_Perforated_PE,30,High,High,Yes
F01227,Bread,Bakery,38.72,3.58,9.27,5.42,Very_Low,12,25.2,64.99,Ambient,Long_Distance,LDPE_Bag,49,Medium,Medium,No
F01228,Fish,Seafood,74.23,4.2,19.69,6.48,Very_Low,1,1.6,90.92,Chilled,Refrigerated,PA_PE_Vacuum,85,Low,Very_Low,Yes
F01229,Wheat Flour,Grain,12.91,1.54,12.88,6.31,Very_Low,206,25.1,57.51,Ambient,Long_Distance,HDPE,84,Low,Low,No
F01230,Cheese,Dairy,36.98,33.0,23.98,5.19,Very_Low,63,4.8,95.26,Chilled,Long_Distance,PA_PE_Vacuum,83,Low,Very_Low,Yes
F01231,Butter,Dairy,17.55,77.23,1.11,6.08,Very_Low,117,2.7,87.08,Chilled,Long_Distance,Aluminum_Foil_Laminate,92,Very_Low,Very_Low,No
F01232,Frozen Peas,Frozen Vegetable,79.38,0.62,4.98,6.14,Low,366,-19.3,88.72,Frozen,Long_Distance,PE_Film,65,Medium,Low,Yes
F01233,Butter,Dairy,14.7,78.49,1.48,6.08,Very_Low,121,2.0,87.91,Chilled,Long_Distance,Aluminum_Foil_Laminate,95,Very_Low,Very_Low,No
F01234,Tomato,Fresh Produce,95.49,0.0,1.83,4.21,High,11,4.0,89.23,Chilled,Normal,Micro_Perforated_PE,36,High,High,Yes
F01235,Mango,Fresh Produce,87.42,0.0,1.07,3.83,High,29,10.5,64.98,Chilled,Normal,Breathable_PE,42,High,High,Yes
F01236,Rice,Grain,14.32,2.08,7.06,6.49,Very_Low,376,26.4,49.69,Ambient,Long_Distance,HDPE,70,Low,Low,No
F01237,Frozen Peas,Frozen Vegetable,75.51,0.3,5.01,6.07,Low,390,-16.6,79.05,Frozen,Long_Distance,PE_Film,67,Medium,Low,Yes
F01238,Potato Chips,Snacks,4.7,30.18,6.09,6.11,Very_Low,171,25.7,62.83,Ambient,Normal,Metallized_PET_PE,71,Low,Very_Low,Yes
F01239,Potato Chips,Snacks,0.8,32.3,6.66,6.12,Very_Low,181,26.3,55.67,Ambient,Normal,Metallized_PET_PE,83,Low,Very_Low,Yes
F01240,Frozen Peas,Frozen Vegetable,77.5,0.0,6.09,6.21,Low,369,-15.3,82.81,Frozen,Normal,PE_Film,70,Medium,Low,Yes
F01241,Coffee Powder,Beverage,3.54,14.31,14.19,4.86,Very_Low,377,25.8,53.45,Ambient,Normal,Metallized_PET_PE,81,Very_Low,Very_Low,No
F01242,Potato Chips,Snacks,1.39,30.44,6.57,6.3,Very_Low,182,25.6,62.55,Ambient,Normal,Metallized_PET_PE,82,Low,Very_Low,Yes
F01243,Wheat Flour,Grain,14.79,0.0,12.76,5.95,Very_Low,175,25.3,50.55,Ambient,Normal,HDPE,86,Low,Low,No
F01244,Onion,Vegetable,85.86,0.0,0.64,5.36,Low,132,20.4,63.2,Ambient,Normal,Breathable_PP,47,High,Medium,Yes
F01245,Milk Powder,Dairy,3.36,24.66,24.06,6.5,Very_Low,393,25.6,67.38,Ambient,Normal,Aluminum_Laminate,106,Very_Low,Very_Low,No
F01246,Ground Coffee,Beverage,5.32,16.6,13.79,4.72,Very_Low,332,25.4,66.15,Ambient,Normal,High_Barrier_Laminate,88,Very_Low,Very_Low,No
F01247,Biscuits,Bakery,3.23,19.34,6.8,6.79,Very_Low,185,26.1,53.09,Ambient,Long_Distance,BOPP_PE,55,Low,Low,No
F01248,Butter,Dairy,16.44,83.55,0.53,6.17,Very_Low,118,2.9,92.65,Chilled,Long_Distance,Aluminum_Foil_Laminate,86,Very_Low,Very_Low,No
F01249,Mango,Fresh Produce,81.0,0.36,1.17,4.11,High,12,9.6,82.01,Chilled,Refrigerated,Breathable_PE,41,High,High,Yes
F01250,Wheat Flour,Grain,15.27,1.47,13.22,6.0,Very_Low,184,25.8,55.27,Ambient,Long_Distance,HDPE,83,Low,Low,No
F01251,Peanuts,Nuts,8.34,52.04,23.37,6.56,Very_Low,178,24.9,51.13,Ambient,Normal,Metallized_PET_PE,76,Very_Low,Very_Low,No
F01252,Wheat Flour,Grain,17.22,0.84,12.88,5.8,Very_Low,193,24.5,56.12,Ambient,Long_Distance,HDPE,83,Low,Low,No
F01253,Rice,Grain,14.11,3.37,7.51,6.53,Very_Low,384,25.1,60.53,Ambient,Normal,HDPE,77,Low,Low,No
F01254,Fresh Chicken,Meat,68.01,8.57,24.33,6.01,Very_Low,1,4.2,85.94,Chilled,Normal,PA_PE_Vacuum,95,Low,Very_Low,Yes
F01255,Biscuits,Bakery,4.97,17.32,6.96,6.87,Very_Low,185,25.6,61.41,Ambient,Long_Distance,BOPP_PE,63,Low,Low,No
F01256,Fresh Chicken,Meat,72.82,10.64,23.15,5.75,Very_Low,11,4.5,86.74,Chilled,Normal,PA_PE_Vacuum,75,Low,Very_Low,Yes
F01257,Milk Powder,Dairy,7.26,25.51,25.78,6.71,Very_Low,343,24.6,58.2,Ambient,Normal,Aluminum_Laminate,108,Very_Low,Very_Low,No
F01258,Fresh Chicken,Meat,71.68,8.11,23.69,5.68,Very_Low,8,4.0,92.51,Chilled,Normal,PA_PE_Vacuum,86,Low,Very_Low,Yes
F01259,Cheese,Dairy,36.15,34.02,26.14,5.23,Very_Low,72,4.1,93.86,Chilled,Normal,PA_PE_Vacuum,88,Low,Very_Low,Yes
F01260,Tomato,Fresh Produce,95.95,0.0,1.17,4.29,High,13,5.2,94.33,Chilled,Long_Distance,Micro_Perforated_PE,41,High,High,Yes
F01261,Milk Powder,Dairy,3.11,25.6,24.68,6.63,Very_Low,385,26.1,70.25,Ambient,Long_Distance,Aluminum_Laminate,103,Very_Low,Very_Low,No
F01262,Cheese,Dairy,33.21,34.54,23.62,5.18,Very_Low,67,4.0,80.64,Chilled,Refrigerated,PA_PE_Vacuum,87,Low,Very_Low,Yes
F01263,Milk Powder,Dairy,1.25,25.59,25.15,6.29,Very_Low,365,25.6,53.82,Ambient,Long_Distance,Aluminum_Laminate,87,Very_Low,Very_Low,No
F01264,Milk Powder,Dairy,7.63,27.25,26.29,6.73,Very_Low,364,25.0,50.62,Ambient,Normal,Aluminum_Laminate,97,Very_Low,Very_Low,No
F01265,Wheat Flour,Grain,12.62,0.98,12.59,6.38,Very_Low,177,24.5,62.77,Ambient,Long_Distance,HDPE,76,Low,Low,No
F01266,Cheese,Dairy,38.31,34.28,24.68,5.11,Very_Low,68,3.6,90.98,Chilled,Long_Distance,PA_PE_Vacuum,86,Low,Very_Low,Yes
F01267,Wheat Flour,Grain,14.54,3.45,12.31,6.08,Very_Low,164,23.6,59.3,Ambient,Normal,HDPE,87,Low,Low,No
F01268,Wheat Flour,Grain,12.42,1.89,13.11,6.4,Very_Low,187,26.3,50.57,Ambient,Long_Distance,HDPE,82,Low,Low,No
F01269,Ground Coffee,Beverage,1.69,13.76,13.05,5.0,Very_Low,360,23.9,49.93,Ambient,Normal,High_Barrier_Laminate,93,Very_Low,Very_Low,No
F01270,Wheat Flour,Grain,9.17,0.59,12.39,6.12,Very_Low,182,25.0,59.93,Ambient,Normal,HDPE,81,Low,Low,No
F01271,Fish,Seafood,73.7,4.46,19.4,6.18,Very_Low,1,2.2,85.8,Chilled,Long_Distance,PA_PE_Vacuum,92,Low,Very_Low,Yes
F01272,Butter,Dairy,19.26,81.38,0.57,6.04,Very_Low,139,4.2,84.91,Chilled,Refrigerated,Aluminum_Foil_Laminate,94,Very_Low,Very_Low,No
F01273,Yogurt,Dairy,82.64,3.83,4.86,4.47,Very_Low,27,4.4,86.86,Chilled,Long_Distance,PP_Cup_Foil_Lid,47,Medium,Low,Yes
F01274,Ground Coffee,Beverage,3.56,14.72,14.0,5.08,Very_Low,386,25.5,59.27,Ambient,Normal,High_Barrier_Laminate,97,Very_Low,Very_Low,No
F01275,Mango,Fresh Produce,87.62,0.52,1.26,3.87,High,7,9.9,71.37,Chilled,Refrigerated,Breathable_PE,32,High,High,Yes
F01276,Ground Coffee,Beverage,3.44,14.79,15.28,5.08,Very_Low,385,25.3,60.84,Ambient,Normal,High_Barrier_Laminate,100,Very_Low,Very_Low,No
F01277,Apple,Fresh Produce,85.92,0.44,0.0,3.33,High,75,4.9,83.62,Chilled,Long_Distance,Micro_Perforated_PE,40,High,High,Yes
F01278,Coffee Powder,Beverage,3.74,14.14,14.63,4.79,Very_Low,365,24.9,63.19,Ambient,Long_Distance,Metallized_PET_PE,82,Very_Low,Very_Low,No
F01279,Fish,Seafood,76.41,6.17,19.37,6.17,Very_Low,10,2.6,87.06,Chilled,Long_Distance,PA_PE_Vacuum,95,Low,Very_Low,Yes
F01280,Carrot,Fresh Produce,88.81,0.1,0.71,5.93,High,36,4.2,78.07,Chilled,Normal,Micro_Perforated_PE,34,High,High,Yes
F01281,Biscuits,Bakery,2.6,18.07,6.58,6.8,Very_Low,163,25.2,60.51,Ambient,Long_Distance,BOPP_PE,69,Low,Low,No
F01282,Potato Chips,Snacks,2.38,27.69,6.48,6.04,Very_Low,182,24.3,67.14,Ambient,Normal,Metallized_PET_PE,90,Low,Very_Low,Yes
F01283,Rice,Grain,8.73,0.15,6.56,6.23,Very_Low,362,25.4,48.77,Ambient,Long_Distance,HDPE,77,Low,Low,No
F01284,Biscuits,Bakery,0.03,20.97,7.04,6.86,Very_Low,175,25.7,72.43,Ambient,Long_Distance,BOPP_PE,65,Low,Low,No
F01285,Potato Chips,Snacks,1.79,32.9,5.59,6.06,Very_Low,177,24.8,48.1,Ambient,Long_Distance,Metallized_PET_PE,83,Low,Very_Low,Yes
F01286,Carrot,Fresh Produce,88.66,0.28,0.66,6.03,High,29,5.8,86.48,Chilled,Long_Distance,Micro_Perforated_PE,37,High,High,Yes
F01287,Coffee Powder,Beverage,6.17,16.85,14.0,4.96,Very_Low,369,24.6,52.46,Ambient,Normal,Metallized_PET_PE,69,Very_Low,Very_Low,No
F01288,Frozen Peas,Frozen Vegetable,86.18,1.47,5.97,6.19,Low,399,-16.0,72.1,Frozen,Normal,PE_Film,66,Medium,Low,Yes
F01289,Tomato,Fresh Produce,100.0,0.0,0.85,4.22,High,11,4.8,93.11,Chilled,Long_Distance,Micro_Perforated_PE,42,High,High,Yes
F01290,Carrot,Fresh Produce,89.38,0.0,1.73,6.08,High,28,5.5,85.63,Chilled,Refrigerated,Micro_Perforated_PE,47,High,High,Yes
F01291,Mango,Fresh Produce,87.31,1.1,1.75,3.71,High,21,9.8,78.27,Chilled,Long_Distance,Breathable_PE,41,High,High,Yes
F01292,Yogurt,Dairy,82.6,3.11,5.11,4.5,Very_Low,13,5.2,95.07,Chilled,Long_Distance,PP_Cup_Foil_Lid,55,Medium,Low,Yes
F01293,Peanuts,Nuts,5.29,46.93,24.77,6.61,Very_Low,167,24.3,55.51,Ambient,Long_Distance,Metallized_PET_PE,85,Very_Low,Very_Low,No
F01294,Yogurt,Dairy,89.87,3.75,4.28,4.61,Very_Low,18,4.3,84.77,Chilled,Long_Distance,PP_Cup_Foil_Lid,45,Medium,Low,Yes
F01295,Bread,Bakery,39.47,2.5,9.12,5.69,Very_Low,13,23.9,65.55,Ambient,Long_Distance,LDPE_Bag,51,Medium,Medium,No
F01296,Butter,Dairy,13.06,76.86,0.8,6.31,Very_Low,121,4.7,86.87,Chilled,Normal,Aluminum_Foil_Laminate,97,Very_Low,Very_Low,No
F01297,Potato Chips,Snacks,3.58,27.94,6.05,6.06,Very_Low,152,24.2,70.04,Ambient,Long_Distance,Metallized_PET_PE,69,Low,Very_Low,Yes
F01298,Mango,Fresh Produce,85.52,0.0,0.45,3.73,High,30,10.2,87.47,Chilled,Refrigerated,Breathable_PE,47,High,High,Yes
F01299,Rice,Grain,12.63,0.01,6.23,6.58,Very_Low,393,25.0,58.24,Ambient,Long_Distance,HDPE,85,Low,Low,No
F01300,Potato Chips,Snacks,1.8,31.07,6.57,6.41,Very_Low,170,23.9,67.54,Ambient,Long_Distance,Metallized_PET_PE,76,Low,Very_Low,Yes
F01301,Fish,Seafood,74.91,4.26,19.67,6.2,Very_Low,10,1.4,81.17,Chilled,Refrigerated,PA_PE_Vacuum,81,Low,Very_Low,Yes
F01302,Cheese,Dairy,37.68,30.75,24.93,5.21,Very_Low,51,4.7,80.86,Chilled,Long_Distance,PA_PE_Vacuum,102,Low,Very_Low,Yes
F01303,Ground Coffee,Beverage,1.79,15.68,13.78,5.11,Very_Low,377,24.8,54.64,Ambient,Long_Distance,High_Barrier_Laminate,96,Very_Low,Very_Low,No
F01304,Mango,Fresh Produce,85.23,1.91,1.2,3.89,High,32,9.2,84.82,Chilled,Normal,Breathable_PE,42,High,High,Yes
F01305,Tomato,Fresh Produce,93.56,0.87,1.26,4.44,High,6,5.5,73.53,Chilled,Long_Distance,Micro_Perforated_PE,41,High,High,Yes
F01306,Frozen Peas,Frozen Vegetable,77.28,2.25,4.72,6.05,Low,345,-17.2,77.35,Frozen,Normal,PE_Film,71,Medium,Low,Yes
F01307,Biscuits,Bakery,2.77,19.93,6.3,7.2,Very_Low,192,24.7,58.05,Ambient,Normal,BOPP_PE,62,Low,Low,No
F01308,Yogurt,Dairy,82.03,2.47,3.94,4.22,Very_Low,25,4.7,83.96,Chilled,Normal,PP_Cup_Foil_Lid,48,Medium,Low,Yes
F01309,Apple,Fresh Produce,85.13,0.82,0.51,3.52,High,57,5.7,81.03,Chilled,Refrigerated,Micro_Perforated_PE,30,High,High,Yes
F01310,Fresh Chicken,Meat,72.92,8.12,21.78,5.66,Very_Low,22,3.7,94.74,Chilled,Refrigerated,PA_PE_Vacuum,91,Low,Very_Low,Yes
F01311,Potato Chips,Snacks,1.11,30.99,5.82,6.36,Very_Low,187,24.0,55.37,Ambient,Long_Distance,Metallized_PET_PE,87,Low,Very_Low,Yes
F01312,Carrot,Fresh Produce,86.57,0.07,1.05,5.89,High,22,5.2,81.84,Chilled,Normal,Micro_Perforated_PE,36,High,High,Yes
F01313,Tomato,Fresh Produce,96.77,0.0,0.98,4.53,High,14,4.5,69.91,Chilled,Long_Distance,Micro_Perforated_PE,46,High,High,Yes
F01314,Peanuts,Nuts,2.8,50.82,24.86,6.64,Very_Low,184,24.7,73.32,Ambient,Normal,Metallized_PET_PE,82,Very_Low,Very_Low,No
F01315,Tomato,Fresh Produce,93.1,0.55,1.15,4.27,High,1,5.7,72.54,Chilled,Long_Distance,Micro_Perforated_PE,38,High,High,Yes
F01316,Frozen Peas,Frozen Vegetable,83.02,0.0,4.55,6.26,Low,377,-18.1,86.85,Frozen,Long_Distance,PE_Film,77,Medium,Low,Yes
F01317,Butter,Dairy,15.2,81.54,0.8,6.32,Very_Low,128,3.7,82.89,Chilled,Normal,Aluminum_Foil_Laminate,89,Very_Low,Very_Low,No
F01318,Bread,Bakery,39.43,3.22,8.48,5.48,Very_Low,16,25.1,63.83,Ambient,Normal,LDPE_Bag,46,Medium,Medium,No
F01319,Rice,Grain,13.63,0.0,6.58,6.74,Very_Low,329,25.5,76.93,Ambient,Long_Distance,HDPE,81,Low,Low,No
F01320,Carrot,Fresh Produce,90.1,0.0,1.16,5.81,High,27,4.0,80.27,Chilled,Long_Distance,Micro_Perforated_PE,51,High,High,Yes
F01321,Frozen Peas,Frozen Vegetable,81.94,0.71,5.17,6.13,Low,354,-18.0,78.67,Frozen,Long_Distance,PE_Film,70,Medium,Low,Yes
F01322,Yogurt,Dairy,84.22,3.06,3.75,4.36,Very_Low,34,3.7,76.29,Chilled,Refrigerated,PP_Cup_Foil_Lid,50,Medium,Low,Yes
F01323,Mango,Fresh Produce,83.77,0.0,1.3,3.82,High,13,11.1,74.96,Chilled,Normal,Breathable_PE,46,High,High,Yes
F01324,Apple,Fresh Produce,82.77,1.85,0.18,3.59,High,56,5.3,76.64,Chilled,Refrigerated,Micro_Perforated_PE,51,High,High,Yes
F01325,Tomato,Fresh Produce,93.48,0.0,0.65,4.36,High,7,4.4,72.06,Chilled,Long_Distance,Micro_Perforated_PE,36,High,High,Yes
F01326,Apple,Fresh Produce,93.6,0.63,0.2,3.47,High,55,4.7,89.45,Chilled,Refrigerated,Micro_Perforated_PE,34,High,High,Yes
F01327,Potato Chips,Snacks,0.13,30.27,6.31,6.23,Very_Low,177,24.2,61.01,Ambient,Normal,Metallized_PET_PE,81,Low,Very_Low,Yes
F01328,Wheat Flour,Grain,14.32,0.54,13.12,6.18,Very_Low,181,24.4,68.51,Ambient,Normal,HDPE,79,Low,Low,No
F01329,Biscuits,Bakery,4.39,19.06,6.56,6.91,Very_Low,175,24.5,67.69,Ambient,Long_Distance,BOPP_PE,61,Low,Low,No
F01330,Bread,Bakery,35.75,3.76,8.57,5.64,Very_Low,9,23.7,65.63,Ambient,Long_Distance,LDPE_Bag,52,Medium,Medium,No
F01331,Peanuts,Nuts,2.38,48.89,26.14,6.56,Very_Low,196,25.7,59.17,Ambient,Long_Distance,Metallized_PET_PE,82,Very_Low,Very_Low,No
F01332,Rice,Grain,9.37,1.51,7.15,6.68,Very_Low,348,24.8,56.81,Ambient,Normal,HDPE,76,Low,Low,No
F01333,Potato Chips,Snacks,1.06,32.28,5.45,6.04,Very_Low,167,25.4,55.69,Ambient,Long_Distance,Metallized_PET_PE,81,Low,Very_Low,Yes
F01334,Fish,Seafood,74.67,4.47,20.6,6.02,Very_Low,8,2.2,84.83,Chilled,Refrigerated,PA_PE_Vacuum,96,Low,Very_Low,Yes
F01335,Biscuits,Bakery,7.05,20.1,6.74,7.13,Very_Low,187,24.1,67.59,Ambient,Normal,BOPP_PE,54,Low,Low,No
F01336,Apple,Fresh Produce,88.32,0.0,0.0,3.48,High,58,4.9,87.74,Chilled,Refrigerated,Micro_Perforated_PE,46,High,High,Yes
F01337,Cheese,Dairy,35.65,31.53,26.02,5.13,Very_Low,59,3.5,82.17,Chilled,Long_Distance,PA_PE_Vacuum,89,Low,Very_Low,Yes
F01338,Butter,Dairy,16.64,79.28,1.56,6.38,Very_Low,125,3.5,81.59,Chilled,Refrigerated,Aluminum_Foil_Laminate,96,Very_Low,Very_Low,No
F01339,Milk Powder,Dairy,7.04,27.55,26.37,6.27,Very_Low,342,25.2,63.1,Ambient,Long_Distance,Aluminum_Laminate,102,Very_Low,Very_Low,No
F01340,Ground Coffee,Beverage,6.52,16.18,12.95,5.13,Very_Low,347,25.0,69.43,Ambient,Long_Distance,High_Barrier_Laminate,92,Very_Low,Very_Low,No
F01341,Carrot,Fresh Produce,88.38,0.0,0.57,5.81,High,24,5.4,91.07,Chilled,Long_Distance,Micro_Perforated_PE,31,High,High,Yes
F01342,Fresh Chicken,Meat,69.49,8.85,22.98,5.85,Very_Low,10,3.6,82.09,Chilled,Long_Distance,PA_PE_Vacuum,94,Low,Very_Low,Yes
F01343,Wheat Flour,Grain,15.08,1.11,13.82,6.1,Very_Low,193,24.1,58.6,Ambient,Long_Distance,HDPE,75,Low,Low,No
F01344,Mango,Fresh Produce,81.75,0.0,0.8,3.75,High,30,10.7,88.31,Chilled,Refrigerated,Breathable_PE,48,High,High,Yes
F01345,Cheese,Dairy,35.97,32.17,23.44,5.22,Very_Low,46,4.6,95.55,Chilled,Long_Distance,PA_PE_Vacuum,86,Low,Very_Low,Yes
F01346,Carrot,Fresh Produce,92.43,0.0,1.08,6.11,High,37,5.1,86.45,Chilled,Normal,Micro_Perforated_PE,38,High,High,Yes
F01347,Coffee Powder,Beverage,2.52,16.49,14.27,4.97,Very_Low,362,24.6,56.39,Ambient,Long_Distance,Metallized_PET_PE,84,Very_Low,Very_Low,No
F01348,Carrot,Fresh Produce,80.68,0.16,1.43,6.04,High,25,4.4,96.4,Chilled,Refrigerated,Micro_Perforated_PE,43,High,High,Yes
F01349,Cheese,Dairy,36.12,33.12,25.69,5.26,Very_Low,57,4.2,81.3,Chilled,Refrigerated,PA_PE_Vacuum,100,Low,Very_Low,Yes
F01350,Peanuts,Nuts,7.93,50.64,25.38,6.6,Very_Low,201,25.7,50.84,Ambient,Long_Distance,Metallized_PET_PE,69,Very_Low,Very_Low,No
F01351,Butter,Dairy,16.36,85.52,0.0,6.08,Very_Low,138,4.3,72.18,Chilled,Normal,Aluminum_Foil_Laminate,83,Very_Low,Very_Low,No
F01352,Apple,Fresh Produce,84.64,1.72,0.31,3.49,High,53,5.1,80.31,Chilled,Refrigerated,Micro_Perforated_PE,31,High,High,Yes
F01353,Apple,Fresh Produce,91.18,1.64,0.56,3.36,High,67,4.2,71.1,Chilled,Normal,Micro_Perforated_PE,39,High,High,Yes
F01354,Ground Coffee,Beverage,2.22,14.86,14.47,4.73,Very_Low,354,26.2,71.04,Ambient,Long_Distance,High_Barrier_Laminate,88,Very_Low,Very_Low,No
F01355,Milk Powder,Dairy,3.55,24.73,26.18,6.48,Very_Low,342,24.4,56.54,Ambient,Normal,Aluminum_Laminate,101,Very_Low,Very_Low,No
F01356,Apple,Fresh Produce,91.84,0.3,0.24,3.49,High,59,4.1,89.69,Chilled,Refrigerated,Micro_Perforated_PE,36,High,High,Yes
F01357,Ground Coffee,Beverage,3.21,15.27,14.37,4.8,Very_Low,344,25.3,70.95,Ambient,Long_Distance,High_Barrier_Laminate,88,Very_Low,Very_Low,No
F01358,Mango,Fresh Produce,83.88,1.18,1.27,4.35,High,24,10.0,87.81,Chilled,Long_Distance,Breathable_PE,42,High,High,Yes
F01359,Biscuits,Bakery,3.91,18.73,6.77,6.93,Very_Low,170,25.4,61.97,Ambient,Long_Distance,BOPP_PE,64,Low,Low,No
F01360,Yogurt,Dairy,84.3,2.07,3.83,4.23,Very_Low,39,3.7,77.91,Chilled,Long_Distance,PP_Cup_Foil_Lid,54,Medium,Low,Yes
F01361,Carrot,Fresh Produce,87.67,0.0,1.34,6.16,High,16,6.7,73.44,Chilled,Normal,Micro_Perforated_PE,41,High,High,Yes
F01362,Milk Powder,Dairy,5.13,25.24,25.57,6.61,Very_Low,349,25.0,61.25,Ambient,Long_Distance,Aluminum_Laminate,95,Very_Low,Very_Low,No
F01363,Milk Powder,Dairy,1.12,27.93,25.75,6.46,Very_Low,355,26.0,73.28,Ambient,Normal,Aluminum_Laminate,94,Very_Low,Very_Low,No
F01364,Fish,Seafood,73.61,5.61,20.45,6.21,Very_Low,1,1.7,74.17,Chilled,Refrigerated,PA_PE_Vacuum,92,Low,Very_Low,Yes
F01365,Rice,Grain,12.68,1.38,6.71,6.49,Very_Low,357,23.9,51.38,Ambient,Normal,HDPE,86,Low,Low,No
F01366,Biscuits,Bakery,3.39,18.49,7.06,6.84,Very_Low,205,24.3,49.67,Ambient,Normal,BOPP_PE,67,Low,Low,No
F01367,Onion,Vegetable,88.31,0.0,0.23,5.66,Low,127,20.9,60.74,Ambient,Long_Distance,Breathable_PP,45,High,Medium,Yes
F01368,Ground Coffee,Beverage,2.79,14.13,12.76,5.07,Very_Low,389,24.1,59.65,Ambient,Normal,High_Barrier_Laminate,97,Very_Low,Very_Low,No
F01369,Cheese,Dairy,34.8,32.71,24.09,5.09,Very_Low,65,4.3,78.68,Chilled,Refrigerated,PA_PE_Vacuum,85,Low,Very_Low,Yes
F01370,Frozen Peas,Frozen Vegetable,80.24,0.55,5.38,6.34,Low,387,-18.3,87.42,Frozen,Long_Distance,PE_Film,70,Medium,Low,Yes
F01371,Wheat Flour,Grain,8.59,2.92,12.45,5.86,Very_Low,194,24.0,84.57,Ambient,Long_Distance,HDPE,70,Low,Low,No
F01372,Tomato,Fresh Produce,86.04,0.36,1.69,4.37,High,11,4.6,90.68,Chilled,Refrigerated,Micro_Perforated_PE,39,High,High,Yes
F01373,Tomato,Fresh Produce,95.48,0.0,0.38,4.42,High,14,6.9,74.77,Chilled,Long_Distance,Micro_Perforated_PE,34,High,High,Yes
F01374,Potato Chips,Snacks,2.08,30.44,6.02,5.99,Very_Low,189,26.5,56.48,Ambient,Normal,Metallized_PET_PE,80,Low,Very_Low,Yes
F01375,Frozen Peas,Frozen Vegetable,80.8,0.38,5.99,6.24,Low,380,-18.4,86.66,Frozen,Long_Distance,PE_Film,74,Medium,Low,Yes
F01376,Onion,Vegetable,86.84,0.0,0.9,5.67,Low,124,18.5,62.63,Ambient,Normal,Breathable_PP,55,High,Medium,Yes
F01377,Fish,Seafood,74.59,3.33,20.06,6.14,Very_Low,6,3.4,73.54,Chilled,Refrigerated,PA_PE_Vacuum,92,Low,Very_Low,Yes
F01378,Apple,Fresh Produce,91.31,0.39,0.0,3.47,High,53,3.9,73.22,Chilled,Long_Distance,Micro_Perforated_PE,31,High,High,Yes
F01379,Butter,Dairy,16.29,83.86,2.08,6.18,Very_Low,115,4.9,81.61,Chilled,Long_Distance,Aluminum_Foil_Laminate,86,Very_Low,Very_Low,No
F01380,Milk Powder,Dairy,6.54,24.46,24.66,6.63,Very_Low,364,23.4,57.16,Ambient,Long_Distance,Aluminum_Laminate,111,Very_Low,Very_Low,No
F01381,Mango,Fresh Produce,81.66,1.2,1.33,4.0,High,18,10.8,77.02,Chilled,Refrigerated,Breathable_PE,47,High,High,Yes
F01382,Apple,Fresh Produce,87.03,0.84,0.0,3.65,High,58,5.0,89.54,Chilled,Refrigerated,Micro_Perforated_PE,43,High,High,Yes
F01383,Peanuts,Nuts,6.3,47.39,24.73,6.26,Very_Low,181,23.3,66.55,Ambient,Normal,Metallized_PET_PE,85,Very_Low,Very_Low,No
F01384,Coffee Powder,Beverage,1.56,14.76,14.35,4.88,Very_Low,406,25.0,74.94,Ambient,Normal,Metallized_PET_PE,91,Very_Low,Very_Low,No
F01385,Frozen Peas,Frozen Vegetable,77.97,1.38,5.2,6.12,Low,352,-17.8,81.11,Frozen,Long_Distance,PE_Film,74,Medium,Low,Yes
F01386,Apple,Fresh Produce,85.54,0.51,0.84,3.54,High,62,5.0,95.96,Chilled,Long_Distance,Micro_Perforated_PE,33,High,High,Yes
F01387,Fish,Seafood,75.64,4.22,21.13,6.27,Very_Low,6,1.1,83.47,Chilled,Long_Distance,PA_PE_Vacuum,97,Low,Very_Low,Yes
F01388,Apple,Fresh Produce,84.98,0.0,0.39,3.35,High,57,4.9,85.2,Chilled,Long_Distance,Micro_Perforated_PE,40,High,High,Yes
F01389,Rice,Grain,9.47,1.3,7.44,6.49,Very_Low,371,26.1,68.84,Ambient,Normal,HDPE,76,Low,Low,No
F01390,Tomato,Fresh Produce,96.55,0.0,1.08,4.17,High,28,6.2,70.55,Chilled,Long_Distance,Micro_Perforated_PE,45,High,High,Yes
F01391,Frozen Peas,Frozen Vegetable,81.17,0.0,5.53,6.12,Low,343,-19.5,91.79,Frozen,Normal,PE_Film,76,Medium,Low,Yes
F01392,Mango,Fresh Produce,85.86,1.02,0.33,3.92,High,18,10.5,85.73,Chilled,Long_Distance,Breathable_PE,39,High,High,Yes
F01393,Apple,Fresh Produce,85.74,1.56,1.3,3.62,High,58,4.6,74.15,Chilled,Refrigerated,Micro_Perforated_PE,50,High,High,Yes
F01394,Peanuts,Nuts,6.3,48.99,24.17,6.49,Very_Low,186,24.9,59.2,Ambient,Long_Distance,Metallized_PET_PE,82,Very_Low,Very_Low,No
F01395,Peanuts,Nuts,4.01,49.56,24.67,6.47,Very_Low,179,24.8,62.24,Ambient,Long_Distance,Metallized_PET_PE,83,Very_Low,Very_Low,No
F01396,Bread,Bakery,40.9,4.13,9.47,5.58,Very_Low,6,26.9,53.6,Ambient,Long_Distance,LDPE_Bag,52,Medium,Medium,No
F01397,Butter,Dairy,16.93,79.06,0.64,6.07,Very_Low,126,4.2,85.23,Chilled,Refrigerated,Aluminum_Foil_Laminate,94,Very_Low,Very_Low,No
F01398,Mango,Fresh Produce,82.54,0.15,1.08,3.96,High,18,10.6,75.04,Chilled,Normal,Breathable_PE,41,High,High,Yes
F01399,Potato Chips,Snacks,1.13,27.2,6.61,6.37,Very_Low,172,24.7,65.79,Ambient,Long_Distance,Metallized_PET_PE,86,Low,Very_Low,Yes
F01400,Carrot,Fresh Produce,89.31,1.39,0.16,5.71,High,27,6.0,88.89,Chilled,Normal,Micro_Perforated_PE,39,High,High,Yes
F01401,Bread,Bakery,39.81,3.17,9.39,5.47,Very_Low,7,24.4,57.06,Ambient,Long_Distance,LDPE_Bag,44,Medium,Medium,No
F01402,Tomato,Fresh Produce,93.09,0.0,0.64,4.57,High,5,5.4,71.41,Chilled,Normal,Micro_Perforated_PE,38,High,High,Yes
F01403,Apple,Fresh Produce,90.6,1.25,0.1,3.7,High,53,4.5,91.58,Chilled,Refrigerated,Micro_Perforated_PE,40,High,High,Yes
F01404,Fresh Chicken,Meat,73.61,6.14,22.37,5.97,Very_Low,20,4.2,89.4,Chilled,Long_Distance,PA_PE_Vacuum,90,Low,Very_Low,Yes
F01405,Apple,Fresh Produce,87.69,0.0,0.71,3.58,High,57,4.4,82.93,Chilled,Long_Distance,Micro_Perforated_PE,28,High,High,Yes
F01406,Ground Coffee,Beverage,1.48,14.38,13.16,4.94,Very_Low,373,24.3,52.14,Ambient,Normal,High_Barrier_Laminate,92,Very_Low,Very_Low,No
F01407,Potato Chips,Snacks,0.0,28.51,5.95,5.96,Very_Low,167,25.7,73.27,Ambient,Normal,Metallized_PET_PE,91,Low,Very_Low,Yes
F01408,Milk Powder,Dairy,1.7,25.81,26.26,6.51,Very_Low,355,24.7,61.66,Ambient,Long_Distance,Aluminum_Laminate,96,Very_Low,Very_Low,No
F01409,Ground Coffee,Beverage,4.02,14.8,14.54,4.77,Very_Low,325,26.4,56.37,Ambient,Normal,High_Barrier_Laminate,90,Very_Low,Very_Low,No
F01410,Onion,Vegetable,90.3,1.36,0.65,5.68,Low,121,20.4,64.33,Ambient,Long_Distance,Breathable_PP,50,High,Medium,Yes
F01411,Carrot,Fresh Produce,88.38,0.68,1.03,5.92,High,37,6.3,87.66,Chilled,Long_Distance,Micro_Perforated_PE,40,High,High,Yes
F01412,Potato Chips,Snacks,0.0,29.78,5.93,6.08,Very_Low,189,25.9,73.64,Ambient,Normal,Metallized_PET_PE,82,Low,Very_Low,Yes
F01413,Apple,Fresh Produce,86.11,0.81,0.0,3.4,High,58,3.8,86.4,Chilled,Refrigerated,Micro_Perforated_PE,48,High,High,Yes
F01414,Rice,Grain,14.16,0.34,6.65,6.58,Very_Low,380,24.1,49.46,Ambient,Long_Distance,HDPE,85,Low,Low,No
F01415,Peanuts,Nuts,5.93,53.48,24.4,6.71,Very_Low,162,25.0,60.13,Ambient,Long_Distance,Metallized_PET_PE,80,Very_Low,Very_Low,No
F01416,Tomato,Fresh Produce,96.92,0.0,0.24,4.2,High,4,4.1,86.3,Chilled,Long_Distance,Micro_Perforated_PE,43,High,High,Yes
F01417,Wheat Flour,Grain,11.39,3.11,12.64,5.99,Very_Low,182,23.8,60.27,Ambient,Normal,HDPE,89,Low,Low,No
F01418,Coffee Powder,Beverage,2.01,15.76,14.07,5.06,Very_Low,403,24.4,69.6,Ambient,Normal,Metallized_PET_PE,89,Very_Low,Very_Low,No
F01419,Rice,Grain,12.18,0.93,7.55,6.42,Very_Low,382,26.4,49.94,Ambient,Long_Distance,HDPE,70,Low,Low,No
F01420,Apple,Fresh Produce,79.74,0.49,0.0,3.47,High,53,4.5,95.15,Chilled,Normal,Micro_Perforated_PE,50,High,High,Yes
F01421,Mango,Fresh Produce,84.97,0.28,0.58,3.91,High,22,10.4,92.05,Chilled,Long_Distance,Breathable_PE,35,High,High,Yes
F01422,Onion,Vegetable,84.03,1.13,0.82,5.39,Low,126,21.6,56.82,Ambient,Normal,Breathable_PP,45,High,Medium,Yes
F01423,Apple,Fresh Produce,86.37,0.05,0.0,3.54,High,63,4.5,89.54,Chilled,Long_Distance,Micro_Perforated_PE,35,High,High,Yes
F01424,Coffee Powder,Beverage,5.1,14.8,13.68,4.93,Very_Low,355,25.8,56.58,Ambient,Long_Distance,Metallized_PET_PE,85,Very_Low,Very_Low,No
F01425,Frozen Peas,Frozen Vegetable,73.58,1.18,4.95,6.28,Low,355,-20.1,75.71,Frozen,Normal,PE_Film,74,Medium,Low,Yes
F01426,Apple,Fresh Produce,80.38,1.69,0.49,3.31,High,52,3.5,90.31,Chilled,Normal,Micro_Perforated_PE,34,High,High,Yes
F01427,Onion,Vegetable,90.09,0.0,1.29,5.76,Low,106,20.7,64.02,Ambient,Long_Distance,Breathable_PP,49,High,Medium,Yes
F01428,Wheat Flour,Grain,12.2,4.03,13.34,6.07,Very_Low,155,26.7,71.14,Ambient,Normal,HDPE,78,Low,Low,No
F01429,Cheese,Dairy,34.42,32.42,24.25,5.22,Very_Low,58,3.9,88.12,Chilled,Normal,PA_PE_Vacuum,88,Low,Very_Low,Yes
F01430,Yogurt,Dairy,84.41,1.99,4.53,4.27,Very_Low,44,4.9,82.13,Chilled,Normal,PP_Cup_Foil_Lid,47,Medium,Low,Yes
F01431,Carrot,Fresh Produce,90.78,0.0,0.92,6.14,High,36,5.1,78.2,Chilled,Normal,Micro_Perforated_PE,35,High,High,Yes
F01432,Onion,Vegetable,95.51,0.11,0.84,5.47,Low,109,20.6,44.61,Ambient,Long_Distance,Breathable_PP,53,High,Medium,Yes
F01433,Butter,Dairy,13.12,80.16,0.92,6.17,Very_Low,115,4.9,80.06,Chilled,Refrigerated,Aluminum_Foil_Laminate,88,Very_Low,Very_Low,No
F01434,Butter,Dairy,17.15,78.93,0.68,6.19,Very_Low,130,3.9,85.64,Chilled,Refrigerated,Aluminum_Foil_Laminate,94,Very_Low,Very_Low,No
F01435,Milk Powder,Dairy,6.72,25.3,25.21,6.5,Very_Low,356,24.8,57.19,Ambient,Normal,Aluminum_Laminate,103,Very_Low,Very_Low,No
F01436,Frozen Peas,Frozen Vegetable,82.81,0.52,6.04,5.96,Low,371,-18.0,78.88,Frozen,Long_Distance,PE_Film,73,Medium,Low,Yes
F01437,Ground Coffee,Beverage,1.16,15.13,14.05,4.84,Very_Low,358,25.9,52.37,Ambient,Normal,High_Barrier_Laminate,91,Very_Low,Very_Low,No
F01438,Potato Chips,Snacks,0.0,30.6,5.14,6.16,Very_Low,185,23.5,67.5,Ambient,Normal,Metallized_PET_PE,83,Low,Very_Low,Yes
F01439,Potato Chips,Snacks,1.86,31.14,5.71,6.2,Very_Low,186,24.9,83.54,Ambient,Normal,Metallized_PET_PE,82,Low,Very_Low,Yes
F01440,Butter,Dairy,18.36,83.1,0.44,6.32,Very_Low,134,2.4,83.84,Chilled,Normal,Aluminum_Foil_Laminate,89,Very_Low,Very_Low,No
F01441,Wheat Flour,Grain,11.52,1.35,12.57,6.01,Very_Low,165,24.0,60.23,Ambient,Normal,HDPE,89,Low,Low,No
F01442,Yogurt,Dairy,85.33,1.02,4.52,4.46,Very_Low,29,5.4,91.63,Chilled,Refrigerated,PP_Cup_Foil_Lid,51,Medium,Low,Yes
F01443,Potato Chips,Snacks,0.0,27.85,6.2,6.1,Very_Low,180,25.0,56.47,Ambient,Normal,Metallized_PET_PE,80,Low,Very_Low,Yes
F01444,Fish,Seafood,71.06,6.16,19.58,5.91,Very_Low,3,1.6,74.29,Chilled,Refrigerated,PA_PE_Vacuum,94,Low,Very_Low,Yes
F01445,Ground Coffee,Beverage,0.86,16.05,14.02,5.27,Very_Low,391,25.4,56.48,Ambient,Long_Distance,High_Barrier_Laminate,93,Very_Low,Very_Low,No
F01446,Coffee Powder,Beverage,1.79,14.56,13.92,5.33,Very_Low,370,25.9,56.3,Ambient,Long_Distance,Metallized_PET_PE,77,Very_Low,Very_Low,No
F01447,Fish,Seafood,72.68,3.66,19.07,6.25,Very_Low,19,2.3,70.27,Chilled,Refrigerated,PA_PE_Vacuum,98,Low,Very_Low,Yes
F01448,Rice,Grain,8.26,0.0,7.42,6.43,Very_Low,377,25.5,67.18,Ambient,Normal,HDPE,79,Low,Low,No
F01449,Cheese,Dairy,37.98,32.65,25.77,5.16,Very_Low,59,4.2,72.64,Chilled,Refrigerated,PA_PE_Vacuum,80,Low,Very_Low,Yes
F01450,Fresh Chicken,Meat,70.57,8.38,22.33,5.81,Very_Low,4,4.6,84.45,Chilled,Normal,PA_PE_Vacuum,96,Low,Very_Low,Yes
F01451,Cheese,Dairy,36.79,33.88,25.86,5.31,Very_Low,52,4.1,88.46,Chilled,Refrigerated,PA_PE_Vacuum,91,Low,Very_Low,Yes
F01452,Butter,Dairy,15.14,82.85,1.3,6.26,Very_Low,115,2.6,95.1,Chilled,Normal,Aluminum_Foil_Laminate,94,Very_Low,Very_Low,No
F01453,Cheese,Dairy,42.16,31.93,24.17,5.39,Very_Low,72,2.9,94.37,Chilled,Refrigerated,PA_PE_Vacuum,91,Low,Very_Low,Yes
F01454,Tomato,Fresh Produce,94.93,1.38,0.26,4.22,High,19,5.7,89.17,Chilled,Normal,Micro_Perforated_PE,38,High,High,Yes
F01455,Butter,Dairy,19.37,78.91,1.85,6.27,Very_Low,131,5.8,70.58,Chilled,Long_Distance,Aluminum_Foil_Laminate,92,Very_Low,Very_Low,No
F01456,Frozen Peas,Frozen Vegetable,80.55,0.74,4.78,6.07,Low,360,-19.0,84.17,Frozen,Normal,PE_Film,68,Medium,Low,Yes
F01457,Fresh Chicken,Meat,69.57,7.8,23.33,5.87,Very_Low,4,4.3,83.52,Chilled,Refrigerated,PA_PE_Vacuum,97,Low,Very_Low,Yes
F01458,Butter,Dairy,16.43,77.85,0.57,6.11,Very_Low,117,4.3,90.16,Chilled,Refrigerated,Aluminum_Foil_Laminate,89,Very_Low,Very_Low,No
F01459,Apple,Fresh Produce,88.0,0.82,0.0,3.59,High,60,4.4,82.48,Chilled,Long_Distance,Micro_Perforated_PE,41,High,High,Yes
F01460,Yogurt,Dairy,85.42,2.34,4.31,4.41,Very_Low,32,3.1,86.05,Chilled,Long_Distance,PP_Cup_Foil_Lid,49,Medium,Low,Yes
F01461,Fish,Seafood,72.73,4.06,20.01,6.34,Very_Low,3,2.4,79.48,Chilled,Normal,PA_PE_Vacuum,90,Low,Very_Low,Yes
F01462,Carrot,Fresh Produce,90.6,0.0,1.05,5.9,High,37,5.0,86.6,Chilled,Long_Distance,Micro_Perforated_PE,40,High,High,Yes
F01463,Fish,Seafood,76.93,6.02,20.08,6.45,Very_Low,17,1.9,71.66,Chilled,Refrigerated,PA_PE_Vacuum,91,Low,Very_Low,Yes
F01464,Wheat Flour,Grain,11.66,1.87,12.22,6.0,Very_Low,155,24.1,59.26,Ambient,Normal,HDPE,90,Low,Low,No
F01465,Yogurt,Dairy,91.26,4.4,3.96,4.36,Very_Low,40,4.9,83.87,Chilled,Refrigerated,PP_Cup_Foil_Lid,43,Medium,Low,Yes
F01466,Frozen Peas,Frozen Vegetable,80.5,0.0,5.01,5.81,Low,385,-17.3,85.2,Frozen,Long_Distance,PE_Film,75,Medium,Low,Yes
F01467,Carrot,Fresh Produce,93.81,1.19,0.45,6.17,High,31,5.5,78.52,Chilled,Refrigerated,Micro_Perforated_PE,34,High,High,Yes
F01468,Ground Coffee,Beverage,3.29,13.48,13.4,5.12,Very_Low,369,23.3,61.57,Ambient,Normal,High_Barrier_Laminate,93,Very_Low,Very_Low,No
F01469,Wheat Flour,Grain,12.55,0.0,12.61,5.98,Very_Low,191,23.7,38.12,Ambient,Long_Distance,HDPE,79,Low,Low,No
F01470,Butter,Dairy,15.42,80.16,1.2,6.15,Very_Low,118,4.0,83.89,Chilled,Normal,Aluminum_Foil_Laminate,93,Very_Low,Very_Low,No
F01471,Ground Coffee,Beverage,3.24,14.55,13.64,5.14,Very_Low,378,24.5,45.64,Ambient,Long_Distance,High_Barrier_Laminate,89,Very_Low,Very_Low,No
F01472,Cheese,Dairy,38.8,31.2,26.07,5.24,Very_Low,54,5.0,75.83,Chilled,Refrigerated,PA_PE_Vacuum,87,Low,Very_Low,Yes
F01473,Butter,Dairy,14.73,82.48,1.65,6.11,Very_Low,126,3.9,77.48,Chilled,Normal,Aluminum_Foil_Laminate,96,Very_Low,Very_Low,No
F01474,Yogurt,Dairy,84.19,4.21,3.65,4.22,Very_Low,24,4.5,83.61,Chilled,Normal,PP_Cup_Foil_Lid,46,Medium,Low,Yes
F01475,Potato Chips,Snacks,1.05,29.38,6.44,6.14,Very_Low,178,24.8,74.19,Ambient,Normal,Metallized_PET_PE,84,Low,Very_Low,Yes
F01476,Fish,Seafood,74.62,4.79,20.2,6.21,Very_Low,3,2.3,74.05,Chilled,Refrigerated,PA_PE_Vacuum,92,Low,Very_Low,Yes
F01477,Ground Coffee,Beverage,2.47,14.53,14.67,5.05,Very_Low,392,25.8,44.95,Ambient,Long_Distance,High_Barrier_Laminate,92,Very_Low,Very_Low,No
F01478,Milk Powder,Dairy,6.43,25.15,26.33,6.46,Very_Low,350,23.5,79.65,Ambient,Normal,Aluminum_Laminate,94,Very_Low,Very_Low,No
F01479,Potato Chips,Snacks,3.27,30.93,5.98,6.28,Very_Low,179,25.0,51.53,Ambient,Normal,Metallized_PET_PE,78,Low,Very_Low,Yes
F01480,Frozen Peas,Frozen Vegetable,77.8,0.0,4.96,6.31,Low,379,-19.2,85.19,Frozen,Normal,PE_Film,75,Medium,Low,Yes
F01481,Tomato,Fresh Produce,100.0,0.0,0.58,4.21,High,15,5.0,85.28,Chilled,Long_Distance,Micro_Perforated_PE,42,High,High,Yes
F01482,Fish,Seafood,76.84,4.22,19.06,6.5,Very_Low,15,1.6,90.66,Chilled,Refrigerated,PA_PE_Vacuum,83,Low,Very_Low,Yes
F01483,Carrot,Fresh Produce,83.82,0.74,1.28,5.96,High,31,4.2,87.03,Chilled,Refrigerated,Micro_Perforated_PE,35,High,High,Yes
F01484,Fish,Seafood,74.62,4.52,20.1,6.0,Very_Low,1,1.7,85.29,Chilled,Long_Distance,PA_PE_Vacuum,92,Low,Very_Low,Yes
F01485,Bread,Bakery,37.62,5.31,9.63,5.44,Very_Low,6,24.3,62.23,Ambient,Long_Distance,LDPE_Bag,55,Medium,Medium,No
F01486,Carrot,Fresh Produce,92.71,1.05,1.16,5.93,High,26,5.8,80.88,Chilled,Refrigerated,Micro_Perforated_PE,44,High,High,Yes
F01487,Potato Chips,Snacks,4.51,29.08,6.61,6.41,Very_Low,171,25.0,65.21,Ambient,Long_Distance,Metallized_PET_PE,81,Low,Very_Low,Yes
F01488,Coffee Powder,Beverage,1.31,15.85,13.89,5.04,Very_Low,377,24.7,54.13,Ambient,Normal,Metallized_PET_PE,80,Very_Low,Very_Low,No
F01489,Biscuits,Bakery,0.44,16.96,6.69,6.96,Very_Low,175,26.3,65.42,Ambient,Long_Distance,BOPP_PE,63,Low,Low,No
F01490,Coffee Powder,Beverage,4.57,14.9,14.91,4.91,Very_Low,330,25.0,73.41,Ambient,Long_Distance,Metallized_PET_PE,83,Very_Low,Very_Low,No
F01491,Butter,Dairy,16.11,83.22,1.18,6.28,Very_Low,125,4.4,81.69,Chilled,Normal,Aluminum_Foil_Laminate,87,Very_Low,Very_Low,No
F01492,Fresh Chicken,Meat,70.63,8.92,22.92,5.72,Very_Low,8,2.9,93.58,Chilled,Normal,PA_PE_Vacuum,86,Low,Very_Low,Yes
F01493,Cheese,Dairy,41.89,32.27,24.09,5.27,Very_Low,59,5.1,90.98,Chilled,Long_Distance,PA_PE_Vacuum,83,Low,Very_Low,Yes
F01494,Fresh Chicken,Meat,71.04,10.5,22.97,5.8,Very_Low,1,4.0,85.75,Chilled,Refrigerated,PA_PE_Vacuum,81,Low,Very_Low,Yes
F01495,Fresh Chicken,Meat,72.92,8.78,22.1,5.68,Very_Low,1,4.7,85.79,Chilled,Normal,PA_PE_Vacuum,84,Low,Very_Low,Yes
F01496,Onion,Vegetable,91.73,0.14,1.23,5.59,Low,118,19.1,61.26,Ambient,Normal,Breathable_PP,46,High,Medium,Yes
F01497,Milk Powder,Dairy,2.84,25.86,26.9,6.7,Very_Low,353,25.6,73.9,Ambient,Long_Distance,Aluminum_Laminate,105,Very_Low,Very_Low,No
F01498,Rice,Grain,11.64,0.17,6.88,6.5,Very_Low,399,24.4,62.82,Ambient,Long_Distance,HDPE,91,Low,Low,No
F01499,Cheese,Dairy,32.73,32.93,25.29,5.11,Very_Low,54,2.6,85.63,Chilled,Normal,PA_PE_Vacuum,97,Low,Very_Low,Yes
F01500,Biscuits,Bakery,3.15,18.52,7.17,6.84,Very_Low,167,25.2,57.53,Ambient,Long_Distance,BOPP_PE,61,Low,Low,No
F01501,Coffee Powder,Beverage,4.16,15.32,13.77,5.13,Very_Low,377,24.1,65.12,Ambient,Long_Distance,Metallized_PET_PE,77,Very_Low,Very_Low,No
F01502,Fresh Chicken,Meat,67.34,8.76,21.79,6.03,Very_Low,2,5.2,81.22,Chilled,Refrigerated,PA_PE_Vacuum,93,Low,Very_Low,Yes
F01503,Fish,Seafood,75.5,4.85,20.32,6.23,Very_Low,16,1.1,66.38,Chilled,Long_Distance,PA_PE_Vacuum,91,Low,Very_Low,Yes
F01504,Tomato,Fresh Produce,90.26,2.2,1.4,4.21,High,6,3.8,77.11,Chilled,Long_Distance,Micro_Perforated_PE,33,High,High,Yes
F01505,Yogurt,Dairy,83.7,2.36,3.76,4.3,Very_Low,40,4.1,88.5,Chilled,Refrigerated,PP_Cup_Foil_Lid,40,Medium,Low,Yes
F01506,Butter,Dairy,17.38,80.02,0.92,6.15,Very_Low,115,4.5,80.2,Chilled,Normal,Aluminum_Foil_Laminate,95,Very_Low,Very_Low,No
F01507,Potato Chips,Snacks,3.57,31.85,6.17,6.07,Very_Low,188,25.3,58.08,Ambient,Normal,Metallized_PET_PE,76,Low,Very_Low,Yes
F01508,Coffee Powder,Beverage,4.58,11.89,13.83,4.83,Very_Low,365,24.6,47.39,Ambient,Normal,Metallized_PET_PE,70,Very_Low,Very_Low,No
F01509,Biscuits,Bakery,7.1,18.47,6.92,7.07,Very_Low,183,25.0,68.14,Ambient,Normal,BOPP_PE,55,Low,Low,No
F01510,Coffee Powder,Beverage,4.55,14.6,14.21,5.12,Very_Low,349,24.9,74.83,Ambient,Normal,Metallized_PET_PE,81,Very_Low,Very_Low,No
F01511,Tomato,Fresh Produce,98.02,0.3,0.84,4.33,High,15,5.0,73.55,Chilled,Long_Distance,Micro_Perforated_PE,45,High,High,Yes
F01512,Wheat Flour,Grain,11.97,1.41,13.2,6.17,Very_Low,166,25.7,69.96,Ambient,Long_Distance,HDPE,76,Low,Low,No
F01513,Biscuits,Bakery,3.15,18.55,6.61,7.09,Very_Low,191,25.7,45.48,Ambient,Long_Distance,BOPP_PE,54,Low,Low,No
F01514,Fish,Seafood,77.73,4.73,20.26,6.27,Very_Low,6,1.1,85.31,Chilled,Normal,PA_PE_Vacuum,90,Low,Very_Low,Yes
F01515,Potato Chips,Snacks,1.24,29.93,6.67,6.42,Very_Low,185,24.6,63.85,Ambient,Normal,Metallized_PET_PE,88,Low,Very_Low,Yes
F01516,Mango,Fresh Produce,87.17,1.04,0.64,3.68,High,18,9.1,80.72,Chilled,Long_Distance,Breathable_PE,41,High,High,Yes
F01517,Fish,Seafood,76.07,4.15,19.98,6.18,Very_Low,1,1.2,79.58,Chilled,Long_Distance,PA_PE_Vacuum,91,Low,Very_Low,Yes
F01518,Onion,Vegetable,90.25,0.0,1.54,5.66,Low,120,20.0,51.51,Ambient,Normal,Breathable_PP,50,High,Medium,Yes
F01519,Mango,Fresh Produce,83.84,0.55,0.82,3.98,High,15,10.4,77.84,Chilled,Long_Distance,Breathable_PE,43,High,High,Yes
F01520,Bread,Bakery,38.36,5.07,8.96,5.35,Very_Low,7,25.4,72.93,Ambient,Long_Distance,LDPE_Bag,57,Medium,Medium,No
F01521,Frozen Peas,Frozen Vegetable,81.4,1.22,5.21,6.05,Low,350,-18.0,89.79,Frozen,Normal,PE_Film,58,Medium,Low,Yes
F01522,Wheat Flour,Grain,9.27,1.68,12.58,6.34,Very_Low,186,25.1,63.8,Ambient,Long_Distance,HDPE,77,Low,Low,No
F01523,Onion,Vegetable,91.26,1.4,0.32,5.52,Low,123,20.0,56.56,Ambient,Long_Distance,Breathable_PP,55,High,Medium,Yes
F01524,Frozen Peas,Frozen Vegetable,78.16,1.38,5.35,6.01,Low,367,-18.8,84.83,Frozen,Normal,PE_Film,66,Medium,Low,Yes
F01525,Onion,Vegetable,89.77,0.0,1.29,5.64,Low,120,19.6,61.41,Ambient,Normal,Breathable_PP,48,High,Medium,Yes
F01526,Bread,Bakery,37.74,4.26,9.65,5.29,Very_Low,6,25.2,62.81,Ambient,Normal,LDPE_Bag,49,Medium,Medium,No
F01527,Rice,Grain,14.12,1.11,7.78,6.44,Very_Low,382,24.6,57.12,Ambient,Long_Distance,HDPE,79,Low,Low,No
F01528,Peanuts,Nuts,4.69,48.03,25.42,6.55,Very_Low,175,24.5,55.19,Ambient,Normal,Metallized_PET_PE,88,Very_Low,Very_Low,No
F01529,Cheese,Dairy,39.76,35.02,24.67,4.95,Very_Low,47,3.6,84.49,Chilled,Long_Distance,PA_PE_Vacuum,90,Low,Very_Low,Yes
F01530,Onion,Vegetable,92.04,0.02,1.11,5.44,Low,112,20.5,67.35,Ambient,Normal,Breathable_PP,48,High,Medium,Yes
F01531,Cheese,Dairy,36.0,31.55,24.09,5.33,Very_Low,62,3.9,91.39,Chilled,Long_Distance,PA_PE_Vacuum,81,Low,Very_Low,Yes
F01532,Biscuits,Bakery,2.45,14.77,6.94,7.01,Very_Low,182,25.9,63.32,Ambient,Long_Distance,BOPP_PE,57,Low,Low,No
F01533,Milk Powder,Dairy,6.82,26.11,25.61,6.38,Very_Low,349,24.6,62.02,Ambient,Long_Distance,Aluminum_Laminate,102,Very_Low,Very_Low,No
F01534,Butter,Dairy,15.69,80.29,0.44,6.02,Very_Low,140,4.8,88.67,Chilled,Long_Distance,Aluminum_Foil_Laminate,90,Very_Low,Very_Low,No
F01535,Butter,Dairy,16.0,83.07,0.16,6.14,Very_Low,136,4.2,87.26,Chilled,Refrigerated,Aluminum_Foil_Laminate,91,Very_Low,Very_Low,No
F01536,Tomato,Fresh Produce,97.47,0.0,1.29,4.46,High,12,4.2,79.58,Chilled,Normal,Micro_Perforated_PE,45,High,High,Yes
F01537,Apple,Fresh Produce,81.67,0.88,0.19,3.43,High,54,5.7,78.56,Chilled,Long_Distance,Micro_Perforated_PE,43,High,High,Yes
F01538,Carrot,Fresh Produce,84.8,1.29,0.47,5.95,High,34,6.3,82.17,Chilled,Normal,Micro_Perforated_PE,37,High,High,Yes
F01539,Carrot,Fresh Produce,87.79,0.16,0.73,5.94,High,37,4.1,85.36,Chilled,Refrigerated,Micro_Perforated_PE,38,High,High,Yes
F01540,Apple,Fresh Produce,83.34,0.0,0.98,3.58,High,48,6.2,84.48,Chilled,Refrigerated,Micro_Perforated_PE,35,High,High,Yes
F01541,Ground Coffee,Beverage,0.77,16.19,13.38,5.19,Very_Low,376,25.6,59.26,Ambient,Normal,High_Barrier_Laminate,98,Very_Low,Very_Low,No
F01542,Apple,Fresh Produce,88.49,2.31,0.66,3.58,High,64,4.6,79.84,Chilled,Long_Distance,Micro_Perforated_PE,40,High,High,Yes
F01543,Biscuits,Bakery,5.69,19.73,7.35,7.11,Very_Low,173,24.6,47.13,Ambient,Normal,BOPP_PE,57,Low,Low,No
F01544,Frozen Peas,Frozen Vegetable,78.59,0.0,5.92,5.89,Low,367,-19.3,72.4,Frozen,Normal,PE_Film,74,Medium,Low,Yes
F01545,Onion,Vegetable,85.7,0.0,1.01,5.27,Low,126,18.9,70.79,Ambient,Long_Distance,Breathable_PP,50,High,Medium,Yes
F01546,Ground Coffee,Beverage,0.86,13.17,13.71,5.04,Very_Low,366,25.0,44.79,Ambient,Long_Distance,High_Barrier_Laminate,82,Very_Low,Very_Low,No
F01547,Mango,Fresh Produce,81.23,0.0,1.12,3.93,High,10,9.7,82.17,Chilled,Refrigerated,Breathable_PE,39,High,High,Yes
F01548,Apple,Fresh Produce,92.41,0.56,0.12,3.5,High,68,4.1,72.53,Chilled,Long_Distance,Micro_Perforated_PE,31,High,High,Yes
F01549,Frozen Peas,Frozen Vegetable,80.82,0.0,5.86,6.2,Low,366,-15.8,86.44,Frozen,Normal,PE_Film,72,Medium,Low,Yes
F01550,Frozen Peas,Frozen Vegetable,77.51,0.0,5.73,6.27,Low,360,-18.0,87.68,Frozen,Normal,PE_Film,74,Medium,Low,Yes
F01551,Tomato,Fresh Produce,93.1,1.06,1.39,4.41,High,14,4.9,92.75,Chilled,Normal,Micro_Perforated_PE,44,High,High,Yes
F01552,Wheat Flour,Grain,10.5,2.12,14.13,6.14,Very_Low,184,24.8,55.29,Ambient,Normal,HDPE,75,Low,Low,No
F01553,Wheat Flour,Grain,9.35,0.0,12.94,6.04,Very_Low,186,25.5,60.95,Ambient,Normal,HDPE,76,Low,Low,No
F01554,Peanuts,Nuts,4.35,46.24,25.1,6.36,Very_Low,172,24.7,69.05,Ambient,Normal,Metallized_PET_PE,85,Very_Low,Very_Low,No
F01555,Cheese,Dairy,37.11,35.27,25.2,5.47,Very_Low,55,3.4,89.68,Chilled,Normal,PA_PE_Vacuum,87,Low,Very_Low,Yes
F01556,Wheat Flour,Grain,11.05,2.06,13.28,6.19,Very_Low,170,25.4,60.97,Ambient,Long_Distance,HDPE,84,Low,Low,No
F01557,Cheese,Dairy,41.43,32.48,25.65,5.28,Very_Low,73,3.8,95.32,Chilled,Normal,PA_PE_Vacuum,89,Low,Very_Low,Yes
F01558,Ground Coffee,Beverage,5.06,15.27,13.8,4.64,Very_Low,363,27.4,59.72,Ambient,Long_Distance,High_Barrier_Laminate,91,Very_Low,Very_Low,No
F01559,Fish,Seafood,76.24,3.06,19.97,6.57,Very_Low,4,3.2,94.83,Chilled,Refrigerated,PA_PE_Vacuum,92,Low,Very_Low,Yes
F01560,Bread,Bakery,34.86,4.95,7.91,5.34,Very_Low,12,25.3,49.56,Ambient,Normal,LDPE_Bag,49,Medium,Medium,No
F01561,Milk Powder,Dairy,6.49,24.94,25.34,6.64,Very_Low,361,25.9,62.69,Ambient,Long_Distance,Aluminum_Laminate,100,Very_Low,Very_Low,No
F01562,Potato Chips,Snacks,5.36,28.68,6.28,6.13,Very_Low,171,24.1,61.16,Ambient,Long_Distance,Metallized_PET_PE,84,Low,Very_Low,Yes
F01563,Ground Coffee,Beverage,0.0,14.43,13.38,5.12,Very_Low,367,24.1,47.99,Ambient,Normal,High_Barrier_Laminate,89,Very_Low,Very_Low,No
F01564,Bread,Bakery,38.65,5.9,8.81,5.51,Very_Low,1,25.4,51.75,Ambient,Normal,LDPE_Bag,47,Medium,Medium,No
F01565,Bread,Bakery,36.02,3.37,9.44,5.55,Very_Low,11,23.8,64.85,Ambient,Long_Distance,LDPE_Bag,46,Medium,Medium,No
F01566,Carrot,Fresh Produce,90.16,1.06,1.45,5.86,High,25,5.2,89.82,Chilled,Long_Distance,Micro_Perforated_PE,34,High,High,Yes
F01567,Milk Powder,Dairy,7.53,25.94,25.26,6.72,Very_Low,356,23.8,64.81,Ambient,Long_Distance,Aluminum_Laminate,100,Very_Low,Very_Low,No
F01568,Onion,Vegetable,89.63,0.0,1.71,5.36,Low,115,18.7,50.96,Ambient,Long_Distance,Breathable_PP,51,High,Medium,Yes
F01569,Carrot,Fresh Produce,83.4,0.0,1.65,6.04,High,21,5.6,78.05,Chilled,Normal,Micro_Perforated_PE,39,High,High,Yes
F01570,Milk Powder,Dairy,5.02,25.02,25.38,6.52,Very_Low,340,25.3,62.32,Ambient,Long_Distance,Aluminum_Laminate,93,Very_Low,Very_Low,No
F01571,Fish,Seafood,73.1,4.77,20.64,6.11,Very_Low,9,2.4,95.4,Chilled,Refrigerated,PA_PE_Vacuum,96,Low,Very_Low,Yes
F01572,Milk Powder,Dairy,3.61,25.36,26.89,6.76,Very_Low,372,24.5,57.65,Ambient,Long_Distance,Aluminum_Laminate,105,Very_Low,Very_Low,No
F01573,Fish,Seafood,73.75,4.5,20.33,6.15,Very_Low,1,1.4,89.72,Chilled,Long_Distance,PA_PE_Vacuum,92,Low,Very_Low,Yes
F01574,Coffee Powder,Beverage,2.03,14.9,14.16,4.78,Very_Low,364,25.6,49.12,Ambient,Long_Distance,Metallized_PET_PE,81,Very_Low,Very_Low,No
F01575,Ground Coffee,Beverage,4.25,13.94,15.23,4.78,Very_Low,321,27.2,55.67,Ambient,Normal,High_Barrier_Laminate,91,Very_Low,Very_Low,No
F01576,Apple,Fresh Produce,86.0,0.0,0.02,3.44,High,53,6.2,90.04,Chilled,Refrigerated,Micro_Perforated_PE,37,High,High,Yes
F01577,Potato Chips,Snacks,2.59,27.92,5.19,6.1,Very_Low,184,24.4,76.4,Ambient,Normal,Metallized_PET_PE,83,Low,Very_Low,Yes
F01578,Cheese,Dairy,36.76,33.68,25.35,5.31,Very_Low,56,4.3,87.28,Chilled,Long_Distance,PA_PE_Vacuum,94,Low,Very_Low,Yes
F01579,Potato Chips,Snacks,2.23,29.93,6.7,6.26,Very_Low,164,26.1,70.88,Ambient,Long_Distance,Metallized_PET_PE,89,Low,Very_Low,Yes
F01580,Frozen Peas,Frozen Vegetable,82.28,0.0,5.86,6.4,Low,369,-18.2,88.26,Frozen,Long_Distance,PE_Film,69,Medium,Low,Yes
F01581,Fish,Seafood,75.25,4.27,21.23,6.21,Very_Low,8,3.2,66.56,Chilled,Long_Distance,PA_PE_Vacuum,92,Low,Very_Low,Yes
F01582,Onion,Vegetable,84.11,0.0,0.34,5.33,Low,126,21.6,59.69,Ambient,Long_Distance,Breathable_PP,54,High,Medium,Yes
F01583,Ground Coffee,Beverage,4.41,15.44,14.31,5.15,Very_Low,330,24.9,51.74,Ambient,Long_Distance,High_Barrier_Laminate,96,Very_Low,Very_Low,No
F01584,Cheese,Dairy,35.37,31.14,26.12,5.16,Very_Low,57,4.9,81.37,Chilled,Long_Distance,PA_PE_Vacuum,91,Low,Very_Low,Yes
F01585,Ground Coffee,Beverage,1.32,14.94,15.08,4.98,Very_Low,354,24.9,69.94,Ambient,Long_Distance,High_Barrier_Laminate,98,Very_Low,Very_Low,No
F01586,Carrot,Fresh Produce,82.79,1.6,1.35,6.1,High,25,4.6,89.41,Chilled,Long_Distance,Micro_Perforated_PE,44,High,High,Yes
F01587,Bread,Bakery,38.98,3.3,8.89,5.33,Very_Low,4,26.5,51.78,Ambient,Normal,LDPE_Bag,56,Medium,Medium,No
F01588,Peanuts,Nuts,6.33,48.23,25.86,6.66,Very_Low,190,24.2,63.66,Ambient,Normal,Metallized_PET_PE,78,Very_Low,Very_Low,No
F01589,Onion,Vegetable,86.63,0.76,1.5,5.42,Low,117,19.8,56.99,Ambient,Long_Distance,Breathable_PP,47,High,Medium,Yes
F01590,Butter,Dairy,17.67,79.26,1.39,5.97,Very_Low,122,2.8,86.19,Chilled,Long_Distance,Aluminum_Foil_Laminate,92,Very_Low,Very_Low,No
F01591,Mango,Fresh Produce,82.11,0.0,0.86,3.76,High,11,10.2,94.06,Chilled,Normal,Breathable_PE,47,High,High,Yes
F01592,Carrot,Fresh Produce,85.85,0.0,1.77,5.83,High,34,5.0,87.84,Chilled,Long_Distance,Micro_Perforated_PE,39,High,High,Yes
F01593,Mango,Fresh Produce,80.15,0.28,0.77,4.23,High,20,9.8,77.75,Chilled,Refrigerated,Breathable_PE,38,High,High,Yes
F01594,Butter,Dairy,19.81,79.71,1.65,6.32,Very_Low,128,4.4,88.33,Chilled,Long_Distance,Aluminum_Foil_Laminate,94,Very_Low,Very_Low,No
F01595,Onion,Vegetable,85.52,0.84,0.57,5.42,Low,128,20.0,63.32,Ambient,Long_Distance,Breathable_PP,46,High,Medium,Yes
F01596,Mango,Fresh Produce,85.47,0.79,0.32,3.94,High,18,10.2,83.89,Chilled,Long_Distance,Breathable_PE,36,High,High,Yes
F01597,Potato Chips,Snacks,3.57,30.07,5.46,6.19,Very_Low,183,25.5,54.36,Ambient,Normal,Metallized_PET_PE,75,Low,Very_Low,Yes
F01598,Bread,Bakery,38.96,5.07,9.55,5.5,Very_Low,4,25.2,52.54,Ambient,Long_Distance,LDPE_Bag,49,Medium,Medium,No
F01599,Ground Coffee,Beverage,5.71,14.15,13.82,5.1,Very_Low,348,24.3,56.7,Ambient,Normal,High_Barrier_Laminate,88,Very_Low,Very_Low,No
F01600,Tomato,Fresh Produce,92.8,0.47,1.85,4.29,High,15,5.3,89.51,Chilled,Normal,Micro_Perforated_PE,39,High,High,Yes
F01601,Milk Powder,Dairy,1.95,23.79,25.66,6.61,Very_Low,359,24.6,58.39,Ambient,Normal,Aluminum_Laminate,99,Very_Low,Very_Low,No
F01602,Apple,Fresh Produce,87.06,0.15,0.55,3.57,High,57,2.5,87.84,Chilled,Long_Distance,Micro_Perforated_PE,42,High,High,Yes
F01603,Milk Powder,Dairy,3.68,24.17,26.64,6.46,Very_Low,347,25.1,61.95,Ambient,Long_Distance,Aluminum_Laminate,94,Very_Low,Very_Low,No
F01604,Milk Powder,Dairy,2.33,23.34,24.97,6.63,Very_Low,335,25.2,69.32,Ambient,Long_Distance,Aluminum_Laminate,93,Very_Low,Very_Low,No
F01605,Milk Powder,Dairy,4.78,27.62,25.23,6.45,Very_Low,337,24.6,57.52,Ambient,Normal,Aluminum_Laminate,101,Very_Low,Very_Low,No
F01606,Peanuts,Nuts,5.99,45.63,25.34,6.14,Very_Low,159,25.4,59.82,Ambient,Long_Distance,Metallized_PET_PE,80,Very_Low,Very_Low,No
F01607,Wheat Flour,Grain,13.75,1.39,12.38,6.03,Very_Low,164,25.3,70.73,Ambient,Long_Distance,HDPE,76,Low,Low,No
F01608,Wheat Flour,Grain,12.69,2.46,12.88,6.11,Very_Low,181,25.2,58.37,Ambient,Long_Distance,HDPE,78,Low,Low,No
F01609,Fish,Seafood,73.92,7.39,20.43,6.07,Very_Low,9,2.2,76.96,Chilled,Refrigerated,PA_PE_Vacuum,90,Low,Very_Low,Yes
F01610,Mango,Fresh Produce,86.46,0.61,0.93,3.92,High,18,9.6,72.53,Chilled,Refrigerated,Breathable_PE,32,High,High,Yes
F01611,Wheat Flour,Grain,10.25,1.86,12.67,6.14,Very_Low,158,24.9,59.63,Ambient,Long_Distance,HDPE,75,Low,Low,No
F01612,Butter,Dairy,16.11,81.94,0.0,6.28,Very_Low,122,3.0,78.82,Chilled,Long_Distance,Aluminum_Foil_Laminate,90,Very_Low,Very_Low,No
F01613,Ground Coffee,Beverage,3.12,15.55,15.05,4.96,Very_Low,389,25.3,44.82,Ambient,Long_Distance,High_Barrier_Laminate,94,Very_Low,Very_Low,No
F01614,Wheat Flour,Grain,11.96,1.96,12.61,6.04,Very_Low,165,26.5,64.51,Ambient,Normal,HDPE,94,Low,Low,No
F01615,Fish,Seafood,74.71,4.35,20.45,6.15,Very_Low,9,1.4,85.34,Chilled,Refrigerated,PA_PE_Vacuum,86,Low,Very_Low,Yes
F01616,Mango,Fresh Produce,77.46,1.57,0.54,3.87,High,12,10.8,87.07,Chilled,Normal,Breathable_PE,32,High,High,Yes
F01617,Cheese,Dairy,39.56,33.14,25.03,5.12,Very_Low,61,3.8,93.65,Chilled,Refrigerated,PA_PE_Vacuum,90,Low,Very_Low,Yes
F01618,Fish,Seafood,79.09,3.41,19.52,6.24,Very_Low,1,2.2,87.11,Chilled,Long_Distance,PA_PE_Vacuum,98,Low,Very_Low,Yes
F01619,Ground Coffee,Beverage,0.19,13.26,14.33,4.88,Very_Low,362,25.1,54.17,Ambient,Normal,High_Barrier_Laminate,92,Very_Low,Very_Low,No
F01620,Bread,Bakery,34.35,3.99,9.0,5.4,Very_Low,9,23.8,58.43,Ambient,Long_Distance,LDPE_Bag,53,Medium,Medium,No
F01621,Mango,Fresh Produce,82.38,0.55,1.3,3.89,High,21,10.6,86.44,Chilled,Long_Distance,Breathable_PE,36,High,High,Yes
F01622,Frozen Peas,Frozen Vegetable,78.24,1.41,5.53,6.18,Low,408,-15.8,81.94,Frozen,Long_Distance,PE_Film,67,Medium,Low,Yes
F01623,Biscuits,Bakery,7.08,19.43,7.01,6.98,Very_Low,188,25.0,65.7,Ambient,Long_Distance,BOPP_PE,61,Low,Low,No
F01624,Ground Coffee,Beverage,3.82,14.39,12.4,4.98,Very_Low,366,24.2,54.67,Ambient,Long_Distance,High_Barrier_Laminate,84,Very_Low,Very_Low,No
F01625,Mango,Fresh Produce,88.36,1.3,0.43,3.94,High,9,12.5,76.97,Chilled,Refrigerated,Breathable_PE,46,High,High,Yes
F01626,Yogurt,Dairy,83.69,2.96,4.18,4.49,Very_Low,31,4.0,86.95,Chilled,Long_Distance,PP_Cup_Foil_Lid,53,Medium,Low,Yes
F01627,Onion,Vegetable,89.7,0.0,1.32,5.74,Low,123,20.1,55.89,Ambient,Long_Distance,Breathable_PP,51,High,Medium,Yes
F01628,Rice,Grain,10.3,0.0,8.23,6.47,Very_Low,363,24.7,59.24,Ambient,Normal,HDPE,77,Low,Low,No
F01629,Frozen Peas,Frozen Vegetable,77.13,1.58,4.33,6.01,Low,372,-18.8,85.33,Frozen,Normal,PE_Film,68,Medium,Low,Yes
F01630,Peanuts,Nuts,5.26,45.23,25.62,6.45,Very_Low,173,24.7,64.13,Ambient,Long_Distance,Metallized_PET_PE,80,Very_Low,Very_Low,No
F01631,Cheese,Dairy,33.39,31.03,25.41,5.33,Very_Low,55,4.0,83.24,Chilled,Refrigerated,PA_PE_Vacuum,87,Low,Very_Low,Yes
F01632,Wheat Flour,Grain,12.94,4.4,13.23,5.77,Very_Low,187,24.8,56.36,Ambient,Long_Distance,HDPE,82,Low,Low,No
F01633,Biscuits,Bakery,4.27,18.46,7.08,6.94,Very_Low,182,24.7,63.11,Ambient,Normal,BOPP_PE,62,Low,Low,No
F01634,Cheese,Dairy,37.24,34.78,23.68,5.16,Very_Low,58,3.8,90.72,Chilled,Long_Distance,PA_PE_Vacuum,107,Low,Very_Low,Yes
F01635,Milk Powder,Dairy,5.98,24.2,24.4,6.56,Very_Low,346,24.1,59.22,Ambient,Normal,Aluminum_Laminate,106,Very_Low,Very_Low,No
F01636,Butter,Dairy,18.48,80.06,0.62,6.37,Very_Low,135,3.0,84.21,Chilled,Long_Distance,Aluminum_Foil_Laminate,84,Very_Low,Very_Low,No
F01637,Rice,Grain,11.82,2.09,6.96,6.3,Very_Low,346,25.3,48.41,Ambient,Long_Distance,HDPE,86,Low,Low,No
F01638,Ground Coffee,Beverage,4.42,15.93,12.92,4.95,Very_Low,366,25.3,46.44,Ambient,Long_Distance,High_Barrier_Laminate,97,Very_Low,Very_Low,No
F01639,Fresh Chicken,Meat,74.3,7.86,22.36,5.79,Very_Low,6,5.3,75.05,Chilled,Long_Distance,PA_PE_Vacuum,88,Low,Very_Low,Yes
F01640,Yogurt,Dairy,88.21,3.51,3.66,4.2,Very_Low,26,4.8,82.4,Chilled,Long_Distance,PP_Cup_Foil_Lid,51,Medium,Low,Yes
F01641,Carrot,Fresh Produce,87.55,0.12,0.0,6.09,High,40,5.9,79.86,Chilled,Normal,Micro_Perforated_PE,46,High,High,Yes
F01642,Peanuts,Nuts,9.22,48.69,26.24,6.48,Very_Low,187,25.4,64.16,Ambient,Normal,Metallized_PET_PE,76,Very_Low,Very_Low,No
F01643,Potato Chips,Snacks,1.19,31.4,6.1,6.33,Very_Low,187,23.8,60.64,Ambient,Normal,Metallized_PET_PE,80,Low,Very_Low,Yes
F01644,Potato Chips,Snacks,0.0,30.5,5.09,6.05,Very_Low,184,24.7,64.73,Ambient,Long_Distance,Metallized_PET_PE,70,Low,Very_Low,Yes
F01645,Wheat Flour,Grain,10.7,1.91,13.65,5.91,Very_Low,176,24.4,64.63,Ambient,Long_Distance,HDPE,79,Low,Low,No
F01646,Ground Coffee,Beverage,4.2,14.46,13.86,5.2,Very_Low,345,22.7,61.04,Ambient,Normal,High_Barrier_Laminate,95,Very_Low,Very_Low,No
F01647,Fish,Seafood,76.36,5.46,19.24,6.22,Very_Low,1,2.5,88.01,Chilled,Normal,PA_PE_Vacuum,89,Low,Very_Low,Yes
F01648,Mango,Fresh Produce,83.39,0.55,0.97,3.95,High,11,9.0,91.94,Chilled,Normal,Breathable_PE,41,High,High,Yes
F01649,Yogurt,Dairy,86.74,2.83,3.39,4.4,Very_Low,39,4.3,82.56,Chilled,Refrigerated,PP_Cup_Foil_Lid,47,Medium,Low,Yes
F01650,Tomato,Fresh Produce,99.69,0.16,1.07,4.26,High,10,4.6,85.81,Chilled,Long_Distance,Micro_Perforated_PE,42,High,High,Yes
F01651,Butter,Dairy,16.45,82.13,0.69,6.1,Very_Low,120,4.0,95.61,Chilled,Normal,Aluminum_Foil_Laminate,93,Very_Low,Very_Low,No
F01652,Peanuts,Nuts,7.1,49.5,25.24,6.58,Very_Low,176,24.8,62.64,Ambient,Normal,Metallized_PET_PE,81,Very_Low,Very_Low,No
F01653,Wheat Flour,Grain,11.79,4.18,12.46,6.15,Very_Low,185,24.9,69.5,Ambient,Normal,HDPE,77,Low,Low,No
F01654,Tomato,Fresh Produce,92.39,0.26,0.25,4.19,High,23,6.2,95.45,Chilled,Normal,Micro_Perforated_PE,35,High,High,Yes
F01655,Ground Coffee,Beverage,3.31,15.16,14.28,4.91,Very_Low,351,25.7,64.67,Ambient,Long_Distance,High_Barrier_Laminate,79,Very_Low,Very_Low,No
F01656,Yogurt,Dairy,87.11,1.97,4.33,4.51,Very_Low,31,2.7,82.84,Chilled,Long_Distance,PP_Cup_Foil_Lid,47,Medium,Low,Yes
F01657,Ground Coffee,Beverage,0.72,16.5,15.13,5.1,Very_Low,384,25.2,61.83,Ambient,Normal,High_Barrier_Laminate,101,Very_Low,Very_Low,No
F01658,Frozen Peas,Frozen Vegetable,78.75,0.0,5.85,6.21,Low,353,-17.9,89.73,Frozen,Normal,PE_Film,75,Medium,Low,Yes
F01659,Carrot,Fresh Produce,88.57,2.02,1.63,6.14,High,30,3.7,71.64,Chilled,Normal,Micro_Perforated_PE,47,High,High,Yes
F01660,Milk Powder,Dairy,6.16,24.97,26.49,6.41,Very_Low,343,23.2,76.07,Ambient,Long_Distance,Aluminum_Laminate,108,Very_Low,Very_Low,No
F01661,Wheat Flour,Grain,12.18,2.44,12.41,6.09,Very_Low,180,23.5,66.97,Ambient,Normal,HDPE,78,Low,Low,No
F01662,Peanuts,Nuts,7.82,48.06,25.74,6.48,Very_Low,190,25.6,65.12,Ambient,Normal,Metallized_PET_PE,77,Very_Low,Very_Low,No
F01663,Ground Coffee,Beverage,2.85,13.86,12.93,5.02,Very_Low,361,23.6,55.6,Ambient,Long_Distance,High_Barrier_Laminate,85,Very_Low,Very_Low,No
F01664,Yogurt,Dairy,85.2,3.14,3.8,4.21,Very_Low,34,4.2,78.73,Chilled,Long_Distance,PP_Cup_Foil_Lid,54,Medium,Low,Yes
F01665,Tomato,Fresh Produce,98.14,0.0,1.35,4.3,High,21,4.7,86.71,Chilled,Refrigerated,Micro_Perforated_PE,47,High,High,Yes
F01666,Ground Coffee,Beverage,3.42,15.32,15.23,5.07,Very_Low,391,25.2,64.8,Ambient,Long_Distance,High_Barrier_Laminate,77,Very_Low,Very_Low,No
F01667,Wheat Flour,Grain,10.44,1.34,13.58,6.2,Very_Low,166,23.9,58.22,Ambient,Normal,HDPE,80,Low,Low,No
F01668,Biscuits,Bakery,5.59,18.43,6.98,6.99,Very_Low,176,25.0,64.74,Ambient,Normal,BOPP_PE,58,Low,Low,No
F01669,Wheat Flour,Grain,10.7,0.0,12.19,6.06,Very_Low,178,25.9,54.44,Ambient,Normal,HDPE,82,Low,Low,No
F01670,Biscuits,Bakery,4.18,17.82,7.3,7.0,Very_Low,201,23.9,43.57,Ambient,Long_Distance,BOPP_PE,68,Low,Low,No
F01671,Rice,Grain,15.28,2.08,7.47,6.56,Very_Low,378,24.8,55.84,Ambient,Long_Distance,HDPE,78,Low,Low,No
F01672,Butter,Dairy,13.58,85.5,0.89,6.07,Very_Low,125,4.4,79.28,Chilled,Normal,Aluminum_Foil_Laminate,89,Very_Low,Very_Low,No
F01673,Rice,Grain,12.22,1.93,7.09,6.64,Very_Low,345,24.3,53.31,Ambient,Normal,HDPE,80,Low,Low,No
F01674,Bread,Bakery,39.17,4.83,8.89,5.43,Very_Low,8,24.7,63.77,Ambient,Normal,LDPE_Bag,50,Medium,Medium,No
F01675,Apple,Fresh Produce,89.01,0.0,0.35,3.76,High,49,5.2,89.72,Chilled,Refrigerated,Micro_Perforated_PE,42,High,High,Yes
F01676,Biscuits,Bakery,1.88,18.66,6.51,7.11,Very_Low,197,24.9,59.39,Ambient,Normal,BOPP_PE,54,Low,Low,No
F01677,Carrot,Fresh Produce,82.28,0.25,1.55,6.08,High,24,4.1,90.09,Chilled,Long_Distance,Micro_Perforated_PE,46,High,High,Yes
F01678,Tomato,Fresh Produce,100.0,2.45,1.45,4.29,High,13,5.9,86.02,Chilled,Long_Distance,Micro_Perforated_PE,43,High,High,Yes
F01679,Wheat Flour,Grain,10.42,2.33,13.26,6.09,Very_Low,172,24.7,59.24,Ambient,Normal,HDPE,81,Low,Low,No
F01680,Peanuts,Nuts,4.78,49.47,24.08,6.82,Very_Low,174,24.8,71.45,Ambient,Normal,Metallized_PET_PE,89,Very_Low,Very_Low,No
F01681,Coffee Powder,Beverage,5.9,15.75,13.36,5.08,Very_Low,353,25.1,69.0,Ambient,Long_Distance,Metallized_PET_PE,85,Very_Low,Very_Low,No
F01682,Bread,Bakery,38.48,4.45,9.18,5.57,Very_Low,1,24.5,58.31,Ambient,Normal,LDPE_Bag,42,Medium,Medium,No
F01683,Rice,Grain,12.37,1.23,7.04,6.42,Very_Low,358,25.4,59.18,Ambient,Long_Distance,HDPE,72,Low,Low,No
F01684,Coffee Powder,Beverage,2.57,14.97,14.65,4.93,Very_Low,361,26.0,70.36,Ambient,Long_Distance,Metallized_PET_PE,83,Very_Low,Very_Low,No
F01685,Peanuts,Nuts,3.22,50.04,25.11,6.64,Very_Low,172,26.2,59.99,Ambient,Normal,Metallized_PET_PE,85,Very_Low,Very_Low,No
F01686,Tomato,Fresh Produce,93.23,1.11,0.83,4.17,High,8,3.7,76.36,Chilled,Long_Distance,Micro_Perforated_PE,30,High,High,Yes
F01687,Peanuts,Nuts,6.4,49.49,25.93,6.57,Very_Low,186,24.5,66.0,Ambient,Long_Distance,Metallized_PET_PE,85,Very_Low,Very_Low,No
F01688,Fresh Chicken,Meat,71.86,8.93,23.83,5.78,Very_Low,1,4.4,89.53,Chilled,Long_Distance,PA_PE_Vacuum,91,Low,Very_Low,Yes
F01689,Rice,Grain,11.87,2.16,6.46,6.28,Very_Low,358,25.1,58.88,Ambient,Normal,HDPE,83,Low,Low,No
F01690,Butter,Dairy,15.9,83.2,1.11,6.38,Very_Low,123,3.0,82.79,Chilled,Normal,Aluminum_Foil_Laminate,90,Very_Low,Very_Low,No
F01691,Onion,Vegetable,92.22,0.72,0.74,5.47,Low,120,19.9,49.76,Ambient,Long_Distance,Breathable_PP,52,High,Medium,Yes
F01692,Ground Coffee,Beverage,2.21,14.2,14.66,5.04,Very_Low,367,25.0,57.48,Ambient,Normal,High_Barrier_Laminate,92,Very_Low,Very_Low,No
F01693,Frozen Peas,Frozen Vegetable,82.9,0.0,6.16,5.95,Low,369,-17.8,79.04,Frozen,Long_Distance,PE_Film,72,Medium,Low,Yes
F01694,Carrot,Fresh Produce,88.21,0.0,1.3,6.21,High,35,4.6,69.09,Chilled,Refrigerated,Micro_Perforated_PE,35,High,High,Yes
F01695,Rice,Grain,11.82,0.77,7.13,6.44,Very_Low,375,25.5,47.35,Ambient,Long_Distance,HDPE,76,Low,Low,No
F01696,Butter,Dairy,18.74,83.36,0.64,6.04,Very_Low,120,4.5,85.71,Chilled,Refrigerated,Aluminum_Foil_Laminate,91,Very_Low,Very_Low,No
F01697,Bread,Bakery,35.3,1.13,9.23,5.4,Very_Low,7,25.1,64.64,Ambient,Normal,LDPE_Bag,52,Medium,Medium,No
F01698,Coffee Powder,Beverage,3.23,13.69,13.27,5.12,Very_Low,368,23.8,51.9,Ambient,Long_Distance,Metallized_PET_PE,87,Very_Low,Very_Low,No
F01699,Carrot,Fresh Produce,87.9,0.0,1.56,5.94,High,25,4.1,72.88,Chilled,Refrigerated,Micro_Perforated_PE,43,High,High,Yes
F01700,Butter,Dairy,14.5,81.63,0.21,6.35,Very_Low,133,3.8,83.07,Chilled,Normal,Aluminum_Foil_Laminate,90,Very_Low,Very_Low,No
F01701,Onion,Vegetable,87.15,0.0,0.52,5.24,Low,125,20.7,57.52,Ambient,Normal,Breathable_PP,45,High,Medium,Yes
F01702,Mango,Fresh Produce,85.98,0.0,1.3,4.16,High,20,10.4,81.66,Chilled,Refrigerated,Breathable_PE,33,High,High,Yes
F01703,Carrot,Fresh Produce,87.23,0.0,1.56,6.1,High,41,5.7,86.86,Chilled,Normal,Micro_Perforated_PE,37,High,High,Yes
F01704,Butter,Dairy,12.7,83.09,0.8,6.25,Very_Low,137,3.1,90.01,Chilled,Refrigerated,Aluminum_Foil_Laminate,87,Very_Low,Very_Low,No
F01705,Mango,Fresh Produce,81.3,1.83,1.36,3.94,High,23,10.3,86.97,Chilled,Long_Distance,Breathable_PE,38,High,High,Yes
F01706,Cheese,Dairy,37.32,33.51,24.65,5.25,Very_Low,55,5.0,83.77,Chilled,Long_Distance,PA_PE_Vacuum,86,Low,Very_Low,Yes
F01707,Fresh Chicken,Meat,69.08,8.93,22.41,5.63,Very_Low,23,3.9,77.43,Chilled,Normal,PA_PE_Vacuum,90,Low,Very_Low,Yes
F01708,Rice,Grain,10.18,0.65,7.42,6.71,Very_Low,315,25.3,76.91,Ambient,Long_Distance,HDPE,81,Low,Low,No
F01709,Onion,Vegetable,86.35,1.11,1.68,5.38,Low,106,19.9,50.64,Ambient,Long_Distance,Breathable_PP,51,High,Medium,Yes
F01710,Peanuts,Nuts,4.78,48.91,27.18,6.55,Very_Low,165,25.2,53.76,Ambient,Long_Distance,Metallized_PET_PE,84,Very_Low,Very_Low,No
F01711,Peanuts,Nuts,4.01,45.61,24.73,6.46,Very_Low,181,25.2,53.05,Ambient,Normal,Metallized_PET_PE,78,Very_Low,Very_Low,No
F01712,Yogurt,Dairy,85.84,2.24,4.18,4.34,Very_Low,14,4.5,78.16,Chilled,Normal,PP_Cup_Foil_Lid,45,Medium,Low,Yes
F01713,Fish,Seafood,73.76,4.46,21.36,6.31,Very_Low,4,1.5,92.03,Chilled,Long_Distance,PA_PE_Vacuum,103,Low,Very_Low,Yes
F01714,Bread,Bakery,36.38,5.07,9.57,5.5,Very_Low,9,24.1,64.56,Ambient,Long_Distance,LDPE_Bag,47,Medium,Medium,No
F01715,Ground Coffee,Beverage,0.75,14.33,15.21,5.07,Very_Low,387,25.8,61.42,Ambient,Normal,High_Barrier_Laminate,102,Very_Low,Very_Low,No
F01716,Wheat Flour,Grain,7.95,0.16,12.92,6.14,Very_Low,175,24.7,53.73,Ambient,Normal,HDPE,78,Low,Low,No
F01717,Onion,Vegetable,92.0,0.0,1.06,5.35,Low,115,20.3,51.66,Ambient,Long_Distance,Breathable_PP,50,High,Medium,Yes
F01718,Biscuits,Bakery,5.33,19.2,7.0,6.97,Very_Low,178,25.7,63.8,Ambient,Normal,BOPP_PE,59,Low,Low,No
F01719,Wheat Flour,Grain,11.12,0.72,12.99,6.2,Very_Low,184,25.1,51.85,Ambient,Normal,HDPE,82,Low,Low,No
F01720,Frozen Peas,Frozen Vegetable,77.25,0.76,5.12,6.23,Low,374,-16.2,82.76,Frozen,Normal,PE_Film,70,Medium,Low,Yes
F01721,Bread,Bakery,37.94,3.44,9.47,5.35,Very_Low,6,26.1,62.97,Ambient,Long_Distance,LDPE_Bag,56,Medium,Medium,No
F01722,Onion,Vegetable,89.68,0.9,1.94,5.45,Low,122,20.2,54.39,Ambient,Long_Distance,Breathable_PP,52,High,Medium,Yes
F01723,Yogurt,Dairy,84.53,3.47,3.6,4.39,Very_Low,39,3.9,84.5,Chilled,Long_Distance,PP_Cup_Foil_Lid,50,Medium,Low,Yes
F01724,Cheese,Dairy,36.57,31.64,24.02,5.32,Very_Low,49,6.7,91.47,Chilled,Long_Distance,PA_PE_Vacuum,104,Low,Very_Low,Yes
F01725,Carrot,Fresh Produce,85.49,0.55,1.42,5.84,High,32,4.4,82.67,Chilled,Long_Distance,Micro_Perforated_PE,48,High,High,Yes
F01726,Carrot,Fresh Produce,91.11,0.0,1.83,5.8,High,30,6.8,92.14,Chilled,Long_Distance,Micro_Perforated_PE,44,High,High,Yes
F01727,Onion,Vegetable,87.92,0.0,1.44,5.67,Low,125,21.2,54.95,Ambient,Long_Distance,Breathable_PP,48,High,Medium,Yes
F01728,Milk Powder,Dairy,4.31,25.95,25.26,6.81,Very_Low,344,24.8,62.67,Ambient,Long_Distance,Aluminum_Laminate,100,Very_Low,Very_Low,No
F01729,Wheat Flour,Grain,12.14,3.43,12.56,6.12,Very_Low,171,25.9,68.93,Ambient,Long_Distance,HDPE,78,Low,Low,No
F01730,Wheat Flour,Grain,13.79,1.77,13.03,6.38,Very_Low,172,25.3,49.46,Ambient,Long_Distance,HDPE,84,Low,Low,No
F01731,Peanuts,Nuts,6.88,47.92,25.83,6.26,Very_Low,193,24.9,49.32,Ambient,Normal,Metallized_PET_PE,87,Very_Low,Very_Low,No
F01732,Rice,Grain,13.73,0.39,6.63,6.33,Very_Low,364,25.8,52.12,Ambient,Normal,HDPE,76,Low,Low,No
F01733,Biscuits,Bakery,2.36,18.04,7.04,7.09,Very_Low,177,24.5,46.89,Ambient,Long_Distance,BOPP_PE,60,Low,Low,No
F01734,Frozen Peas,Frozen Vegetable,82.68,0.0,5.63,5.99,Low,385,-17.9,81.38,Frozen,Long_Distance,PE_Film,69,Medium,Low,Yes
F01735,Coffee Powder,Beverage,1.64,15.53,13.53,4.94,Very_Low,372,25.8,46.36,Ambient,Long_Distance,Metallized_PET_PE,88,Very_Low,Very_Low,No
F01736,Cheese,Dairy,35.69,31.64,23.74,5.16,Very_Low,48,5.3,96.43,Chilled,Long_Distance,PA_PE_Vacuum,84,Low,Very_Low,Yes
F01737,Biscuits,Bakery,4.99,16.67,7.0,6.85,Very_Low,190,24.7,49.19,Ambient,Long_Distance,BOPP_PE,56,Low,Low,No
F01738,Apple,Fresh Produce,86.79,0.0,0.76,3.46,High,61,6.7,84.9,Chilled,Refrigerated,Micro_Perforated_PE,41,High,High,Yes
F01739,Peanuts,Nuts,3.9,47.0,24.57,6.45,Very_Low,173,25.5,63.36,Ambient,Long_Distance,Metallized_PET_PE,85,Very_Low,Very_Low,No
F01740,Onion,Vegetable,91.69,0.0,1.27,5.75,Low,113,20.0,52.84,Ambient,Normal,Breathable_PP,57,High,Medium,Yes
F01741,Potato Chips,Snacks,5.1,28.89,6.38,6.12,Very_Low,178,24.7,47.92,Ambient,Long_Distance,Metallized_PET_PE,79,Low,Very_Low,Yes
F01742,Onion,Vegetable,87.66,0.04,1.87,5.64,Low,120,19.5,60.48,Ambient,Normal,Breathable_PP,44,High,Medium,Yes
F01743,Butter,Dairy,19.38,82.61,1.88,6.33,Very_Low,107,3.7,89.32,Chilled,Long_Distance,Aluminum_Foil_Laminate,90,Very_Low,Very_Low,No
F01744,Biscuits,Bakery,3.02,18.07,6.15,7.03,Very_Low,190,26.3,45.27,Ambient,Long_Distance,BOPP_PE,53,Low,Low,No
F01745,Mango,Fresh Produce,76.88,2.94,0.77,4.16,High,18,10.1,93.76,Chilled,Normal,Breathable_PE,34,High,High,Yes
F01746,Carrot,Fresh Produce,86.15,0.45,1.4,6.01,High,31,5.5,82.07,Chilled,Long_Distance,Micro_Perforated_PE,49,High,High,Yes
F01747,Rice,Grain,10.26,0.0,7.67,6.34,Very_Low,376,25.3,54.5,Ambient,Long_Distance,HDPE,82,Low,Low,No
F01748,Carrot,Fresh Produce,88.3,0.0,1.31,6.1,High,31,5.1,88.02,Chilled,Long_Distance,Micro_Perforated_PE,43,High,High,Yes
F01749,Fish,Seafood,73.49,4.89,19.67,6.19,Very_Low,1,1.8,82.31,Chilled,Long_Distance,PA_PE_Vacuum,89,Low,Very_Low,Yes
F01750,Fresh Chicken,Meat,67.61,7.61,22.87,5.99,Very_Low,7,3.8,94.75,Chilled,Normal,PA_PE_Vacuum,87,Low,Very_Low,Yes
F01751,Tomato,Fresh Produce,90.19,0.0,0.54,4.23,High,15,5.8,90.19,Chilled,Refrigerated,Micro_Perforated_PE,38,High,High,Yes
F01752,Apple,Fresh Produce,83.22,0.06,0.44,3.37,High,66,5.2,83.84,Chilled,Long_Distance,Micro_Perforated_PE,41,High,High,Yes
F01753,Frozen Peas,Frozen Vegetable,83.86,0.31,5.07,6.18,Low,362,-15.7,86.4,Frozen,Normal,PE_Film,71,Medium,Low,Yes
F01754,Frozen Peas,Frozen Vegetable,79.6,2.14,4.43,6.06,Low,345,-18.6,89.65,Frozen,Normal,PE_Film,57,Medium,Low,Yes
F01755,Wheat Flour,Grain,13.38,0.56,12.28,5.98,Very_Low,202,23.9,60.2,Ambient,Normal,HDPE,78,Low,Low,No
F01756,Bread,Bakery,41.18,3.54,8.66,5.36,Very_Low,9,24.4,73.16,Ambient,Long_Distance,LDPE_Bag,59,Medium,Medium,No
F01757,Bread,Bakery,41.83,5.65,8.93,5.44,Very_Low,19,25.2,57.56,Ambient,Long_Distance,LDPE_Bag,42,Medium,Medium,No
F01758,Wheat Flour,Grain,10.58,1.93,12.93,6.27,Very_Low,172,24.6,52.22,Ambient,Long_Distance,HDPE,84,Low,Low,No
F01759,Wheat Flour,Grain,10.67,0.62,14.18,6.03,Very_Low,169,25.9,62.43,Ambient,Normal,HDPE,77,Low,Low,No
F01760,Apple,Fresh Produce,86.48,0.0,0.33,3.53,High,58,4.3,80.23,Chilled,Normal,Micro_Perforated_PE,43,High,High,Yes
F01761,Coffee Powder,Beverage,4.46,13.54,13.65,5.3,Very_Low,343,25.3,59.81,Ambient,Normal,Metallized_PET_PE,72,Very_Low,Very_Low,No
F01762,Butter,Dairy,15.98,85.83,1.21,6.17,Very_Low,128,3.6,81.52,Chilled,Normal,Aluminum_Foil_Laminate,87,Very_Low,Very_Low,No
F01763,Mango,Fresh Produce,83.38,1.44,1.1,4.02,High,22,9.9,77.03,Chilled,Long_Distance,Breathable_PE,45,High,High,Yes
F01764,Coffee Powder,Beverage,3.44,16.89,13.81,4.96,Very_Low,360,25.2,63.03,Ambient,Normal,Metallized_PET_PE,80,Very_Low,Very_Low,No
F01765,Carrot,Fresh Produce,83.89,0.0,1.59,6.18,High,32,6.5,92.51,Chilled,Normal,Micro_Perforated_PE,50,High,High,Yes
F01766,Mango,Fresh Produce,80.05,1.32,1.06,4.06,High,29,8.8,72.05,Chilled,Refrigerated,Breathable_PE,38,High,High,Yes
F01767,Fresh Chicken,Meat,71.12,8.48,21.47,5.82,Very_Low,1,4.2,80.97,Chilled,Refrigerated,PA_PE_Vacuum,94,Low,Very_Low,Yes
F01768,Wheat Flour,Grain,11.94,1.11,13.09,5.98,Very_Low,164,24.3,63.46,Ambient,Long_Distance,HDPE,76,Low,Low,No
F01769,Cheese,Dairy,36.83,30.81,25.4,5.4,Very_Low,53,3.8,82.92,Chilled,Refrigerated,PA_PE_Vacuum,87,Low,Very_Low,Yes
F01770,Butter,Dairy,17.15,81.83,1.16,6.0,Very_Low,117,4.9,79.95,Chilled,Normal,Aluminum_Foil_Laminate,75,Very_Low,Very_Low,No
F01771,Fish,Seafood,71.52,5.73,20.86,6.08,Very_Low,6,1.7,85.4,Chilled,Long_Distance,PA_PE_Vacuum,89,Low,Very_Low,Yes
F01772,Mango,Fresh Produce,87.04,0.0,0.09,4.04,High,20,9.7,76.91,Chilled,Normal,Breathable_PE,38,High,High,Yes
F01773,Peanuts,Nuts,4.44,46.67,25.0,6.48,Very_Low,187,24.6,66.13,Ambient,Long_Distance,Metallized_PET_PE,69,Very_Low,Very_Low,No
F01774,Potato Chips,Snacks,5.06,29.64,5.98,6.0,Very_Low,155,24.4,70.14,Ambient,Long_Distance,Metallized_PET_PE,69,Low,Very_Low,Yes
F01775,Fish,Seafood,74.85,3.28,20.54,6.27,Very_Low,1,2.2,89.63,Chilled,Long_Distance,PA_PE_Vacuum,84,Low,Very_Low,Yes
F01776,Milk Powder,Dairy,4.06,25.89,26.01,6.78,Very_Low,385,26.3,56.75,Ambient,Normal,Aluminum_Laminate,105,Very_Low,Very_Low,No
F01777,Yogurt,Dairy,84.16,4.13,4.13,4.48,Very_Low,31,3.9,84.39,Chilled,Normal,PP_Cup_Foil_Lid,53,Medium,Low,Yes
F01778,Peanuts,Nuts,5.17,49.84,24.91,6.47,Very_Low,177,24.0,53.87,Ambient,Normal,Metallized_PET_PE,80,Very_Low,Very_Low,No
F01779,Peanuts,Nuts,8.79,47.97,24.58,6.49,Very_Low,185,24.9,62.09,Ambient,Long_Distance,Metallized_PET_PE,82,Very_Low,Very_Low,No
F01780,Potato Chips,Snacks,3.39,31.39,5.66,6.14,Very_Low,170,25.2,49.89,Ambient,Normal,Metallized_PET_PE,85,Low,Very_Low,Yes
F01781,Mango,Fresh Produce,88.61,0.89,1.61,4.11,High,16,8.8,77.6,Chilled,Normal,Breathable_PE,38,High,High,Yes
F01782,Mango,Fresh Produce,79.29,1.59,0.89,3.96,High,24,10.5,77.42,Chilled,Refrigerated,Breathable_PE,49,High,High,Yes
F01783,Biscuits,Bakery,1.82,16.49,7.01,6.87,Very_Low,168,25.8,46.79,Ambient,Normal,BOPP_PE,64,Low,Low,No
F01784,Peanuts,Nuts,5.24,48.83,25.0,6.35,Very_Low,190,25.1,64.8,Ambient,Long_Distance,Metallized_PET_PE,88,Very_Low,Very_Low,No
F01785,Cheese,Dairy,35.74,34.03,24.0,5.33,Very_Low,58,5.2,87.34,Chilled,Normal,PA_PE_Vacuum,91,Low,Very_Low,Yes
F01786,Tomato,Fresh Produce,94.47,0.88,0.4,4.36,High,12,3.5,82.31,Chilled,Refrigerated,Micro_Perforated_PE,44,High,High,Yes
F01787,Wheat Flour,Grain,10.83,0.15,13.24,6.1,Very_Low,176,25.1,58.2,Ambient,Long_Distance,HDPE,87,Low,Low,No
F01788,Peanuts,Nuts,5.88,48.19,22.76,6.47,Very_Low,183,25.4,59.12,Ambient,Long_Distance,Metallized_PET_PE,74,Very_Low,Very_Low,No
F01789,Cheese,Dairy,36.59,32.65,25.76,5.26,Very_Low,54,5.5,72.37,Chilled,Normal,PA_PE_Vacuum,92,Low,Very_Low,Yes
F01790,Cheese,Dairy,37.73,33.59,25.72,5.07,Very_Low,58,4.0,84.32,Chilled,Refrigerated,PA_PE_Vacuum,92,Low,Very_Low,Yes
F01791,Apple,Fresh Produce,84.36,0.21,0.0,3.6,High,67,5.7,82.74,Chilled,Refrigerated,Micro_Perforated_PE,39,High,High,Yes
F01792,Butter,Dairy,14.02,75.73,1.99,6.2,Very_Low,112,4.5,89.83,Chilled,Refrigerated,Aluminum_Foil_Laminate,90,Very_Low,Very_Low,No
F01793,Ground Coffee,Beverage,5.07,14.95,15.03,5.05,Very_Low,381,24.3,44.66,Ambient,Long_Distance,High_Barrier_Laminate,81,Very_Low,Very_Low,No
F01794,Peanuts,Nuts,3.13,48.69,25.93,6.68,Very_Low,193,23.7,72.67,Ambient,Normal,Metallized_PET_PE,82,Very_Low,Very_Low,No
F01795,Tomato,Fresh Produce,94.57,0.0,0.27,4.44,High,18,4.3,95.63,Chilled,Refrigerated,Micro_Perforated_PE,38,High,High,Yes
F01796,Wheat Flour,Grain,12.82,1.6,11.78,6.01,Very_Low,161,26.1,68.73,Ambient,Long_Distance,HDPE,78,Low,Low,No
F01797,Onion,Vegetable,87.96,0.13,1.26,5.38,Low,130,20.8,58.24,Ambient,Normal,Breathable_PP,48,High,Medium,Yes
F01798,Peanuts,Nuts,9.35,51.69,24.57,6.47,Very_Low,161,24.6,63.07,Ambient,Normal,Metallized_PET_PE,81,Very_Low,Very_Low,No
F01799,Fresh Chicken,Meat,70.57,7.15,22.18,5.75,Very_Low,9,3.2,89.33,Chilled,Normal,PA_PE_Vacuum,83,Low,Very_Low,Yes
F01800,Apple,Fresh Produce,89.85,0.36,0.78,3.57,High,55,5.1,90.1,Chilled,Refrigerated,Micro_Perforated_PE,39,High,High,Yes
F01801,Ground Coffee,Beverage,1.4,13.89,14.99,5.09,Very_Low,380,26.6,64.97,Ambient,Long_Distance,High_Barrier_Laminate,80,Very_Low,Very_Low,No
F01802,Carrot,Fresh Produce,86.51,0.0,1.2,6.01,High,42,4.1,70.82,Chilled,Long_Distance,Micro_Perforated_PE,42,High,High,Yes
F01803,Tomato,Fresh Produce,98.37,0.61,1.22,4.12,High,21,7.2,64.85,Chilled,Long_Distance,Micro_Perforated_PE,35,High,High,Yes
F01804,Frozen Peas,Frozen Vegetable,74.75,1.04,5.44,5.99,Low,369,-16.6,81.8,Frozen,Normal,PE_Film,72,Medium,Low,Yes
F01805,Rice,Grain,15.37,1.25,7.06,6.67,Very_Low,329,24.6,78.37,Ambient,Long_Distance,HDPE,80,Low,Low,No
F01806,Peanuts,Nuts,6.58,50.14,24.63,6.37,Very_Low,174,24.3,48.46,Ambient,Normal,Metallized_PET_PE,83,Very_Low,Very_Low,No
F01807,Biscuits,Bakery,2.07,18.1,6.89,7.18,Very_Low,172,24.8,62.86,Ambient,Long_Distance,BOPP_PE,64,Low,Low,No
F01808,Tomato,Fresh Produce,96.06,0.64,1.28,4.3,High,14,5.1,85.11,Chilled,Long_Distance,Micro_Perforated_PE,43,High,High,Yes
F01809,Bread,Bakery,37.35,5.9,8.96,5.47,Very_Low,2,25.3,64.99,Ambient,Long_Distance,LDPE_Bag,46,Medium,Medium,No
F01810,Biscuits,Bakery,4.21,17.7,6.42,6.89,Very_Low,192,24.5,49.77,Ambient,Normal,BOPP_PE,65,Low,Low,No
F01811,Biscuits,Bakery,4.74,19.45,6.97,7.07,Very_Low,176,25.9,46.16,Ambient,Normal,BOPP_PE,61,Low,Low,No
F01812,Tomato,Fresh Produce,98.44,0.9,0.64,4.4,High,5,5.1,95.64,Chilled,Normal,Micro_Perforated_PE,42,High,High,Yes
F01813,Butter,Dairy,17.97,81.29,0.65,6.13,Very_Low,126,5.3,76.12,Chilled,Normal,Aluminum_Foil_Laminate,96,Very_Low,Very_Low,No
F01814,Wheat Flour,Grain,10.79,1.35,12.93,6.23,Very_Low,163,24.9,66.85,Ambient,Long_Distance,HDPE,78,Low,Low,No
F01815,Peanuts,Nuts,3.88,49.32,24.13,6.52,Very_Low,193,26.1,58.8,Ambient,Long_Distance,Metallized_PET_PE,74,Very_Low,Very_Low,No
F01816,Bread,Bakery,35.61,4.97,8.61,5.66,Very_Low,6,26.8,58.12,Ambient,Long_Distance,LDPE_Bag,57,Medium,Medium,No
F01817,Frozen Peas,Frozen Vegetable,77.58,0.78,4.83,6.07,Low,363,-17.8,87.02,Frozen,Long_Distance,PE_Film,62,Medium,Low,Yes
F01818,Ground Coffee,Beverage,2.25,14.57,13.65,5.09,Very_Low,322,26.0,51.53,Ambient,Long_Distance,High_Barrier_Laminate,97,Very_Low,Very_Low,No
F01819,Ground Coffee,Beverage,3.53,12.77,14.31,5.16,Very_Low,349,24.9,72.44,Ambient,Normal,High_Barrier_Laminate,88,Very_Low,Very_Low,No
F01820,Onion,Vegetable,85.27,0.81,1.85,5.52,Low,128,19.6,56.21,Ambient,Long_Distance,Breathable_PP,52,High,Medium,Yes
F01821,Tomato,Fresh Produce,94.03,0.0,0.15,4.37,High,15,4.0,83.39,Chilled,Normal,Micro_Perforated_PE,43,High,High,Yes
F01822,Peanuts,Nuts,7.17,48.32,24.52,6.41,Very_Low,184,24.6,54.11,Ambient,Normal,Metallized_PET_PE,80,Very_Low,Very_Low,No
F01823,Peanuts,Nuts,6.13,49.94,25.01,6.43,Very_Low,174,26.0,59.1,Ambient,Normal,Metallized_PET_PE,80,Very_Low,Very_Low,No
F01824,Milk Powder,Dairy,1.92,24.63,24.56,6.45,Very_Low,388,24.9,74.06,Ambient,Normal,Aluminum_Laminate,95,Very_Low,Very_Low,No
F01825,Ground Coffee,Beverage,3.67,14.9,13.47,5.21,Very_Low,360,23.8,60.42,Ambient,Normal,High_Barrier_Laminate,95,Very_Low,Very_Low,No
F01826,Potato Chips,Snacks,6.01,29.58,6.02,6.38,Very_Low,194,25.5,72.82,Ambient,Long_Distance,Metallized_PET_PE,85,Low,Very_Low,Yes
F01827,Bread,Bakery,39.89,4.81,8.94,5.27,Very_Low,7,23.0,62.51,Ambient,Normal,LDPE_Bag,50,Medium,Medium,No
F01828,Biscuits,Bakery,0.0,16.52,6.95,7.06,Very_Low,179,25.3,45.79,Ambient,Long_Distance,BOPP_PE,53,Low,Low,No
F01829,Ground Coffee,Beverage,5.42,14.43,14.82,5.02,Very_Low,399,27.5,63.73,Ambient,Normal,High_Barrier_Laminate,91,Very_Low,Very_Low,No
F01830,Peanuts,Nuts,4.4,51.07,24.91,6.6,Very_Low,184,25.5,57.76,Ambient,Normal,Metallized_PET_PE,83,Very_Low,Very_Low,No
F01831,Potato Chips,Snacks,6.0,28.02,6.9,6.09,Very_Low,169,25.4,73.63,Ambient,Normal,Metallized_PET_PE,92,Low,Very_Low,Yes
F01832,Coffee Powder,Beverage,3.06,16.13,14.27,4.71,Very_Low,369,24.9,49.31,Ambient,Long_Distance,Metallized_PET_PE,82,Very_Low,Very_Low,No
F01833,Onion,Vegetable,87.41,0.0,1.22,5.5,Low,131,21.0,66.39,Ambient,Long_Distance,Breathable_PP,47,High,Medium,Yes
F01834,Rice,Grain,8.19,0.32,6.81,6.35,Very_Low,399,24.7,75.71,Ambient,Normal,HDPE,83,Low,Low,No
F01835,Wheat Flour,Grain,14.72,1.98,12.69,5.93,Very_Low,175,25.3,53.94,Ambient,Long_Distance,HDPE,87,Low,Low,No
F01836,Onion,Vegetable,86.96,0.0,0.05,5.2,Low,128,21.6,58.95,Ambient,Long_Distance,Breathable_PP,54,High,Medium,Yes
F01837,Cheese,Dairy,41.75,33.98,25.09,5.13,Very_Low,54,5.3,75.11,Chilled,Refrigerated,PA_PE_Vacuum,84,Low,Very_Low,Yes
F01838,Onion,Vegetable,88.18,0.95,0.31,5.38,Low,130,21.3,50.11,Ambient,Long_Distance,Breathable_PP,52,High,Medium,Yes
F01839,Butter,Dairy,15.86,79.72,1.45,6.2,Very_Low,129,4.4,72.0,Chilled,Long_Distance,Aluminum_Foil_Laminate,93,Very_Low,Very_Low,No
F01840,Butter,Dairy,15.2,80.75,1.36,6.02,Very_Low,122,2.6,75.73,Chilled,Refrigerated,Aluminum_Foil_Laminate,90,Very_Low,Very_Low,No
F01841,Bread,Bakery,36.68,5.66,8.81,5.65,Very_Low,14,25.8,57.9,Ambient,Long_Distance,LDPE_Bag,58,Medium,Medium,No
F01842,Coffee Powder,Beverage,2.54,16.02,14.24,5.0,Very_Low,301,24.3,58.85,Ambient,Normal,Metallized_PET_PE,82,Very_Low,Very_Low,No
F01843,Butter,Dairy,15.98,83.57,0.95,6.17,Very_Low,129,4.5,89.85,Chilled,Refrigerated,Aluminum_Foil_Laminate,92,Very_Low,Very_Low,No
F01844,Wheat Flour,Grain,10.36,2.61,12.28,5.99,Very_Low,183,24.5,47.24,Ambient,Normal,HDPE,83,Low,Low,No
F01845,Peanuts,Nuts,3.24,51.55,25.24,6.46,Very_Low,168,25.3,65.59,Ambient,Normal,Metallized_PET_PE,71,Very_Low,Very_Low,No
F01846,Cheese,Dairy,38.22,33.94,26.67,5.23,Very_Low,76,3.2,82.99,Chilled,Long_Distance,PA_PE_Vacuum,90,Low,Very_Low,Yes
F01847,Tomato,Fresh Produce,89.25,0.0,0.14,4.49,High,17,5.4,74.47,Chilled,Long_Distance,Micro_Perforated_PE,48,High,High,Yes
F01848,Potato Chips,Snacks,0.0,30.77,5.63,5.94,Very_Low,185,24.9,57.23,Ambient,Normal,Metallized_PET_PE,79,Low,Very_Low,Yes
F01849,Apple,Fresh Produce,89.37,0.0,0.22,3.62,High,57,4.8,83.56,Chilled,Long_Distance,Micro_Perforated_PE,29,High,High,Yes
F01850,Frozen Peas,Frozen Vegetable,77.94,0.0,5.84,6.24,Low,363,-18.6,88.35,Frozen,Long_Distance,PE_Film,74,Medium,Low,Yes
F01851,Yogurt,Dairy,87.79,2.51,4.43,4.67,Very_Low,24,4.0,86.22,Chilled,Long_Distance,PP_Cup_Foil_Lid,47,Medium,Low,Yes
F01852,Carrot,Fresh Produce,88.86,0.45,0.0,6.03,High,35,4.8,70.01,Chilled,Long_Distance,Micro_Perforated_PE,38,High,High,Yes
F01853,Butter,Dairy,16.41,79.3,1.14,6.29,Very_Low,115,2.4,81.84,Chilled,Refrigerated,Aluminum_Foil_Laminate,96,Very_Low,Very_Low,No
F01854,Rice,Grain,16.16,0.04,7.24,6.54,Very_Low,386,23.5,67.69,Ambient,Normal,HDPE,77,Low,Low,No
F01855,Rice,Grain,11.6,0.0,6.56,6.36,Very_Low,353,26.2,63.23,Ambient,Normal,HDPE,82,Low,Low,No
F01856,Tomato,Fresh Produce,89.14,1.58,0.49,4.11,High,8,4.0,85.82,Chilled,Long_Distance,Micro_Perforated_PE,41,High,High,Yes
F01857,Apple,Fresh Produce,86.45,0.0,0.0,3.35,High,63,6.3,83.72,Chilled,Long_Distance,Micro_Perforated_PE,42,High,High,Yes
F01858,Butter,Dairy,15.5,79.46,1.0,6.28,Very_Low,126,4.1,80.36,Chilled,Refrigerated,Aluminum_Foil_Laminate,91,Very_Low,Very_Low,No
F01859,Fresh Chicken,Meat,76.23,7.63,22.65,5.82,Very_Low,1,4.1,76.62,Chilled,Long_Distance,PA_PE_Vacuum,93,Low,Very_Low,Yes
F01860,Butter,Dairy,13.48,81.14,1.17,6.02,Very_Low,116,4.1,85.57,Chilled,Normal,Aluminum_Foil_Laminate,90,Very_Low,Very_Low,No
F01861,Butter,Dairy,13.5,77.71,0.45,6.13,Very_Low,112,4.2,90.63,Chilled,Refrigerated,Aluminum_Foil_Laminate,90,Very_Low,Very_Low,No
F01862,Yogurt,Dairy,88.22,2.51,3.61,4.31,Very_Low,30,4.6,85.78,Chilled,Normal,PP_Cup_Foil_Lid,51,Medium,Low,Yes
F01863,Rice,Grain,9.7,0.71,6.74,6.35,Very_Low,357,26.1,61.58,Ambient,Normal,HDPE,80,Low,Low,No
F01864,Frozen Peas,Frozen Vegetable,82.46,0.73,6.03,6.16,Low,388,-19.0,77.7,Frozen,Long_Distance,PE_Film,69,Medium,Low,Yes
F01865,Peanuts,Nuts,7.11,47.47,23.97,6.43,Very_Low,185,25.1,61.45,Ambient,Long_Distance,Metallized_PET_PE,84,Very_Low,Very_Low,No
F01866,Fresh Chicken,Meat,71.3,6.38,23.82,5.68,Very_Low,7,5.1,76.58,Chilled,Normal,PA_PE_Vacuum,80,Low,Very_Low,Yes
F01867,Apple,Fresh Produce,84.99,0.75,0.29,3.47,High,66,4.4,82.0,Chilled,Long_Distance,Micro_Perforated_PE,43,High,High,Yes
F01868,Fish,Seafood,72.93,4.59,19.69,6.32,Very_Low,9,2.9,71.34,Chilled,Refrigerated,PA_PE_Vacuum,90,Low,Very_Low,Yes
F01869,Milk Powder,Dairy,2.05,26.83,26.25,6.53,Very_Low,359,23.3,70.62,Ambient,Long_Distance,Aluminum_Laminate,100,Very_Low,Very_Low,No
F01870,Yogurt,Dairy,83.0,3.23,3.58,4.24,Very_Low,31,4.3,88.86,Chilled,Refrigerated,PP_Cup_Foil_Lid,39,Medium,Low,Yes
F01871,Cheese,Dairy,38.43,33.12,26.37,5.14,Very_Low,50,4.1,95.54,Chilled,Normal,PA_PE_Vacuum,90,Low,Very_Low,Yes
F01872,Potato Chips,Snacks,1.81,29.94,6.08,6.09,Very_Low,178,25.0,70.69,Ambient,Normal,Metallized_PET_PE,84,Low,Very_Low,Yes
F01873,Carrot,Fresh Produce,88.57,0.0,0.22,5.95,High,12,5.1,87.27,Chilled,Normal,Micro_Perforated_PE,39,High,High,Yes
F01874,Ground Coffee,Beverage,3.66,14.29,14.55,4.98,Very_Low,371,24.7,47.31,Ambient,Long_Distance,High_Barrier_Laminate,95,Very_Low,Very_Low,No
F01875,Fish,Seafood,77.84,4.5,19.85,6.37,Very_Low,16,2.4,75.94,Chilled,Long_Distance,PA_PE_Vacuum,99,Low,Very_Low,Yes
F01876,Butter,Dairy,15.34,82.34,1.42,6.32,Very_Low,142,3.4,70.35,Chilled,Refrigerated,Aluminum_Foil_Laminate,91,Very_Low,Very_Low,No
F01877,Apple,Fresh Produce,88.9,1.62,0.72,3.37,High,67,4.7,74.83,Chilled,Long_Distance,Micro_Perforated_PE,25,High,High,Yes
F01878,Biscuits,Bakery,5.99,19.7,5.86,6.89,Very_Low,182,24.8,57.78,Ambient,Long_Distance,BOPP_PE,61,Low,Low,No
F01879,Apple,Fresh Produce,88.56,0.37,0.36,3.47,High,59,4.7,83.45,Chilled,Long_Distance,Micro_Perforated_PE,44,High,High,Yes
F01880,Peanuts,Nuts,5.65,49.8,24.85,6.77,Very_Low,167,24.9,41.45,Ambient,Normal,Metallized_PET_PE,83,Very_Low,Very_Low,No
F01881,Fresh Chicken,Meat,67.59,7.01,22.47,5.86,Very_Low,4,4.4,89.19,Chilled,Long_Distance,PA_PE_Vacuum,97,Low,Very_Low,Yes
F01882,Carrot,Fresh Produce,90.19,0.0,0.29,6.05,High,24,5.1,83.54,Chilled,Long_Distance,Micro_Perforated_PE,35,High,High,Yes
F01883,Biscuits,Bakery,4.6,19.82,6.77,7.02,Very_Low,182,25.0,65.1,Ambient,Normal,BOPP_PE,56,Low,Low,No
F01884,Fresh Chicken,Meat,74.96,8.48,22.24,5.79,Very_Low,7,4.6,66.91,Chilled,Long_Distance,PA_PE_Vacuum,91,Low,Very_Low,Yes
F01885,Tomato,Fresh Produce,91.83,0.0,0.8,4.39,High,11,5.9,81.32,Chilled,Refrigerated,Micro_Perforated_PE,39,High,High,Yes
F01886,Bread,Bakery,34.74,5.58,9.42,5.59,Very_Low,3,24.0,54.21,Ambient,Normal,LDPE_Bag,55,Medium,Medium,No
F01887,Potato Chips,Snacks,2.15,29.79,6.03,6.21,Very_Low,163,25.6,64.65,Ambient,Long_Distance,Metallized_PET_PE,70,Low,Very_Low,Yes
F01888,Coffee Powder,Beverage,3.29,14.52,14.41,5.06,Very_Low,364,24.4,62.02,Ambient,Long_Distance,Metallized_PET_PE,70,Very_Low,Very_Low,No
F01889,Rice,Grain,12.27,1.84,6.79,6.42,Very_Low,386,24.3,75.05,Ambient,Normal,HDPE,82,Low,Low,No
F01890,Fish,Seafood,74.76,6.52,20.07,6.37,Very_Low,2,2.5,76.5,Chilled,Long_Distance,PA_PE_Vacuum,101,Low,Very_Low,Yes
F01891,Fish,Seafood,72.43,4.22,19.05,6.46,Very_Low,11,2.7,86.23,Chilled,Long_Distance,PA_PE_Vacuum,88,Low,Very_Low,Yes
F01892,Fish,Seafood,76.63,6.63,20.05,6.35,Very_Low,19,2.2,78.63,Chilled,Long_Distance,PA_PE_Vacuum,97,Low,Very_Low,Yes
F01893,Potato Chips,Snacks,2.83,32.09,7.25,6.21,Very_Low,181,24.8,49.98,Ambient,Long_Distance,Metallized_PET_PE,81,Low,Very_Low,Yes
F01894,Frozen Peas,Frozen Vegetable,83.58,0.0,5.83,6.08,Low,348,-17.4,82.05,Frozen,Long_Distance,PE_Film,75,Medium,Low,Yes
F01895,Carrot,Fresh Produce,80.85,0.0,0.61,5.93,High,32,4.5,95.61,Chilled,Refrigerated,Micro_Perforated_PE,39,High,High,Yes
F01896,Mango,Fresh Produce,82.15,2.11,1.56,4.1,High,29,9.8,94.13,Chilled,Normal,Breathable_PE,38,High,High,Yes
F01897,Potato Chips,Snacks,1.4,27.5,5.7,5.84,Very_Low,170,24.8,47.15,Ambient,Normal,Metallized_PET_PE,83,Low,Very_Low,Yes
F01898,Onion,Vegetable,90.8,1.49,1.42,5.32,Low,111,19.9,52.85,Ambient,Long_Distance,Breathable_PP,52,High,Medium,Yes
F01899,Rice,Grain,11.52,1.52,6.87,6.53,Very_Low,371,25.7,66.65,Ambient,Long_Distance,HDPE,83,Low,Low,No
F01900,Peanuts,Nuts,6.46,49.94,26.02,6.66,Very_Low,181,24.2,73.38,Ambient,Normal,Metallized_PET_PE,79,Very_Low,Very_Low,No
F01901,Apple,Fresh Produce,83.41,0.13,0.38,3.62,High,60,4.4,85.56,Chilled,Refrigerated,Micro_Perforated_PE,42,High,High,Yes
F01902,Milk Powder,Dairy,2.03,28.95,25.79,6.32,Very_Low,334,25.8,61.5,Ambient,Long_Distance,Aluminum_Laminate,102,Very_Low,Very_Low,No
F01903,Onion,Vegetable,85.11,2.21,0.97,5.62,Low,121,19.8,61.48,Ambient,Normal,Breathable_PP,49,High,Medium,Yes
F01904,Butter,Dairy,15.65,81.01,0.48,5.96,Very_Low,108,4.1,87.03,Chilled,Long_Distance,Aluminum_Foil_Laminate,88,Very_Low,Very_Low,No
F01905,Biscuits,Bakery,3.65,19.04,6.7,6.9,Very_Low,170,26.9,52.19,Ambient,Normal,BOPP_PE,53,Low,Low,No
F01906,Carrot,Fresh Produce,80.91,2.21,1.1,6.11,High,29,4.5,90.65,Chilled,Refrigerated,Micro_Perforated_PE,45,High,High,Yes
F01907,Apple,Fresh Produce,84.86,0.0,0.0,3.63,High,58,6.3,85.39,Chilled,Normal,Micro_Perforated_PE,37,High,High,Yes
F01908,Fresh Chicken,Meat,70.42,8.04,22.45,5.98,Very_Low,12,5.1,90.38,Chilled,Long_Distance,PA_PE_Vacuum,91,Low,Very_Low,Yes
F01909,Cheese,Dairy,35.98,33.3,27.33,5.17,Very_Low,51,4.8,75.24,Chilled,Refrigerated,PA_PE_Vacuum,86,Low,Very_Low,Yes
F01910,Fresh Chicken,Meat,70.08,5.26,24.68,5.86,Very_Low,7,4.9,89.4,Chilled,Long_Distance,PA_PE_Vacuum,97,Low,Very_Low,Yes
F01911,Milk Powder,Dairy,5.19,26.72,24.97,6.46,Very_Low,381,26.3,74.98,Ambient,Normal,Aluminum_Laminate,96,Very_Low,Very_Low,No
F01912,Ground Coffee,Beverage,2.96,13.2,14.19,4.99,Very_Low,361,23.8,58.46,Ambient,Long_Distance,High_Barrier_Laminate,89,Very_Low,Very_Low,No
F01913,Onion,Vegetable,85.38,0.27,0.77,5.52,Low,120,19.9,53.34,Ambient,Long_Distance,Breathable_PP,48,High,Medium,Yes
F01914,Peanuts,Nuts,6.75,49.36,23.2,6.49,Very_Low,181,25.3,62.19,Ambient,Long_Distance,Metallized_PET_PE,85,Very_Low,Very_Low,No
F01915,Frozen Peas,Frozen Vegetable,81.51,0.0,5.14,6.21,Low,375,-16.3,86.58,Frozen,Normal,PE_Film,71,Medium,Low,Yes
F01916,Biscuits,Bakery,5.67,18.18,6.86,7.03,Very_Low,184,25.6,50.59,Ambient,Long_Distance,BOPP_PE,63,Low,Low,No
F01917,Onion,Vegetable,89.9,2.34,1.51,5.42,Low,122,19.7,53.49,Ambient,Long_Distance,Breathable_PP,53,High,Medium,Yes
F01918,Yogurt,Dairy,89.7,2.49,3.05,4.36,Very_Low,20,5.0,76.01,Chilled,Normal,PP_Cup_Foil_Lid,49,Medium,Low,Yes
F01919,Fish,Seafood,76.57,5.88,19.92,6.23,Very_Low,6,0.7,71.45,Chilled,Refrigerated,PA_PE_Vacuum,91,Low,Very_Low,Yes
F01920,Cheese,Dairy,35.26,33.66,24.56,5.09,Very_Low,58,4.6,86.0,Chilled,Refrigerated,PA_PE_Vacuum,92,Low,Very_Low,Yes
F01921,Frozen Peas,Frozen Vegetable,78.95,0.0,4.74,6.25,Low,329,-17.4,89.82,Frozen,Long_Distance,PE_Film,62,Medium,Low,Yes
F01922,Bread,Bakery,36.44,4.83,8.91,5.39,Very_Low,1,25.3,48.41,Ambient,Normal,LDPE_Bag,49,Medium,Medium,No
F01923,Coffee Powder,Beverage,2.74,16.33,13.14,4.92,Very_Low,372,26.7,65.4,Ambient,Long_Distance,Metallized_PET_PE,75,Very_Low,Very_Low,No
F01924,Ground Coffee,Beverage,3.82,15.73,13.74,5.2,Very_Low,391,25.3,60.01,Ambient,Long_Distance,High_Barrier_Laminate,99,Very_Low,Very_Low,No
F01925,Cheese,Dairy,37.68,34.48,24.84,5.12,Very_Low,62,3.2,84.12,Chilled,Long_Distance,PA_PE_Vacuum,92,Low,Very_Low,Yes
F01926,Apple,Fresh Produce,86.71,0.0,0.1,3.32,High,71,4.9,78.02,Chilled,Normal,Micro_Perforated_PE,39,High,High,Yes
F01927,Coffee Powder,Beverage,2.96,15.91,15.35,5.19,Very_Low,374,24.4,62.3,Ambient,Normal,Metallized_PET_PE,79,Very_Low,Very_Low,No
F01928,Biscuits,Bakery,0.17,17.86,6.83,7.11,Very_Low,202,23.2,72.14,Ambient,Long_Distance,BOPP_PE,63,Low,Low,No
F01929,Yogurt,Dairy,89.04,1.95,4.37,4.3,Very_Low,29,3.5,90.76,Chilled,Long_Distance,PP_Cup_Foil_Lid,45,Medium,Low,Yes
F01930,Tomato,Fresh Produce,93.0,0.0,1.35,4.4,High,16,5.3,92.68,Chilled,Normal,Micro_Perforated_PE,39,High,High,Yes
F01931,Yogurt,Dairy,85.84,3.47,3.84,4.53,Very_Low,32,2.9,81.04,Chilled,Refrigerated,PP_Cup_Foil_Lid,44,Medium,Low,Yes
F01932,Wheat Flour,Grain,14.49,0.0,12.64,5.96,Very_Low,181,25.5,48.87,Ambient,Long_Distance,HDPE,71,Low,Low,No
F01933,Fresh Chicken,Meat,70.43,8.23,21.42,5.62,Very_Low,16,3.9,93.81,Chilled,Refrigerated,PA_PE_Vacuum,90,Low,Very_Low,Yes
F01934,Fresh Chicken,Meat,73.77,7.55,23.28,5.85,Very_Low,1,3.6,83.79,Chilled,Refrigerated,PA_PE_Vacuum,87,Low,Very_Low,Yes
F01935,Onion,Vegetable,87.81,1.49,1.59,5.39,Low,132,18.5,61.39,Ambient,Long_Distance,Breathable_PP,49,High,Medium,Yes
F01936,Coffee Powder,Beverage,5.12,13.35,13.58,5.05,Very_Low,354,25.2,59.38,Ambient,Long_Distance,Metallized_PET_PE,84,Very_Low,Very_Low,No
F01937,Butter,Dairy,16.25,85.61,0.85,6.35,Very_Low,127,2.8,81.59,Chilled,Normal,Aluminum_Foil_Laminate,90,Very_Low,Very_Low,No
F01938,Biscuits,Bakery,2.02,18.94,7.16,7.01,Very_Low,166,24.9,52.08,Ambient,Normal,BOPP_PE,53,Low,Low,No
F01939,Fresh Chicken,Meat,73.17,5.64,21.17,5.54,Very_Low,8,3.3,86.32,Chilled,Refrigerated,PA_PE_Vacuum,88,Low,Very_Low,Yes
F01940,Fresh Chicken,Meat,69.98,6.22,23.23,5.83,Very_Low,3,3.5,84.21,Chilled,Refrigerated,PA_PE_Vacuum,87,Low,Very_Low,Yes
F01941,Yogurt,Dairy,85.91,4.95,3.47,4.19,Very_Low,27,5.0,80.51,Chilled,Long_Distance,PP_Cup_Foil_Lid,54,Medium,Low,Yes
F01942,Tomato,Fresh Produce,96.13,0.0,0.19,4.24,High,19,3.4,82.96,Chilled,Refrigerated,Micro_Perforated_PE,43,High,High,Yes
F01943,Bread,Bakery,41.2,7.03,9.48,5.47,Very_Low,16,24.8,64.99,Ambient,Normal,LDPE_Bag,48,Medium,Medium,No
F01944,Frozen Peas,Frozen Vegetable,78.87,0.0,5.5,6.26,Low,395,-19.9,83.14,Frozen,Normal,PE_Film,69,Medium,Low,Yes
F01945,Yogurt,Dairy,86.41,3.23,3.94,4.66,Very_Low,36,4.0,87.61,Chilled,Long_Distance,PP_Cup_Foil_Lid,47,Medium,Low,Yes
F01946,Cheese,Dairy,33.14,32.79,26.66,5.39,Very_Low,68,5.0,86.94,Chilled,Refrigerated,PA_PE_Vacuum,90,Low,Very_Low,Yes
F01947,Tomato,Fresh Produce,97.35,0.0,1.57,4.24,High,1,4.4,84.29,Chilled,Refrigerated,Micro_Perforated_PE,25,High,High,Yes
F01948,Fresh Chicken,Meat,75.39,8.72,24.32,5.82,Very_Low,1,5.2,76.69,Chilled,Long_Distance,PA_PE_Vacuum,93,Low,Very_Low,Yes
F01949,Yogurt,Dairy,89.25,3.45,3.7,4.45,Very_Low,39,5.6,82.87,Chilled,Refrigerated,PP_Cup_Foil_Lid,48,Medium,Low,Yes
F01950,Yogurt,Dairy,83.61,2.82,4.04,4.33,Very_Low,33,4.4,77.74,Chilled,Refrigerated,PP_Cup_Foil_Lid,50,Medium,Low,Yes
F01951,Biscuits,Bakery,0.97,17.65,7.27,6.94,Very_Low,191,24.9,67.79,Ambient,Long_Distance,BOPP_PE,61,Low,Low,No
F01952,Coffee Powder,Beverage,3.24,16.34,13.91,5.02,Very_Low,354,25.7,59.25,Ambient,Long_Distance,Metallized_PET_PE,80,Very_Low,Very_Low,No
F01953,Onion,Vegetable,84.79,0.76,1.25,5.5,Low,114,21.2,55.14,Ambient,Long_Distance,Breathable_PP,49,High,Medium,Yes
F01954,Tomato,Fresh Produce,90.2,0.26,0.71,4.16,High,23,3.6,77.02,Chilled,Long_Distance,Micro_Perforated_PE,32,High,High,Yes
F01955,Fresh Chicken,Meat,72.49,8.45,23.29,5.69,Very_Low,1,4.0,95.41,Chilled,Normal,PA_PE_Vacuum,90,Low,Very_Low,Yes
F01956,Fresh Chicken,Meat,74.81,8.72,22.39,5.78,Very_Low,3,3.7,67.38,Chilled,Long_Distance,PA_PE_Vacuum,91,Low,Very_Low,Yes
F01957,Mango,Fresh Produce,80.69,0.0,0.92,3.77,High,25,9.1,85.96,Chilled,Long_Distance,Breathable_PE,40,High,High,Yes
F01958,Ground Coffee,Beverage,2.59,15.91,13.96,4.95,Very_Low,361,24.1,60.51,Ambient,Long_Distance,High_Barrier_Laminate,102,Very_Low,Very_Low,No
F01959,Biscuits,Bakery,3.66,17.58,6.71,7.24,Very_Low,163,25.2,65.7,Ambient,Normal,BOPP_PE,61,Low,Low,No
F01960,Biscuits,Bakery,3.91,18.87,7.05,7.23,Very_Low,184,25.4,68.18,Ambient,Normal,BOPP_PE,60,Low,Low,No
F01961,Frozen Peas,Frozen Vegetable,77.6,0.21,6.0,6.07,Low,329,-20.0,91.84,Frozen,Long_Distance,PE_Film,75,Medium,Low,Yes
F01962,Carrot,Fresh Produce,88.22,0.92,0.6,6.13,High,19,5.3,91.28,Chilled,Refrigerated,Micro_Perforated_PE,47,High,High,Yes
F01963,Peanuts,Nuts,4.39,47.97,25.03,6.57,Very_Low,182,24.6,66.59,Ambient,Long_Distance,Metallized_PET_PE,86,Very_Low,Very_Low,No
F01964,Cheese,Dairy,33.72,33.67,25.87,5.05,Very_Low,46,3.7,91.78,Chilled,Refrigerated,PA_PE_Vacuum,94,Low,Very_Low,Yes
F01965,Bread,Bakery,41.77,2.99,9.36,5.5,Very_Low,3,25.2,53.84,Ambient,Normal,LDPE_Bag,55,Medium,Medium,No
F01966,Coffee Powder,Beverage,5.12,15.77,14.03,4.95,Very_Low,347,24.7,52.28,Ambient,Long_Distance,Metallized_PET_PE,81,Very_Low,Very_Low,No
F01967,Bread,Bakery,36.59,4.99,9.65,5.46,Very_Low,13,26.2,53.94,Ambient,Normal,LDPE_Bag,54,Medium,Medium,No
F01968,Onion,Vegetable,90.78,0.59,0.7,5.48,Low,119,20.4,66.25,Ambient,Long_Distance,Breathable_PP,48,High,Medium,Yes
F01969,Tomato,Fresh Produce,98.48,0.29,1.27,4.52,High,26,5.6,93.14,Chilled,Long_Distance,Micro_Perforated_PE,37,High,High,Yes
F01970,Coffee Powder,Beverage,4.39,16.7,13.58,4.77,Very_Low,327,26.4,71.96,Ambient,Normal,Metallized_PET_PE,75,Very_Low,Very_Low,No
F01971,Rice,Grain,12.57,1.79,7.92,6.25,Very_Low,363,26.4,58.95,Ambient,Long_Distance,HDPE,83,Low,Low,No
F01972,Biscuits,Bakery,3.57,19.27,6.19,7.05,Very_Low,175,26.0,50.72,Ambient,Normal,BOPP_PE,65,Low,Low,No
F01973,Carrot,Fresh Produce,87.14,0.83,1.2,5.96,High,25,6.1,81.92,Chilled,Normal,Micro_Perforated_PE,38,High,High,Yes
F01974,Mango,Fresh Produce,86.66,1.22,0.73,4.02,High,17,11.3,74.05,Chilled,Refrigerated,Breathable_PE,36,High,High,Yes
F01975,Rice,Grain,10.89,2.41,6.42,6.68,Very_Low,391,25.6,56.09,Ambient,Long_Distance,HDPE,84,Low,Low,No
F01976,Ground Coffee,Beverage,4.43,14.48,14.76,4.97,Very_Low,372,25.3,44.37,Ambient,Long_Distance,High_Barrier_Laminate,80,Very_Low,Very_Low,No
F01977,Milk Powder,Dairy,3.96,27.7,26.05,6.66,Very_Low,350,25.2,76.22,Ambient,Long_Distance,Aluminum_Laminate,94,Very_Low,Very_Low,No
F01978,Ground Coffee,Beverage,3.72,15.98,13.79,4.94,Very_Low,352,25.3,63.5,Ambient,Normal,High_Barrier_Laminate,95,Very_Low,Very_Low,No
F01979,Apple,Fresh Produce,88.73,0.0,0.81,3.65,High,63,4.3,83.07,Chilled,Long_Distance,Micro_Perforated_PE,30,High,High,Yes
F01980,Wheat Flour,Grain,13.07,1.51,13.02,6.08,Very_Low,179,25.6,59.1,Ambient,Long_Distance,HDPE,78,Low,Low,No
F01981,Tomato,Fresh Produce,93.29,0.49,0.2,4.59,High,19,3.8,85.92,Chilled,Refrigerated,Micro_Perforated_PE,40,High,High,Yes
F01982,Cheese,Dairy,35.06,31.41,24.21,5.13,Very_Low,54,4.6,85.04,Chilled,Refrigerated,PA_PE_Vacuum,91,Low,Very_Low,Yes
F01983,Tomato,Fresh Produce,98.86,0.88,1.15,4.41,High,34,5.6,93.95,Chilled,Normal,Micro_Perforated_PE,43,High,High,Yes
F01984,Potato Chips,Snacks,2.56,30.57,6.63,6.35,Very_Low,182,24.0,53.54,Ambient,Normal,Metallized_PET_PE,85,Low,Very_Low,Yes
F01985,Yogurt,Dairy,84.87,2.99,3.76,4.3,Very_Low,29,2.5,88.53,Chilled,Refrigerated,PP_Cup_Foil_Lid,42,Medium,Low,Yes
F01986,Yogurt,Dairy,80.43,4.42,4.12,4.59,Very_Low,36,4.9,89.83,Chilled,Refrigerated,PP_Cup_Foil_Lid,44,Medium,Low,Yes
F01987,Tomato,Fresh Produce,95.42,0.29,1.03,4.29,High,18,4.7,84.09,Chilled,Refrigerated,Micro_Perforated_PE,35,High,High,Yes
F01988,Tomato,Fresh Produce,94.81,1.8,0.95,4.61,High,15,6.1,91.36,Chilled,Normal,Micro_Perforated_PE,46,High,High,Yes
F01989,Apple,Fresh Produce,84.94,0.0,0.0,3.33,High,63,6.0,81.1,Chilled,Normal,Micro_Perforated_PE,41,High,High,Yes
F01990,Peanuts,Nuts,5.96,49.42,23.27,6.42,Very_Low,180,25.2,60.34,Ambient,Normal,Metallized_PET_PE,69,Very_Low,Very_Low,No
F01991,Coffee Powder,Beverage,1.26,14.34,13.6,5.01,Very_Low,352,24.4,64.37,Ambient,Normal,Metallized_PET_PE,80,Very_Low,Very_Low,No
F01992,Fish,Seafood,76.32,2.11,19.88,6.12,Very_Low,16,2.2,89.91,Chilled,Normal,PA_PE_Vacuum,88,Low,Very_Low,Yes
F01993,Fresh Chicken,Meat,72.58,8.95,21.35,5.91,Very_Low,5,5.0,84.02,Chilled,Normal,PA_PE_Vacuum,89,Low,Very_Low,Yes
F01994,Coffee Powder,Beverage,5.2,14.17,14.79,5.13,Very_Low,363,24.4,58.73,Ambient,Long_Distance,Metallized_PET_PE,77,Very_Low,Very_Low,No
F01995,Rice,Grain,14.33,0.0,7.32,6.52,Very_Low,373,23.5,67.33,Ambient,Normal,HDPE,78,Low,Low,No
F01996,Apple,Fresh Produce,90.79,1.09,0.0,3.57,High,52,4.9,81.56,Chilled,Long_Distance,Micro_Perforated_PE,48,High,High,Yes
F01997,Fresh Chicken,Meat,63.51,8.3,23.6,5.83,Very_Low,10,4.4,79.92,Chilled,Long_Distance,PA_PE_Vacuum,96,Low,Very_Low,Yes
F01998,Butter,Dairy,14.18,80.62,1.53,6.03,Very_Low,115,3.8,76.01,Chilled,Refrigerated,Aluminum_Foil_Laminate,89,Very_Low,Very_Low,No
F01999,Potato Chips,Snacks,0.0,25.9,6.59,6.15,Very_Low,173,25.9,73.4,Ambient,Normal,Metallized_PET_PE,90,Low,Very_Low,Yes
F02000,Apple,Fresh Produce,82.16,1.57,0.0,3.43,High,53,4.1,77.46,Chilled,Refrigerated,Micro_Perforated_PE,44,High,High,Yes
F02001,Frozen Peas,Frozen Vegetable,79.51,1.27,5.69,6.31,Low,402,-18.9,91.23,Frozen,Long_Distance,PE_Film,73,Medium,Low,Yes
F02002,Onion,Vegetable,90.45,2.1,1.53,5.64,Low,113,20.7,52.73,Ambient,Long_Distance,Breathable_PP,48,High,Medium,Yes
F02003,Onion,Vegetable,87.47,0.0,1.73,5.57,Low,130,18.4,37.29,Ambient,Long_Distance,Breathable_PP,56,High,Medium,Yes
F02004,Frozen Peas,Frozen Vegetable,82.09,0.0,4.54,6.24,Low,347,-17.8,94.04,Frozen,Normal,PE_Film,76,Medium,Low,Yes
F02005,Rice,Grain,11.94,1.85,7.23,6.53,Very_Low,384,26.0,61.77,Ambient,Long_Distance,HDPE,79,Low,Low,No
F02006,Cheese,Dairy,34.68,34.2,24.94,5.11,Very_Low,74,3.5,83.83,Chilled,Long_Distance,PA_PE_Vacuum,94,Low,Very_Low,Yes
F02007,Carrot,Fresh Produce,87.13,0.92,1.83,5.91,High,30,4.7,83.75,Chilled,Long_Distance,Micro_Perforated_PE,45,High,High,Yes
F02008,Fresh Chicken,Meat,70.7,9.48,23.1,5.59,Very_Low,17,4.7,81.69,Chilled,Refrigerated,PA_PE_Vacuum,89,Low,Very_Low,Yes
F02009,Milk Powder,Dairy,3.79,25.14,27.19,6.7,Very_Low,373,24.6,56.91,Ambient,Long_Distance,Aluminum_Laminate,106,Very_Low,Very_Low,No
F02010,Wheat Flour,Grain,12.42,1.81,12.49,5.83,Very_Low,201,24.4,83.4,Ambient,Long_Distance,HDPE,72,Low,Low,No
F02011,Apple,Fresh Produce,91.55,0.53,0.42,3.41,High,59,5.8,87.49,Chilled,Long_Distance,Micro_Perforated_PE,37,High,High,Yes
F02012,Biscuits,Bakery,5.36,15.86,6.35,6.97,Very_Low,183,25.0,66.66,Ambient,Long_Distance,BOPP_PE,49,Low,Low,No
F02013,Mango,Fresh Produce,84.74,1.68,0.7,4.02,High,10,9.7,93.52,Chilled,Refrigerated,Breathable_PE,44,High,High,Yes
F02014,Carrot,Fresh Produce,85.8,1.46,0.97,6.12,High,21,5.8,74.46,Chilled,Normal,Micro_Perforated_PE,40,High,High,Yes
F02015,Fish,Seafood,73.92,5.6,19.6,6.33,Very_Low,15,2.2,78.69,Chilled,Refrigerated,PA_PE_Vacuum,88,Low,Very_Low,Yes
F02016,Yogurt,Dairy,88.27,1.5,3.52,4.29,Very_Low,21,4.4,84.21,Chilled,Long_Distance,PP_Cup_Foil_Lid,46,Medium,Low,Yes
F02017,Potato Chips,Snacks,2.66,29.76,6.03,6.36,Very_Low,184,24.6,72.92,Ambient,Long_Distance,Metallized_PET_PE,85,Low,Very_Low,Yes
F02018,Cheese,Dairy,32.58,32.71,25.31,5.37,Very_Low,76,3.1,83.53,Chilled,Refrigerated,PA_PE_Vacuum,85,Low,Very_Low,Yes
F02019,Onion,Vegetable,90.49,0.0,1.13,5.59,Low,124,21.3,51.21,Ambient,Normal,Breathable_PP,51,High,Medium,Yes
F02020,Fish,Seafood,77.32,6.37,19.92,6.32,Very_Low,20,1.5,95.99,Chilled,Refrigerated,PA_PE_Vacuum,92,Low,Very_Low,Yes
F02021,Yogurt,Dairy,88.72,2.84,3.79,4.48,Very_Low,37,2.9,93.0,Chilled,Normal,PP_Cup_Foil_Lid,51,Medium,Low,Yes
F02022,Biscuits,Bakery,3.7,18.27,6.21,7.12,Very_Low,185,25.8,48.98,Ambient,Normal,BOPP_PE,65,Low,Low,No
F02023,Yogurt,Dairy,88.45,2.66,4.16,4.24,Very_Low,34,4.5,84.19,Chilled,Long_Distance,PP_Cup_Foil_Lid,52,Medium,Low,Yes
F02024,Milk Powder,Dairy,5.67,26.75,26.03,6.54,Very_Low,402,26.2,59.2,Ambient,Normal,Aluminum_Laminate,94,Very_Low,Very_Low,No
F02025,Cheese,Dairy,36.83,34.06,25.55,5.22,Very_Low,59,4.0,94.68,Chilled,Refrigerated,PA_PE_Vacuum,89,Low,Very_Low,Yes
F02026,Cheese,Dairy,40.39,32.46,24.53,5.11,Very_Low,52,3.8,85.69,Chilled,Refrigerated,PA_PE_Vacuum,94,Low,Very_Low,Yes
F02027,Potato Chips,Snacks,3.25,30.59,6.29,6.43,Very_Low,195,24.8,60.89,Ambient,Long_Distance,Metallized_PET_PE,72,Low,Very_Low,Yes
F02028,Mango,Fresh Produce,87.88,0.0,0.87,4.11,High,35,10.4,85.48,Chilled,Refrigerated,Breathable_PE,44,High,High,Yes
F02029,Butter,Dairy,15.37,81.71,1.25,6.14,Very_Low,132,2.4,92.89,Chilled,Long_Distance,Aluminum_Foil_Laminate,87,Very_Low,Very_Low,No
F02030,Carrot,Fresh Produce,83.28,0.7,1.18,6.16,High,31,4.4,90.76,Chilled,Refrigerated,Micro_Perforated_PE,36,High,High,Yes
F02031,Mango,Fresh Produce,79.64,1.59,0.34,3.88,High,23,10.2,87.33,Chilled,Long_Distance,Breathable_PE,35,High,High,Yes
F02032,Potato Chips,Snacks,1.66,30.82,5.8,6.33,Very_Low,188,24.0,65.67,Ambient,Normal,Metallized_PET_PE,87,Low,Very_Low,Yes
F02033,Peanuts,Nuts,7.89,47.86,25.05,6.62,Very_Low,180,24.6,64.86,Ambient,Long_Distance,Metallized_PET_PE,70,Very_Low,Very_Low,No
F02034,Biscuits,Bakery,3.07,19.48,7.79,6.93,Very_Low,163,24.0,55.95,Ambient,Long_Distance,BOPP_PE,62,Low,Low,No
F02035,Ground Coffee,Beverage,2.94,14.29,13.86,4.76,Very_Low,344,25.8,66.08,Ambient,Normal,High_Barrier_Laminate,87,Very_Low,Very_Low,No
F02036,Bread,Bakery,40.51,4.46,9.49,5.73,Very_Low,3,24.0,58.29,Ambient,Long_Distance,LDPE_Bag,56,Medium,Medium,No
F02037,Yogurt,Dairy,82.17,1.91,4.27,4.38,Very_Low,26,4.6,95.19,Chilled,Long_Distance,PP_Cup_Foil_Lid,54,Medium,Low,Yes
F02038,Butter,Dairy,15.22,83.05,1.81,6.09,Very_Low,118,3.7,72.45,Chilled,Normal,Aluminum_Foil_Laminate,85,Very_Low,Very_Low,No
F02039,Wheat Flour,Grain,9.76,0.62,12.85,6.11,Very_Low,191,25.5,48.12,Ambient,Normal,HDPE,82,Low,Low,No
F02040,Onion,Vegetable,91.33,0.28,0.52,5.39,Low,112,20.6,59.13,Ambient,Normal,Breathable_PP,45,High,Medium,Yes
F02041,Wheat Flour,Grain,14.82,1.27,13.06,6.16,Very_Low,198,25.0,48.81,Ambient,Long_Distance,HDPE,82,Low,Low,No
F02042,Potato Chips,Snacks,0.0,31.2,7.68,6.4,Very_Low,179,24.9,53.28,Ambient,Normal,Metallized_PET_PE,84,Low,Very_Low,Yes
F02043,Coffee Powder,Beverage,2.41,14.73,12.66,5.1,Very_Low,365,24.5,52.91,Ambient,Long_Distance,Metallized_PET_PE,87,Very_Low,Very_Low,No
F02044,Carrot,Fresh Produce,89.83,0.0,1.13,6.0,High,25,4.5,75.47,Chilled,Normal,Micro_Perforated_PE,39,High,High,Yes
F02045,Butter,Dairy,17.13,83.54,2.07,6.19,Very_Low,122,4.0,76.4,Chilled,Normal,Aluminum_Foil_Laminate,87,Very_Low,Very_Low,No
F02046,Carrot,Fresh Produce,88.48,0.0,0.66,6.05,High,23,6.5,72.13,Chilled,Normal,Micro_Perforated_PE,48,High,High,Yes
F02047,Cheese,Dairy,34.68,33.48,23.13,5.08,Very_Low,57,3.2,90.14,Chilled,Long_Distance,PA_PE_Vacuum,83,Low,Very_Low,Yes
F02048,Butter,Dairy,17.96,76.75,0.0,6.24,Very_Low,115,4.4,90.27,Chilled,Refrigerated,Aluminum_Foil_Laminate,91,Very_Low,Very_Low,No
F02049,Biscuits,Bakery,5.04,17.57,6.54,6.8,Very_Low,184,26.3,42.44,Ambient,Normal,BOPP_PE,58,Low,Low,No
F02050,Peanuts,Nuts,3.41,43.31,24.33,6.38,Very_Low,180,24.8,53.95,Ambient,Normal,Metallized_PET_PE,79,Very_Low,Very_Low,No
F02051,Biscuits,Bakery,5.81,19.51,7.63,7.02,Very_Low,183,24.9,48.68,Ambient,Normal,BOPP_PE,57,Low,Low,No
F02052,Bread,Bakery,35.44,5.74,9.19,5.45,Very_Low,11,26.2,66.11,Ambient,Normal,LDPE_Bag,51,Medium,Medium,No
F02053,Butter,Dairy,15.49,86.95,0.0,6.32,Very_Low,114,3.1,81.23,Chilled,Normal,Aluminum_Foil_Laminate,88,Very_Low,Very_Low,No
F02054,Onion,Vegetable,89.2,1.17,0.25,5.57,Low,114,19.7,50.03,Ambient,Long_Distance,Breathable_PP,50,High,Medium,Yes
F02055,Mango,Fresh Produce,89.33,0.0,1.42,3.9,High,8,11.6,84.2,Chilled,Long_Distance,Breathable_PE,41,High,High,Yes
F02056,Potato Chips,Snacks,1.29,29.64,6.28,6.29,Very_Low,176,24.5,63.41,Ambient,Normal,Metallized_PET_PE,81,Low,Very_Low,Yes
F02057,Fresh Chicken,Meat,71.06,7.49,24.32,5.78,Very_Low,9,4.7,89.23,Chilled,Long_Distance,PA_PE_Vacuum,92,Low,Very_Low,Yes
F02058,Peanuts,Nuts,3.65,48.8,25.5,6.4,Very_Low,166,25.3,56.8,Ambient,Normal,Metallized_PET_PE,81,Very_Low,Very_Low,No
F02059,Milk Powder,Dairy,2.83,26.33,24.43,6.7,Very_Low,383,26.8,71.39,Ambient,Long_Distance,Aluminum_Laminate,103,Very_Low,Very_Low,No
F02060,Wheat Flour,Grain,10.81,2.59,12.85,6.09,Very_Low,172,26.2,60.97,Ambient,Normal,HDPE,79,Low,Low,No
F02061,Wheat Flour,Grain,10.18,2.69,13.34,5.87,Very_Low,198,25.2,57.44,Ambient,Long_Distance,HDPE,80,Low,Low,No
F02062,Fish,Seafood,75.29,5.3,20.16,6.03,Very_Low,7,1.5,76.15,Chilled,Refrigerated,PA_PE_Vacuum,77,Low,Very_Low,Yes
F02063,Milk Powder,Dairy,0.0,23.42,25.04,6.49,Very_Low,358,24.1,70.98,Ambient,Normal,Aluminum_Laminate,104,Very_Low,Very_Low,No
F02064,Frozen Peas,Frozen Vegetable,76.15,0.27,6.56,6.06,Low,352,-19.3,86.09,Frozen,Long_Distance,PE_Film,64,Medium,Low,Yes
F02065,Rice,Grain,12.57,0.96,6.48,6.41,Very_Low,388,22.9,56.49,Ambient,Long_Distance,HDPE,79,Low,Low,No
F02066,Tomato,Fresh Produce,94.12,1.63,0.98,4.27,High,19,5.1,88.79,Chilled,Long_Distance,Micro_Perforated_PE,44,High,High,Yes
F02067,Carrot,Fresh Produce,87.18,0.21,0.92,5.99,High,23,4.2,86.66,Chilled,Refrigerated,Micro_Perforated_PE,36,High,High,Yes
F02068,Biscuits,Bakery,4.22,16.74,7.37,6.86,Very_Low,175,24.8,59.19,Ambient,Normal,BOPP_PE,52,Low,Low,No
F02069,Biscuits,Bakery,3.04,19.16,6.76,7.27,Very_Low,183,25.2,64.55,Ambient,Normal,BOPP_PE,61,Low,Low,No
F02070,Frozen Peas,Frozen Vegetable,81.26,0.17,5.81,6.08,Low,361,-18.6,85.14,Frozen,Normal,PE_Film,78,Medium,Low,Yes
F02071,Tomato,Fresh Produce,94.71,0.0,1.47,4.44,High,15,5.3,72.29,Chilled,Long_Distance,Micro_Perforated_PE,38,High,High,Yes
F02072,Potato Chips,Snacks,2.82,31.09,6.03,6.16,Very_Low,169,24.1,49.51,Ambient,Long_Distance,Metallized_PET_PE,80,Low,Very_Low,Yes
F02073,Apple,Fresh Produce,80.96,0.58,0.0,3.33,High,42,5.3,88.76,Chilled,Normal,Micro_Perforated_PE,33,High,High,Yes
F02074,Tomato,Fresh Produce,93.68,0.0,0.89,4.12,High,23,5.7,78.05,Chilled,Long_Distance,Micro_Perforated_PE,32,High,High,Yes
F02075,Butter,Dairy,15.76,83.43,0.36,6.13,Very_Low,117,5.1,81.67,Chilled,Long_Distance,Aluminum_Foil_Laminate,87,Very_Low,Very_Low,No
F02076,Yogurt,Dairy,87.33,3.7,4.01,4.15,Very_Low,24,4.2,81.88,Chilled,Refrigerated,PP_Cup_Foil_Lid,43,Medium,Low,Yes
F02077,Bread,Bakery,41.39,4.46,8.54,5.4,Very_Low,13,24.1,41.26,Ambient,Long_Distance,LDPE_Bag,45,Medium,Medium,No
F02078,Onion,Vegetable,84.98,0.0,1.24,5.55,Low,116,20.6,79.21,Ambient,Long_Distance,Breathable_PP,55,High,Medium,Yes
F02079,Yogurt,Dairy,84.81,4.27,4.12,4.32,Very_Low,17,3.5,76.85,Chilled,Refrigerated,PP_Cup_Foil_Lid,49,Medium,Low,Yes
F02080,Butter,Dairy,16.86,81.96,1.57,6.23,Very_Low,125,4.2,72.94,Chilled,Normal,Aluminum_Foil_Laminate,85,Very_Low,Very_Low,No
F02081,Tomato,Fresh Produce,88.55,0.0,0.3,4.12,High,5,5.8,75.02,Chilled,Normal,Micro_Perforated_PE,42,High,High,Yes
F02082,Fish,Seafood,76.07,3.15,19.69,6.08,Very_Low,5,1.3,79.58,Chilled,Normal,PA_PE_Vacuum,83,Low,Very_Low,Yes
F02083,Ground Coffee,Beverage,2.57,15.84,14.39,5.33,Very_Low,384,23.6,53.6,Ambient,Normal,High_Barrier_Laminate,95,Very_Low,Very_Low,No
F02084,Cheese,Dairy,36.91,33.03,25.08,5.28,Very_Low,61,4.0,75.26,Chilled,Refrigerated,PA_PE_Vacuum,85,Low,Very_Low,Yes
F02085,Potato Chips,Snacks,1.44,30.03,6.9,5.96,Very_Low,186,25.6,69.3,Ambient,Long_Distance,Metallized_PET_PE,84,Low,Very_Low,Yes
F02086,Potato Chips,Snacks,0.0,32.67,5.65,6.31,Very_Low,193,24.9,61.07,Ambient,Normal,Metallized_PET_PE,80,Low,Very_Low,Yes
F02087,Ground Coffee,Beverage,4.89,13.48,13.43,5.07,Very_Low,345,26.1,52.55,Ambient,Long_Distance,High_Barrier_Laminate,97,Very_Low,Very_Low,No
F02088,Bread,Bakery,41.09,3.2,9.4,5.66,Very_Low,1,25.8,57.4,Ambient,Long_Distance,LDPE_Bag,51,Medium,Medium,No
F02089,Peanuts,Nuts,4.61,47.14,25.05,6.51,Very_Low,160,24.6,55.78,Ambient,Long_Distance,Metallized_PET_PE,86,Very_Low,Very_Low,No
F02090,Wheat Flour,Grain,11.14,2.93,13.74,6.11,Very_Low,179,23.6,62.81,Ambient,Normal,HDPE,76,Low,Low,No
F02091,Butter,Dairy,10.62,84.11,0.21,6.0,Very_Low,121,5.1,84.37,Chilled,Long_Distance,Aluminum_Foil_Laminate,95,Very_Low,Very_Low,No
F02092,Ground Coffee,Beverage,5.54,14.95,14.35,5.02,Very_Low,391,25.5,63.96,Ambient,Normal,High_Barrier_Laminate,89,Very_Low,Very_Low,No
F02093,Biscuits,Bakery,5.59,16.52,6.92,6.99,Very_Low,199,25.4,49.21,Ambient,Normal,BOPP_PE,59,Low,Low,No
F02094,Milk Powder,Dairy,0.96,24.39,26.31,6.77,Very_Low,374,23.9,55.91,Ambient,Long_Distance,Aluminum_Laminate,107,Very_Low,Very_Low,No
F02095,Fresh Chicken,Meat,70.25,7.46,23.94,5.86,Very_Low,1,4.7,75.87,Chilled,Long_Distance,PA_PE_Vacuum,91,Low,Very_Low,Yes
F02096,Tomato,Fresh Produce,91.77,0.89,0.97,4.48,High,10,5.3,76.86,Chilled,Refrigerated,Micro_Perforated_PE,39,High,High,Yes
F02097,Rice,Grain,13.25,1.06,6.88,6.33,Very_Low,380,24.3,53.62,Ambient,Long_Distance,HDPE,83,Low,Low,No
F02098,Coffee Powder,Beverage,4.48,14.66,14.27,4.89,Very_Low,353,24.5,50.97,Ambient,Long_Distance,Metallized_PET_PE,80,Very_Low,Very_Low,No
F02099,Wheat Flour,Grain,10.34,0.69,11.79,6.31,Very_Low,181,23.8,65.8,Ambient,Normal,HDPE,84,Low,Low,No
F02100,Coffee Powder,Beverage,3.96,14.7,12.81,5.08,Very_Low,347,24.5,68.55,Ambient,Long_Distance,Metallized_PET_PE,85,Very_Low,Very_Low,No
F02101,Rice,Grain,12.39,0.66,7.26,6.31,Very_Low,356,23.4,50.86,Ambient,Long_Distance,HDPE,77,Low,Low,No
F02102,Potato Chips,Snacks,1.25,28.45,6.23,6.0,Very_Low,180,24.8,67.63,Ambient,Normal,Metallized_PET_PE,89,Low,Very_Low,Yes
F02103,Potato Chips,Snacks,3.73,28.54,6.66,6.05,Very_Low,173,24.7,65.5,Ambient,Normal,Metallized_PET_PE,90,Low,Very_Low,Yes
F02104,Frozen Peas,Frozen Vegetable,79.05,1.62,4.89,6.28,Low,369,-16.8,87.9,Frozen,Normal,PE_Film,71,Medium,Low,Yes
F02105,Apple,Fresh Produce,88.57,0.0,0.0,3.41,High,75,6.5,93.49,Chilled,Refrigerated,Micro_Perforated_PE,38,High,High,Yes
F02106,Apple,Fresh Produce,89.14,0.0,0.51,3.56,High,69,5.0,94.33,Chilled,Normal,Micro_Perforated_PE,43,High,High,Yes
F02107,Cheese,Dairy,40.02,32.01,24.69,5.08,Very_Low,52,3.5,82.8,Chilled,Normal,PA_PE_Vacuum,85,Low,Very_Low,Yes
F02108,Rice,Grain,10.16,0.57,5.7,6.39,Very_Low,401,26.0,76.82,Ambient,Normal,HDPE,83,Low,Low,No
F02109,Frozen Peas,Frozen Vegetable,79.23,0.73,4.96,6.38,Low,355,-17.9,95.38,Frozen,Long_Distance,PE_Film,73,Medium,Low,Yes
F02110,Rice,Grain,12.57,0.0,7.13,6.49,Very_Low,330,24.5,60.13,Ambient,Normal,HDPE,76,Low,Low,No
F02111,Onion,Vegetable,87.62,0.0,1.07,5.42,Low,119,20.0,52.4,Ambient,Long_Distance,Breathable_PP,48,High,Medium,Yes
F02112,Peanuts,Nuts,6.8,49.56,25.0,6.72,Very_Low,176,25.3,42.69,Ambient,Normal,Metallized_PET_PE,82,Very_Low,Very_Low,No
F02113,Bread,Bakery,36.1,4.8,8.49,5.56,Very_Low,16,25.0,56.29,Ambient,Normal,LDPE_Bag,54,Medium,Medium,No
F02114,Mango,Fresh Produce,82.11,0.73,0.6,3.94,High,21,10.2,75.76,Chilled,Normal,Breathable_PE,41,High,High,Yes
F02115,Cheese,Dairy,36.1,34.36,26.13,5.25,Very_Low,65,4.1,75.24,Chilled,Refrigerated,PA_PE_Vacuum,86,Low,Very_Low,Yes
F02116,Butter,Dairy,15.64,81.01,0.0,6.3,Very_Low,121,4.0,80.57,Chilled,Long_Distance,Aluminum_Foil_Laminate,96,Very_Low,Very_Low,No
F02117,Mango,Fresh Produce,85.47,0.0,0.68,4.21,High,21,10.1,86.54,Chilled,Refrigerated,Breathable_PE,45,High,High,Yes
F02118,Tomato,Fresh Produce,91.62,1.55,0.43,4.37,High,16,5.9,89.66,Chilled,Normal,Micro_Perforated_PE,38,High,High,Yes
F02119,Rice,Grain,11.45,1.52,6.9,6.17,Very_Low,380,23.4,54.41,Ambient,Long_Distance,HDPE,83,Low,Low,No
F02120,Fresh Chicken,Meat,69.6,7.03,22.18,6.03,Very_Low,6,5.3,90.08,Chilled,Long_Distance,PA_PE_Vacuum,93,Low,Very_Low,Yes
F02121,Milk Powder,Dairy,3.66,23.9,26.09,6.46,Very_Low,363,24.6,79.17,Ambient,Normal,Aluminum_Laminate,95,Very_Low,Very_Low,No
F02122,Tomato,Fresh Produce,100.0,0.0,1.4,4.11,High,8,4.8,84.03,Chilled,Refrigerated,Micro_Perforated_PE,27,High,High,Yes
F02123,Wheat Flour,Grain,14.48,2.07,12.9,6.03,Very_Low,173,25.2,60.17,Ambient,Normal,HDPE,80,Low,Low,No
F02124,Butter,Dairy,19.42,79.15,0.42,6.28,Very_Low,121,4.4,87.0,Chilled,Long_Distance,Aluminum_Foil_Laminate,95,Very_Low,Very_Low,No
F02125,Potato Chips,Snacks,1.16,31.03,5.64,6.24,Very_Low,177,25.7,51.41,Ambient,Long_Distance,Metallized_PET_PE,78,Low,Very_Low,Yes
F02126,Butter,Dairy,17.77,79.18,1.09,5.97,Very_Low,121,4.1,89.01,Chilled,Long_Distance,Aluminum_Foil_Laminate,92,Very_Low,Very_Low,No
F02127,Biscuits,Bakery,4.36,17.85,6.7,7.1,Very_Low,177,25.6,71.05,Ambient,Normal,BOPP_PE,63,Low,Low,No
F02128,Carrot,Fresh Produce,87.69,0.43,0.84,6.01,High,43,4.9,86.35,Chilled,Refrigerated,Micro_Perforated_PE,37,High,High,Yes
F02129,Coffee Powder,Beverage,3.28,16.26,13.76,5.19,Very_Low,371,24.3,74.6,Ambient,Normal,Metallized_PET_PE,82,Very_Low,Very_Low,No
F02130,Tomato,Fresh Produce,96.7,0.0,0.59,4.13,High,8,4.5,91.07,Chilled,Refrigerated,Micro_Perforated_PE,34,High,High,Yes
F02131,Apple,Fresh Produce,89.9,0.0,0.48,3.57,High,65,3.6,79.33,Chilled,Long_Distance,Micro_Perforated_PE,40,High,High,Yes
F02132,Wheat Flour,Grain,13.16,2.16,13.85,6.14,Very_Low,180,24.7,50.93,Ambient,Normal,HDPE,83,Low,Low,No
F02133,Coffee Powder,Beverage,2.84,15.1,13.02,4.99,Very_Low,344,25.0,60.85,Ambient,Long_Distance,Metallized_PET_PE,88,Very_Low,Very_Low,No
F02134,Ground Coffee,Beverage,2.54,15.49,14.95,4.99,Very_Low,372,24.6,58.69,Ambient,Normal,High_Barrier_Laminate,92,Very_Low,Very_Low,No
F02135,Coffee Powder,Beverage,3.9,14.52,15.42,4.88,Very_Low,399,25.1,52.14,Ambient,Long_Distance,Metallized_PET_PE,90,Very_Low,Very_Low,No
F02136,Frozen Peas,Frozen Vegetable,78.56,1.33,5.95,5.97,Low,397,-15.8,72.81,Frozen,Normal,PE_Film,67,Medium,Low,Yes
F02137,Cheese,Dairy,40.02,33.51,25.59,5.21,Very_Low,64,3.3,95.69,Chilled,Normal,PA_PE_Vacuum,91,Low,Very_Low,Yes
F02138,Peanuts,Nuts,4.82,49.14,25.71,6.59,Very_Low,195,24.3,63.61,Ambient,Normal,Metallized_PET_PE,81,Very_Low,Very_Low,No
F02139,Apple,Fresh Produce,84.44,1.25,0.26,3.58,High,69,5.1,84.3,Chilled,Refrigerated,Micro_Perforated_PE,42,High,High,Yes
F02140,Onion,Vegetable,83.59,1.95,1.31,5.46,Low,110,21.4,53.75,Ambient,Long_Distance,Breathable_PP,44,High,Medium,Yes
F02141,Bread,Bakery,38.41,6.31,9.25,5.33,Very_Low,6,24.3,61.97,Ambient,Normal,LDPE_Bag,53,Medium,Medium,No
F02142,Carrot,Fresh Produce,93.18,0.0,0.62,6.1,High,18,4.4,79.87,Chilled,Normal,Micro_Perforated_PE,42,High,High,Yes
F02143,Yogurt,Dairy,90.52,5.61,3.56,4.26,Very_Low,35,3.9,94.85,Chilled,Long_Distance,PP_Cup_Foil_Lid,47,Medium,Low,Yes
F02144,Onion,Vegetable,91.21,0.0,1.56,5.52,Low,136,18.6,69.67,Ambient,Long_Distance,Breathable_PP,45,High,Medium,Yes
F02145,Fish,Seafood,72.2,7.08,20.35,6.05,Very_Low,8,2.1,80.78,Chilled,Normal,PA_PE_Vacuum,84,Low,Very_Low,Yes
F02146,Tomato,Fresh Produce,94.3,0.0,1.1,4.54,High,5,5.1,88.28,Chilled,Long_Distance,Micro_Perforated_PE,43,High,High,Yes
F02147,Biscuits,Bakery,6.53,17.4,7.89,7.18,Very_Low,177,24.3,42.51,Ambient,Normal,BOPP_PE,55,Low,Low,No
F02148,Biscuits,Bakery,5.5,17.11,7.75,7.13,Very_Low,195,23.8,46.88,Ambient,Long_Distance,BOPP_PE,62,Low,Low,No
F02149,Frozen Peas,Frozen Vegetable,81.24,0.0,5.92,6.17,Low,386,-19.0,89.17,Frozen,Long_Distance,PE_Film,70,Medium,Low,Yes
F02150,Bread,Bakery,40.58,4.01,9.23,5.39,Very_Low,10,24.8,58.24,Ambient,Normal,LDPE_Bag,48,Medium,Medium,No
F02151,Wheat Flour,Grain,9.79,0.75,13.77,6.11,Very_Low,197,24.5,52.62,Ambient,Normal,HDPE,76,Low,Low,No
F02152,Potato Chips,Snacks,1.27,28.66,5.63,6.29,Very_Low,197,27.1,65.22,Ambient,Normal,Metallized_PET_PE,87,Low,Very_Low,Yes
F02153,Peanuts,Nuts,2.83,48.52,25.01,6.55,Very_Low,171,24.3,51.88,Ambient,Normal,Metallized_PET_PE,76,Very_Low,Very_Low,No
F02154,Potato Chips,Snacks,0.07,32.31,6.59,6.4,Very_Low,186,24.0,54.46,Ambient,Normal,Metallized_PET_PE,82,Low,Very_Low,Yes
F02155,Milk Powder,Dairy,5.93,25.97,25.82,6.78,Very_Low,347,24.3,48.64,Ambient,Normal,Aluminum_Laminate,98,Very_Low,Very_Low,No
F02156,Carrot,Fresh Produce,86.65,1.01,0.73,6.11,High,20,4.1,88.71,Chilled,Refrigerated,Micro_Perforated_PE,44,High,High,Yes
F02157,Ground Coffee,Beverage,4.72,14.46,14.48,5.12,Very_Low,359,25.0,46.95,Ambient,Normal,High_Barrier_Laminate,90,Very_Low,Very_Low,No
F02158,Ground Coffee,Beverage,6.4,14.34,14.89,4.78,Very_Low,352,23.8,69.8,Ambient,Normal,High_Barrier_Laminate,93,Very_Low,Very_Low,No
F02159,Rice,Grain,12.45,1.27,6.93,6.46,Very_Low,389,24.5,56.56,Ambient,Long_Distance,HDPE,78,Low,Low,No
F02160,Apple,Fresh Produce,80.87,2.0,0.0,3.56,High,46,3.7,93.39,Chilled,Refrigerated,Micro_Perforated_PE,38,High,High,Yes
F02161,Ground Coffee,Beverage,4.05,15.55,14.02,4.94,Very_Low,376,24.4,61.7,Ambient,Long_Distance,High_Barrier_Laminate,98,Very_Low,Very_Low,No
F02162,Rice,Grain,9.27,1.27,7.09,6.6,Very_Low,378,24.1,66.93,Ambient,Normal,HDPE,76,Low,Low,No
F02163,Fresh Chicken,Meat,73.29,9.35,23.19,5.8,Very_Low,1,3.4,82.4,Chilled,Refrigerated,PA_PE_Vacuum,98,Low,Very_Low,Yes
F02164,Rice,Grain,10.55,0.5,6.93,6.43,Very_Low,366,26.2,60.44,Ambient,Long_Distance,HDPE,74,Low,Low,No
F02165,Butter,Dairy,14.68,78.25,0.92,6.39,Very_Low,139,2.9,84.92,Chilled,Long_Distance,Aluminum_Foil_Laminate,84,Very_Low,Very_Low,No
F02166,Frozen Peas,Frozen Vegetable,82.57,0.77,5.59,6.12,Low,364,-17.5,92.59,Frozen,Long_Distance,PE_Film,70,Medium,Low,Yes
F02167,Fish,Seafood,68.14,5.78,18.47,5.98,Very_Low,4,2.2,74.42,Chilled,Refrigerated,PA_PE_Vacuum,92,Low,Very_Low,Yes
F02168,Yogurt,Dairy,86.53,1.56,3.74,4.4,Very_Low,38,3.6,90.49,Chilled,Refrigerated,PP_Cup_Foil_Lid,56,Medium,Low,Yes
F02169,Rice,Grain,10.11,1.03,6.81,6.38,Very_Low,368,25.3,67.08,Ambient,Normal,HDPE,77,Low,Low,No
F02170,Wheat Flour,Grain,14.13,1.27,12.74,6.26,Very_Low,175,24.1,51.84,Ambient,Normal,HDPE,81,Low,Low,No
F02171,Tomato,Fresh Produce,89.85,0.0,1.35,4.45,High,20,6.1,73.97,Chilled,Long_Distance,Micro_Perforated_PE,50,High,High,Yes
F02172,Apple,Fresh Produce,92.26,0.19,1.18,3.38,High,73,6.1,71.39,Chilled,Normal,Micro_Perforated_PE,40,High,High,Yes
F02173,Biscuits,Bakery,4.32,16.86,7.24,7.22,Very_Low,174,25.1,67.14,Ambient,Normal,BOPP_PE,59,Low,Low,No
F02174,Cheese,Dairy,33.73,31.6,24.74,5.28,Very_Low,60,4.3,81.25,Chilled,Refrigerated,PA_PE_Vacuum,100,Low,Very_Low,Yes
F02175,Biscuits,Bakery,3.55,17.45,6.25,6.88,Very_Low,175,25.5,65.06,Ambient,Long_Distance,BOPP_PE,62,Low,Low,No
F02176,Ground Coffee,Beverage,0.64,16.41,14.14,5.07,Very_Low,386,25.9,64.84,Ambient,Long_Distance,High_Barrier_Laminate,79,Very_Low,Very_Low,No
F02177,Biscuits,Bakery,4.66,18.41,7.2,6.82,Very_Low,179,25.7,65.11,Ambient,Long_Distance,BOPP_PE,61,Low,Low,No
F02178,Tomato,Fresh Produce,96.91,0.0,1.01,4.18,High,15,5.6,63.94,Chilled,Long_Distance,Micro_Perforated_PE,37,High,High,Yes
F02179,Tomato,Fresh Produce,96.87,0.0,0.76,4.47,High,7,3.7,79.44,Chilled,Normal,Micro_Perforated_PE,42,High,High,Yes
F02180,Milk Powder,Dairy,3.1,27.23,25.56,6.6,Very_Low,343,24.8,76.28,Ambient,Long_Distance,Aluminum_Laminate,94,Very_Low,Very_Low,No
F02181,Fresh Chicken,Meat,70.69,9.23,20.84,5.57,Very_Low,4,2.9,87.8,Chilled,Refrigerated,PA_PE_Vacuum,88,Low,Very_Low,Yes
F02182,Wheat Flour,Grain,10.37,2.35,12.39,6.09,Very_Low,162,24.5,51.23,Ambient,Long_Distance,HDPE,87,Low,Low,No
F02183,Carrot,Fresh Produce,93.33,1.58,1.62,6.19,High,34,5.6,80.64,Chilled,Refrigerated,Micro_Perforated_PE,34,High,High,Yes
F02184,Frozen Peas,Frozen Vegetable,79.51,0.0,4.77,6.23,Low,393,-18.1,80.46,Frozen,Normal,PE_Film,66,Medium,Low,Yes
F02185,Peanuts,Nuts,5.14,47.45,25.55,6.48,Very_Low,164,25.0,65.01,Ambient,Long_Distance,Metallized_PET_PE,76,Very_Low,Very_Low,No
F02186,Coffee Powder,Beverage,2.8,15.86,13.93,4.84,Very_Low,413,24.9,59.98,Ambient,Long_Distance,Metallized_PET_PE,78,Very_Low,Very_Low,No
F02187,Peanuts,Nuts,4.69,47.89,24.53,6.34,Very_Low,168,25.7,48.4,Ambient,Normal,Metallized_PET_PE,86,Very_Low,Very_Low,No
F02188,Coffee Powder,Beverage,2.73,14.1,12.82,5.15,Very_Low,374,24.4,65.01,Ambient,Long_Distance,Metallized_PET_PE,71,Very_Low,Very_Low,No
F02189,Milk Powder,Dairy,4.01,26.18,26.53,6.54,Very_Low,398,25.9,54.83,Ambient,Long_Distance,Aluminum_Laminate,96,Very_Low,Very_Low,No
F02190,Wheat Flour,Grain,9.94,1.8,12.63,6.05,Very_Low,168,24.8,66.53,Ambient,Long_Distance,HDPE,78,Low,Low,No
F02191,Frozen Peas,Frozen Vegetable,80.05,0.0,4.4,6.2,Low,403,-17.1,72.43,Frozen,Normal,PE_Film,66,Medium,Low,Yes
F02192,Potato Chips,Snacks,4.63,29.25,6.52,6.02,Very_Low,196,24.8,56.26,Ambient,Normal,Metallized_PET_PE,81,Low,Very_Low,Yes
F02193,Frozen Peas,Frozen Vegetable,77.52,1.72,5.59,6.4,Low,354,-18.7,89.86,Frozen,Long_Distance,PE_Film,77,Medium,Low,Yes
F02194,Biscuits,Bakery,2.75,15.76,6.97,6.92,Very_Low,188,24.6,70.14,Ambient,Normal,BOPP_PE,65,Low,Low,No
F02195,Cheese,Dairy,35.43,34.57,27.12,5.21,Very_Low,63,3.6,81.57,Chilled,Long_Distance,PA_PE_Vacuum,88,Low,Very_Low,Yes
F02196,Rice,Grain,13.76,0.26,7.42,6.35,Very_Low,390,25.9,45.02,Ambient,Normal,HDPE,74,Low,Low,No
F02197,Rice,Grain,9.9,1.75,7.43,6.38,Very_Low,350,24.6,61.56,Ambient,Normal,HDPE,81,Low,Low,No
F02198,Mango,Fresh Produce,83.75,0.0,1.27,4.3,High,26,11.1,88.59,Chilled,Long_Distance,Breathable_PE,44,High,High,Yes
F02199,Tomato,Fresh Produce,91.79,2.94,1.3,4.32,High,18,4.4,74.4,Chilled,Long_Distance,Micro_Perforated_PE,41,High,High,Yes
F02200,Mango,Fresh Produce,86.99,0.87,0.0,3.79,High,21,10.2,83.74,Chilled,Normal,Breathable_PE,43,High,High,Yes
F02201,Cheese,Dairy,39.74,33.25,23.52,5.11,Very_Low,58,4.6,95.64,Chilled,Normal,PA_PE_Vacuum,94,Low,Very_Low,Yes
F02202,Biscuits,Bakery,4.47,17.98,7.41,6.91,Very_Low,189,24.2,64.3,Ambient,Long_Distance,BOPP_PE,59,Low,Low,No
F02203,Peanuts,Nuts,3.19,51.52,24.9,6.76,Very_Low,175,24.7,55.12,Ambient,Long_Distance,Metallized_PET_PE,81,Very_Low,Very_Low,No
F02204,Fresh Chicken,Meat,75.57,7.81,23.07,5.68,Very_Low,1,4.3,86.42,Chilled,Refrigerated,PA_PE_Vacuum,88,Low,Very_Low,Yes
F02205,Coffee Powder,Beverage,1.37,17.08,13.7,4.96,Very_Low,355,24.9,72.02,Ambient,Long_Distance,Metallized_PET_PE,83,Very_Low,Very_Low,No
F02206,Tomato,Fresh Produce,93.2,0.7,1.13,4.28,High,11,4.6,87.74,Chilled,Refrigerated,Micro_Perforated_PE,47,High,High,Yes
F02207,Butter,Dairy,15.15,82.91,0.45,6.27,Very_Low,147,5.4,82.76,Chilled,Normal,Aluminum_Foil_Laminate,90,Very_Low,Very_Low,No
F02208,Peanuts,Nuts,5.1,48.04,25.13,6.15,Very_Low,165,24.2,59.65,Ambient,Long_Distance,Metallized_PET_PE,78,Very_Low,Very_Low,No
F02209,Cheese,Dairy,35.85,32.65,25.1,5.19,Very_Low,46,3.5,91.88,Chilled,Refrigerated,PA_PE_Vacuum,97,Low,Very_Low,Yes
F02210,Yogurt,Dairy,88.11,1.59,4.03,4.36,Very_Low,10,1.8,84.17,Chilled,Long_Distance,PP_Cup_Foil_Lid,51,Medium,Low,Yes
F02211,Cheese,Dairy,40.08,34.89,26.94,5.02,Very_Low,72,4.3,84.47,Chilled,Long_Distance,PA_PE_Vacuum,88,Low,Very_Low,Yes
F02212,Onion,Vegetable,85.89,0.0,0.74,5.6,Low,127,19.3,36.16,Ambient,Long_Distance,Breathable_PP,55,High,Medium,Yes
F02213,Milk Powder,Dairy,2.75,27.2,26.12,6.88,Very_Low,397,25.6,57.56,Ambient,Normal,Aluminum_Laminate,106,Very_Low,Very_Low,No
F02214,Coffee Powder,Beverage,3.39,16.66,13.81,5.09,Very_Low,356,25.1,45.69,Ambient,Long_Distance,Metallized_PET_PE,79,Very_Low,Very_Low,No
F02215,Ground Coffee,Beverage,2.16,16.93,14.96,4.82,Very_Low,346,25.5,70.18,Ambient,Long_Distance,High_Barrier_Laminate,87,Very_Low,Very_Low,No
F02216,Onion,Vegetable,90.5,0.97,1.08,5.47,Low,126,20.7,61.1,Ambient,Long_Distance,Breathable_PP,53,High,Medium,Yes
F02217,Frozen Peas,Frozen Vegetable,82.41,0.01,5.9,6.35,Low,386,-17.8,89.34,Frozen,Long_Distance,PE_Film,71,Medium,Low,Yes
F02218,Bread,Bakery,37.95,4.19,7.74,5.32,Very_Low,3,24.6,48.16,Ambient,Normal,LDPE_Bag,50,Medium,Medium,No
F02219,Biscuits,Bakery,5.1,17.8,6.96,6.81,Very_Low,172,24.8,47.21,Ambient,Normal,BOPP_PE,65,Low,Low,No
F02220,Rice,Grain,15.33,0.85,6.91,6.5,Very_Low,349,23.7,78.3,Ambient,Normal,HDPE,78,Low,Low,No
F02221,Fish,Seafood,72.34,3.85,21.45,6.02,Very_Low,8,2.0,76.73,Chilled,Refrigerated,PA_PE_Vacuum,76,Low,Very_Low,Yes
F02222,Butter,Dairy,19.05,82.29,0.82,6.51,Very_Low,124,4.5,65.2,Chilled,Normal,Aluminum_Foil_Laminate,91,Very_Low,Very_Low,No
F02223,Milk Powder,Dairy,2.82,25.96,25.44,6.34,Very_Low,386,26.4,55.83,Ambient,Long_Distance,Aluminum_Laminate,86,Very_Low,Very_Low,No
F02224,Frozen Peas,Frozen Vegetable,76.81,0.0,5.06,6.2,Low,361,-18.9,86.6,Frozen,Long_Distance,PE_Film,65,Medium,Low,Yes
F02225,Rice,Grain,10.35,0.13,6.89,6.6,Very_Low,352,24.5,77.4,Ambient,Normal,HDPE,78,Low,Low,No
F02226,Mango,Fresh Produce,80.16,0.71,1.27,4.11,High,24,10.7,72.02,Chilled,Refrigerated,Breathable_PE,37,High,High,Yes
F02227,Carrot,Fresh Produce,95.19,0.0,0.39,5.84,High,39,5.2,84.49,Chilled,Refrigerated,Micro_Perforated_PE,40,High,High,Yes
F02228,Carrot,Fresh Produce,84.78,0.95,1.22,6.17,High,32,4.5,87.98,Chilled,Refrigerated,Micro_Perforated_PE,44,High,High,Yes
F02229,Yogurt,Dairy,85.27,3.14,4.09,4.3,Very_Low,41,3.5,89.47,Chilled,Refrigerated,PP_Cup_Foil_Lid,42,Medium,Low,Yes
F02230,Tomato,Fresh Produce,96.94,1.82,0.65,4.2,High,8,4.6,75.73,Chilled,Refrigerated,Micro_Perforated_PE,42,High,High,Yes
F02231,Coffee Powder,Beverage,3.4,14.6,13.21,5.05,Very_Low,341,24.7,52.66,Ambient,Normal,Metallized_PET_PE,82,Very_Low,Very_Low,No
F02232,Butter,Dairy,15.84,82.0,0.02,6.08,Very_Low,126,4.7,89.17,Chilled,Refrigerated,Aluminum_Foil_Laminate,91,Very_Low,Very_Low,No
F02233,Potato Chips,Snacks,0.0,29.32,6.15,6.09,Very_Low,187,25.4,66.12,Ambient,Long_Distance,Metallized_PET_PE,71,Low,Very_Low,Yes
F02234,Yogurt,Dairy,86.3,2.63,4.01,4.18,Very_Low,36,5.1,81.74,Chilled,Refrigerated,PP_Cup_Foil_Lid,44,Medium,Low,Yes
F02235,Rice,Grain,12.57,0.36,7.18,6.54,Very_Low,382,25.4,66.57,Ambient,Long_Distance,HDPE,84,Low,Low,No
F02236,Frozen Peas,Frozen Vegetable,79.58,0.0,5.62,6.1,Low,360,-17.7,84.94,Frozen,Normal,PE_Film,78,Medium,Low,Yes
F02237,Wheat Flour,Grain,11.53,1.66,12.95,6.15,Very_Low,178,24.4,68.49,Ambient,Normal,HDPE,76,Low,Low,No
F02238,Mango,Fresh Produce,81.66,0.0,1.44,3.83,High,19,9.3,81.17,Chilled,Long_Distance,Breathable_PE,45,High,High,Yes
F02239,Milk Powder,Dairy,3.28,26.13,26.13,6.45,Very_Low,378,25.3,75.03,Ambient,Normal,Aluminum_Laminate,95,Very_Low,Very_Low,No
F02240,Apple,Fresh Produce,84.67,0.0,0.49,3.56,High,56,3.5,88.16,Chilled,Long_Distance,Micro_Perforated_PE,38,High,High,Yes
F02241,Onion,Vegetable,89.66,0.87,0.68,5.53,Low,126,20.3,69.67,Ambient,Long_Distance,Breathable_PP,43,High,Medium,Yes
F02242,Bread,Bakery,36.63,3.8,9.34,5.43,Very_Low,1,25.1,56.5,Ambient,Normal,LDPE_Bag,55,Medium,Medium,No
F02243,Mango,Fresh Produce,84.8,1.73,1.6,3.82,High,20,9.8,94.25,Chilled,Refrigerated,Breathable_PE,41,High,High,Yes
F02244,Biscuits,Bakery,2.52,17.8,7.52,6.94,Very_Low,169,25.2,55.3,Ambient,Normal,BOPP_PE,69,Low,Low,No
F02245,Milk Powder,Dairy,4.63,26.09,25.42,6.36,Very_Low,361,24.8,74.1,Ambient,Long_Distance,Aluminum_Laminate,96,Very_Low,Very_Low,No
F02246,Peanuts,Nuts,6.38,49.48,24.22,6.56,Very_Low,157,23.9,56.69,Ambient,Normal,Metallized_PET_PE,85,Very_Low,Very_Low,No
F02247,Cheese,Dairy,39.07,31.51,24.54,5.16,Very_Low,58,4.2,85.04,Chilled,Long_Distance,PA_PE_Vacuum,87,Low,Very_Low,Yes
F02248,Rice,Grain,13.44,2.08,6.7,6.54,Very_Low,343,23.6,52.86,Ambient,Normal,HDPE,81,Low,Low,No
F02249,Tomato,Fresh Produce,95.82,0.0,1.02,4.39,High,9,6.0,96.35,Chilled,Normal,Micro_Perforated_PE,45,High,High,Yes
F02250,Apple,Fresh Produce,86.6,0.41,0.0,3.41,High,63,5.8,93.75,Chilled,Refrigerated,Micro_Perforated_PE,38,High,High,Yes
F02251,Frozen Peas,Frozen Vegetable,81.75,0.84,6.0,6.21,Low,378,-19.2,71.72,Frozen,Long_Distance,PE_Film,75,Medium,Low,Yes
F02252,Cheese,Dairy,36.93,33.18,25.63,4.98,Very_Low,63,3.2,84.04,Chilled,Normal,PA_PE_Vacuum,84,Low,Very_Low,Yes
F02253,Rice,Grain,11.47,2.08,7.37,6.49,Very_Low,374,25.4,44.43,Ambient,Normal,HDPE,79,Low,Low,No
F02254,Bread,Bakery,38.21,2.76,8.9,5.4,Very_Low,16,24.3,59.19,Ambient,Long_Distance,LDPE_Bag,47,Medium,Medium,No
F02255,Peanuts,Nuts,5.12,52.12,25.11,6.52,Very_Low,187,25.6,58.47,Ambient,Normal,Metallized_PET_PE,81,Very_Low,Very_Low,No
F02256,Frozen Peas,Frozen Vegetable,79.33,1.09,5.02,6.09,Low,343,-20.2,91.69,Frozen,Normal,PE_Film,77,Medium,Low,Yes
F02257,Rice,Grain,15.07,0.32,7.37,6.56,Very_Low,335,26.0,53.46,Ambient,Normal,HDPE,84,Low,Low,No
F02258,Fish,Seafood,71.43,4.79,18.73,6.63,Very_Low,12,2.1,89.71,Chilled,Refrigerated,PA_PE_Vacuum,86,Low,Very_Low,Yes
F02259,Milk Powder,Dairy,1.99,25.11,25.07,6.44,Very_Low,385,23.8,64.24,Ambient,Long_Distance,Aluminum_Laminate,93,Very_Low,Very_Low,No
F02260,Onion,Vegetable,90.67,0.0,1.21,5.45,Low,136,20.3,53.97,Ambient,Normal,Breathable_PP,51,High,Medium,Yes
F02261,Rice,Grain,11.36,0.31,7.29,6.29,Very_Low,375,24.3,54.83,Ambient,Long_Distance,HDPE,83,Low,Low,No
F02262,Peanuts,Nuts,5.44,49.38,24.24,6.48,Very_Low,184,25.6,59.05,Ambient,Long_Distance,Metallized_PET_PE,73,Very_Low,Very_Low,No
F02263,Fresh Chicken,Meat,74.17,9.28,22.8,5.83,Very_Low,9,3.2,84.65,Chilled,Normal,PA_PE_Vacuum,90,Low,Very_Low,Yes
F02264,Tomato,Fresh Produce,96.15,2.22,1.01,4.33,High,26,6.0,85.24,Chilled,Long_Distance,Micro_Perforated_PE,42,High,High,Yes
F02265,Frozen Peas,Frozen Vegetable,81.65,0.58,5.91,6.23,Low,405,-18.4,76.92,Frozen,Long_Distance,PE_Film,68,Medium,Low,Yes
F02266,Bread,Bakery,39.2,4.18,10.04,5.33,Very_Low,7,25.5,72.53,Ambient,Long_Distance,LDPE_Bag,60,Medium,Medium,No
F02267,Tomato,Fresh Produce,94.76,0.0,0.96,4.4,High,12,4.0,94.39,Chilled,Refrigerated,Micro_Perforated_PE,39,High,High,Yes
F02268,Wheat Flour,Grain,12.59,0.0,13.42,6.09,Very_Low,160,24.7,57.63,Ambient,Normal,HDPE,82,Low,Low,No
F02269,Potato Chips,Snacks,1.18,29.69,6.43,6.35,Very_Low,182,24.8,58.38,Ambient,Long_Distance,Metallized_PET_PE,73,Low,Very_Low,Yes
F02270,Biscuits,Bakery,5.76,18.28,6.62,7.32,Very_Low,190,24.5,59.34,Ambient,Normal,BOPP_PE,63,Low,Low,No
F02271,Onion,Vegetable,90.99,1.31,1.05,5.77,Low,123,20.0,55.23,Ambient,Normal,Breathable_PP,57,High,Medium,Yes
F02272,Biscuits,Bakery,4.54,18.06,7.26,6.94,Very_Low,185,23.9,70.22,Ambient,Long_Distance,BOPP_PE,64,Low,Low,No
F02273,Ground Coffee,Beverage,5.2,16.13,13.91,5.12,Very_Low,372,25.3,60.21,Ambient,Normal,High_Barrier_Laminate,96,Very_Low,Very_Low,No
F02274,Fish,Seafood,76.65,4.42,20.51,6.13,Very_Low,12,0.6,91.31,Chilled,Refrigerated,PA_PE_Vacuum,93,Low,Very_Low,Yes
F02275,Onion,Vegetable,88.7,0.0,1.23,5.7,Low,111,19.6,61.36,Ambient,Normal,Breathable_PP,49,High,Medium,Yes
F02276,Carrot,Fresh Produce,88.89,0.0,0.19,6.08,High,26,3.5,85.99,Chilled,Refrigerated,Micro_Perforated_PE,45,High,High,Yes
F02277,Onion,Vegetable,86.08,0.0,2.13,5.45,Low,111,21.3,55.41,Ambient,Long_Distance,Breathable_PP,50,High,Medium,Yes
F02278,Milk Powder,Dairy,8.44,26.71,27.03,6.96,Very_Low,369,25.1,63.66,Ambient,Normal,Aluminum_Laminate,103,Very_Low,Very_Low,No
F02279,Mango,Fresh Produce,88.31,1.39,0.57,4.19,High,31,9.5,76.37,Chilled,Long_Distance,Breathable_PE,40,High,High,Yes
F02280,Yogurt,Dairy,87.14,3.83,4.79,4.42,Very_Low,25,2.5,90.65,Chilled,Refrigerated,PP_Cup_Foil_Lid,50,Medium,Low,Yes
F02281,Coffee Powder,Beverage,3.6,15.23,14.47,4.96,Very_Low,331,24.2,72.3,Ambient,Long_Distance,Metallized_PET_PE,85,Very_Low,Very_Low,No
F02282,Wheat Flour,Grain,12.49,1.03,13.32,6.04,Very_Low,187,25.1,62.5,Ambient,Normal,HDPE,79,Low,Low,No
F02283,Potato Chips,Snacks,2.56,30.94,5.91,6.5,Very_Low,183,25.6,49.98,Ambient,Normal,Metallized_PET_PE,74,Low,Very_Low,Yes
F02284,Yogurt,Dairy,82.46,1.9,4.66,4.42,Very_Low,42,3.7,95.29,Chilled,Refrigerated,PP_Cup_Foil_Lid,48,Medium,Low,Yes
F02285,Fresh Chicken,Meat,70.41,8.85,23.45,5.83,Very_Low,3,3.7,85.34,Chilled,Refrigerated,PA_PE_Vacuum,86,Low,Very_Low,Yes
F02286,Potato Chips,Snacks,1.66,29.35,5.86,5.98,Very_Low,181,25.9,49.32,Ambient,Long_Distance,Metallized_PET_PE,81,Low,Very_Low,Yes
F02287,Mango,Fresh Produce,79.22,0.0,1.22,4.03,High,12,9.0,81.01,Chilled,Refrigerated,Breathable_PE,40,High,High,Yes
F02288,Ground Coffee,Beverage,3.83,17.23,14.17,5.05,Very_Low,362,25.6,76.71,Ambient,Long_Distance,High_Barrier_Laminate,83,Very_Low,Very_Low,No
F02289,Onion,Vegetable,87.33,0.0,1.74,5.71,Low,116,20.5,63.58,Ambient,Normal,Breathable_PP,57,High,Medium,Yes
F02290,Apple,Fresh Produce,86.08,0.0,0.54,3.54,High,47,4.6,80.72,Chilled,Long_Distance,Micro_Perforated_PE,49,High,High,Yes
F02291,Fresh Chicken,Meat,71.69,8.65,21.75,5.65,Very_Low,1,3.8,87.03,Chilled,Refrigerated,PA_PE_Vacuum,89,Low,Very_Low,Yes
F02292,Milk Powder,Dairy,4.27,27.12,25.74,6.48,Very_Low,340,25.3,57.67,Ambient,Normal,Aluminum_Laminate,100,Very_Low,Very_Low,No
F02293,Peanuts,Nuts,6.47,47.6,27.07,6.56,Very_Low,151,25.5,53.07,Ambient,Long_Distance,Metallized_PET_PE,84,Very_Low,Very_Low,No
F02294,Carrot,Fresh Produce,85.96,0.28,1.16,6.07,High,32,5.5,95.56,Chilled,Refrigerated,Micro_Perforated_PE,39,High,High,Yes
F02295,Cheese,Dairy,36.85,32.79,26.51,5.38,Very_Low,72,3.6,87.59,Chilled,Normal,PA_PE_Vacuum,88,Low,Very_Low,Yes
F02296,Biscuits,Bakery,5.09,15.6,6.13,7.23,Very_Low,201,24.6,58.49,Ambient,Normal,BOPP_PE,66,Low,Low,No
F02297,Rice,Grain,12.7,0.0,6.86,6.54,Very_Low,371,24.5,68.37,Ambient,Normal,HDPE,75,Low,Low,No
F02298,Butter,Dairy,17.14,82.6,1.05,5.95,Very_Low,133,3.8,87.73,Chilled,Long_Distance,Aluminum_Foil_Laminate,87,Very_Low,Very_Low,No
F02299,Cheese,Dairy,36.61,32.14,25.29,5.16,Very_Low,67,4.6,91.35,Chilled,Refrigerated,PA_PE_Vacuum,93,Low,Very_Low,Yes
F02300,Coffee Powder,Beverage,3.33,14.96,15.5,4.88,Very_Low,339,24.8,72.28,Ambient,Long_Distance,Metallized_PET_PE,83,Very_Low,Very_Low,No
F02301,Milk Powder,Dairy,4.81,26.87,26.77,6.6,Very_Low,340,24.6,57.59,Ambient,Long_Distance,Aluminum_Laminate,102,Very_Low,Very_Low,No
F02302,Potato Chips,Snacks,1.22,30.45,5.5,6.08,Very_Low,162,24.7,71.96,Ambient,Long_Distance,Metallized_PET_PE,68,Low,Very_Low,Yes
F02303,Onion,Vegetable,94.74,0.0,0.88,5.83,Low,118,20.4,52.75,Ambient,Normal,Breathable_PP,59,High,Medium,Yes
F02304,Onion,Vegetable,93.0,0.51,1.76,5.47,Low,124,20.5,67.15,Ambient,Long_Distance,Breathable_PP,50,High,Medium,Yes
F02305,Potato Chips,Snacks,3.33,29.98,5.39,5.98,Very_Low,211,25.7,59.46,Ambient,Normal,Metallized_PET_PE,78,Low,Very_Low,Yes
F02306,Ground Coffee,Beverage,2.44,14.85,14.56,4.96,Very_Low,331,24.7,66.3,Ambient,Long_Distance,High_Barrier_Laminate,94,Very_Low,Very_Low,No
F02307,Butter,Dairy,16.61,81.21,0.94,6.16,Very_Low,114,3.6,82.98,Chilled,Normal,Aluminum_Foil_Laminate,91,Very_Low,Very_Low,No
F02308,Coffee Powder,Beverage,4.48,14.98,13.16,5.07,Very_Low,366,24.5,52.04,Ambient,Long_Distance,Metallized_PET_PE,87,Very_Low,Very_Low,No
F02309,Milk Powder,Dairy,1.36,25.86,25.86,6.55,Very_Low,393,25.8,53.63,Ambient,Long_Distance,Aluminum_Laminate,94,Very_Low,Very_Low,No
F02310,Frozen Peas,Frozen Vegetable,82.6,0.49,3.84,6.04,Low,359,-18.9,84.03,Frozen,Normal,PE_Film,67,Medium,Low,Yes
F02311,Fresh Chicken,Meat,64.49,8.28,23.33,5.82,Very_Low,7,3.5,81.0,Chilled,Long_Distance,PA_PE_Vacuum,93,Low,Very_Low,Yes
F02312,Bread,Bakery,40.06,3.3,8.73,5.57,Very_Low,1,24.3,47.51,Ambient,Normal,LDPE_Bag,47,Medium,Medium,No
F02313,Coffee Powder,Beverage,5.93,15.11,13.31,5.07,Very_Low,361,24.5,52.71,Ambient,Long_Distance,Metallized_PET_PE,68,Very_Low,Very_Low,No
F02314,Cheese,Dairy,37.37,31.84,26.38,5.36,Very_Low,65,3.5,87.73,Chilled,Normal,PA_PE_Vacuum,88,Low,Very_Low,Yes
F02315,Coffee Powder,Beverage,2.99,14.81,14.9,4.85,Very_Low,303,24.4,56.87,Ambient,Normal,Metallized_PET_PE,81,Very_Low,Very_Low,No
F02316,Potato Chips,Snacks,3.27,31.37,5.22,6.14,Very_Low,164,25.3,49.06,Ambient,Long_Distance,Metallized_PET_PE,77,Low,Very_Low,Yes
F02317,Rice,Grain,15.31,1.52,7.74,6.63,Very_Low,365,25.6,55.14,Ambient,Long_Distance,HDPE,78,Low,Low,No
F02318,Fresh Chicken,Meat,71.17,6.27,22.2,5.93,Very_Low,14,4.8,95.78,Chilled,Long_Distance,PA_PE_Vacuum,105,Low,Very_Low,Yes
F02319,Milk Powder,Dairy,2.24,25.55,25.46,6.54,Very_Low,374,25.0,65.57,Ambient,Normal,Aluminum_Laminate,101,Very_Low,Very_Low,No
F02320,Potato Chips,Snacks,1.43,29.17,6.58,6.35,Very_Low,171,25.1,63.53,Ambient,Long_Distance,Metallized_PET_PE,81,Low,Very_Low,Yes
F02321,Milk Powder,Dairy,1.42,25.56,26.65,6.51,Very_Low,411,25.5,54.9,Ambient,Long_Distance,Aluminum_Laminate,91,Very_Low,Very_Low,No
F02322,Onion,Vegetable,92.19,0.0,1.11,5.44,Low,112,19.5,51.95,Ambient,Long_Distance,Breathable_PP,53,High,Medium,Yes
F02323,Cheese,Dairy,35.77,32.48,24.57,5.15,Very_Low,57,4.7,82.46,Chilled,Normal,PA_PE_Vacuum,86,Low,Very_Low,Yes
F02324,Fish,Seafood,74.83,3.83,20.24,6.35,Very_Low,8,2.2,71.47,Chilled,Refrigerated,PA_PE_Vacuum,90,Low,Very_Low,Yes
F02325,Yogurt,Dairy,86.82,3.43,3.92,4.34,Very_Low,35,4.2,88.62,Chilled,Normal,PP_Cup_Foil_Lid,54,Medium,Low,Yes
F02326,Carrot,Fresh Produce,81.8,0.2,0.69,5.89,High,25,4.4,83.24,Chilled,Refrigerated,Micro_Perforated_PE,35,High,High,Yes
F02327,Onion,Vegetable,88.93,0.0,0.53,5.49,Low,129,21.6,52.78,Ambient,Long_Distance,Breathable_PP,47,High,Medium,Yes
F02328,Peanuts,Nuts,4.09,46.95,27.06,6.54,Very_Low,170,25.4,54.28,Ambient,Long_Distance,Metallized_PET_PE,85,Very_Low,Very_Low,No
F02329,Peanuts,Nuts,7.61,47.05,24.6,6.34,Very_Low,180,25.6,60.05,Ambient,Long_Distance,Metallized_PET_PE,72,Very_Low,Very_Low,No
F02330,Bread,Bakery,39.11,3.56,9.46,5.58,Very_Low,7,26.9,56.22,Ambient,Normal,LDPE_Bag,52,Medium,Medium,No
F02331,Wheat Flour,Grain,11.83,3.05,13.24,5.94,Very_Low,174,24.0,63.36,Ambient,Long_Distance,HDPE,79,Low,Low,No
F02332,Ground Coffee,Beverage,3.12,15.97,14.17,4.84,Very_Low,340,26.3,70.41,Ambient,Long_Distance,High_Barrier_Laminate,87,Very_Low,Very_Low,No
F02333,Frozen Peas,Frozen Vegetable,76.29,0.0,5.08,6.21,Low,340,-18.1,82.31,Frozen,Long_Distance,PE_Film,75,Medium,Low,Yes
F02334,Frozen Peas,Frozen Vegetable,77.56,0.51,5.18,6.33,Low,329,-19.3,84.18,Frozen,Normal,PE_Film,68,Medium,Low,Yes
F02335,Apple,Fresh Produce,83.98,1.39,0.4,3.59,High,61,4.3,73.48,Chilled,Long_Distance,Micro_Perforated_PE,38,High,High,Yes
F02336,Butter,Dairy,13.5,79.61,0.63,6.02,Very_Low,112,4.9,84.79,Chilled,Normal,Aluminum_Foil_Laminate,92,Very_Low,Very_Low,No
F02337,Rice,Grain,11.02,0.0,7.55,6.6,Very_Low,351,25.0,78.29,Ambient,Normal,HDPE,77,Low,Low,No
F02338,Tomato,Fresh Produce,96.37,0.0,0.64,4.46,High,11,5.5,91.71,Chilled,Long_Distance,Micro_Perforated_PE,36,High,High,Yes
F02339,Apple,Fresh Produce,88.31,1.56,0.59,3.29,High,63,5.9,70.7,Chilled,Normal,Micro_Perforated_PE,39,High,High,Yes
F02340,Butter,Dairy,10.98,82.99,0.68,6.15,Very_Low,114,2.7,65.79,Chilled,Long_Distance,Aluminum_Foil_Laminate,90,Very_Low,Very_Low,No
F02341,Fresh Chicken,Meat,74.28,8.21,23.37,5.69,Very_Low,6,3.5,95.19,Chilled,Normal,PA_PE_Vacuum,86,Low,Very_Low,Yes
F02342,Peanuts,Nuts,5.63,47.78,24.92,6.72,Very_Low,173,24.6,41.31,Ambient,Normal,Metallized_PET_PE,83,Very_Low,Very_Low,No
F02343,Bread,Bakery,34.35,2.67,9.03,5.53,Very_Low,2,25.7,65.08,Ambient,Normal,LDPE_Bag,53,Medium,Medium,No
F02344,Mango,Fresh Produce,86.77,0.0,0.66,4.0,High,22,10.5,84.71,Chilled,Long_Distance,Breathable_PE,41,High,High,Yes
F02345,Butter,Dairy,18.39,76.36,1.15,5.97,Very_Low,125,3.7,87.76,Chilled,Long_Distance,Aluminum_Foil_Laminate,93,Very_Low,Very_Low,No
F02346,Biscuits,Bakery,3.21,18.36,7.48,7.05,Very_Low,166,25.2,51.86,Ambient,Normal,BOPP_PE,54,Low,Low,No
F02347,Milk Powder,Dairy,2.58,28.05,27.12,6.68,Very_Low,360,23.8,50.63,Ambient,Long_Distance,Aluminum_Laminate,100,Very_Low,Very_Low,No
F02348,Potato Chips,Snacks,2.6,30.74,6.33,6.41,Very_Low,154,25.5,66.74,Ambient,Long_Distance,Metallized_PET_PE,74,Low,Very_Low,Yes
F02349,Onion,Vegetable,85.28,0.0,0.96,5.28,Low,129,20.4,59.9,Ambient,Long_Distance,Breathable_PP,52,High,Medium,Yes
F02350,Carrot,Fresh Produce,87.67,0.84,0.01,5.96,High,38,3.9,74.54,Chilled,Refrigerated,Micro_Perforated_PE,35,High,High,Yes
F02351,Carrot,Fresh Produce,90.05,1.53,0.21,6.02,High,35,4.3,89.46,Chilled,Normal,Micro_Perforated_PE,46,High,High,Yes
F02352,Wheat Flour,Grain,14.35,2.28,12.66,6.04,Very_Low,188,25.7,60.69,Ambient,Normal,HDPE,81,Low,Low,No
F02353,Potato Chips,Snacks,0.98,30.02,5.02,5.92,Very_Low,205,25.7,59.54,Ambient,Normal,Metallized_PET_PE,80,Low,Very_Low,Yes
F02354,Potato Chips,Snacks,3.09,28.86,6.02,5.88,Very_Low,174,24.0,46.1,Ambient,Normal,Metallized_PET_PE,84,Low,Very_Low,Yes
F02355,Yogurt,Dairy,85.12,2.95,2.93,4.32,Very_Low,35,3.0,87.71,Chilled,Refrigerated,PP_Cup_Foil_Lid,55,Medium,Low,Yes
F02356,Milk Powder,Dairy,9.29,27.85,26.33,6.63,Very_Low,334,24.3,56.68,Ambient,Long_Distance,Aluminum_Laminate,102,Very_Low,Very_Low,No
F02357,Biscuits,Bakery,5.5,18.83,6.21,7.18,Very_Low,181,24.1,67.65,Ambient,Normal,BOPP_PE,60,Low,Low,No
F02358,Tomato,Fresh Produce,97.32,0.0,0.88,4.13,High,27,4.8,78.04,Chilled,Long_Distance,Micro_Perforated_PE,32,High,High,Yes
F02359,Bread,Bakery,41.16,3.67,8.67,5.24,Very_Low,1,24.7,43.05,Ambient,Long_Distance,LDPE_Bag,49,Medium,Medium,No
F02360,Coffee Powder,Beverage,2.19,13.9,14.69,5.0,Very_Low,362,26.0,64.83,Ambient,Normal,Metallized_PET_PE,80,Very_Low,Very_Low,No
F02361,Mango,Fresh Produce,85.04,0.0,0.47,4.14,High,19,9.8,84.91,Chilled,Refrigerated,Breathable_PE,42,High,High,Yes
F02362,Milk Powder,Dairy,5.42,27.75,25.01,6.69,Very_Low,366,24.1,72.04,Ambient,Long_Distance,Aluminum_Laminate,108,Very_Low,Very_Low,No
F02363,Fresh Chicken,Meat,73.7,6.9,23.82,5.7,Very_Low,8,3.4,87.4,Chilled,Refrigerated,PA_PE_Vacuum,95,Low,Very_Low,Yes
F02364,Apple,Fresh Produce,84.76,0.8,0.0,3.67,High,67,4.9,85.08,Chilled,Normal,Micro_Perforated_PE,36,High,High,Yes
F02365,Rice,Grain,13.08,0.0,7.24,6.64,Very_Low,357,24.8,47.11,Ambient,Normal,HDPE,76,Low,Low,No
F02366,Coffee Powder,Beverage,1.72,14.33,14.51,5.05,Very_Low,365,24.5,58.82,Ambient,Normal,Metallized_PET_PE,83,Very_Low,Very_Low,No
F02367,Ground Coffee,Beverage,0.66,15.37,14.69,5.01,Very_Low,363,24.5,63.13,Ambient,Normal,High_Barrier_Laminate,82,Very_Low,Very_Low,No
F02368,Ground Coffee,Beverage,1.69,15.45,13.59,4.83,Very_Low,358,26.1,52.01,Ambient,Normal,High_Barrier_Laminate,90,Very_Low,Very_Low,No
F02369,Potato Chips,Snacks,2.1,29.78,4.85,5.85,Very_Low,197,24.6,60.51,Ambient,Normal,Metallized_PET_PE,78,Low,Very_Low,Yes
F02370,Cheese,Dairy,37.04,32.2,25.16,4.94,Very_Low,63,4.6,83.52,Chilled,Normal,PA_PE_Vacuum,82,Low,Very_Low,Yes
F02371,Mango,Fresh Produce,83.97,0.29,0.71,3.99,High,14,11.8,75.69,Chilled,Refrigerated,Breathable_PE,47,High,High,Yes
F02372,Wheat Flour,Grain,13.49,0.76,12.05,6.27,Very_Low,165,24.0,64.52,Ambient,Normal,HDPE,82,Low,Low,No
F02373,Yogurt,Dairy,88.18,4.49,3.61,4.28,Very_Low,44,4.2,78.35,Chilled,Normal,PP_Cup_Foil_Lid,43,Medium,Low,Yes
F02374,Potato Chips,Snacks,1.92,29.65,6.26,6.14,Very_Low,184,25.4,63.94,Ambient,Normal,Metallized_PET_PE,86,Low,Very_Low,Yes
F02375,Biscuits,Bakery,3.25,17.73,7.01,6.96,Very_Low,190,25.6,63.12,Ambient,Long_Distance,BOPP_PE,63,Low,Low,No
F02376,Onion,Vegetable,87.48,2.27,1.82,5.42,Low,125,21.1,57.52,Ambient,Normal,Breathable_PP,48,High,Medium,Yes
F02377,Wheat Flour,Grain,10.68,2.48,14.11,6.2,Very_Low,192,25.2,58.5,Ambient,Long_Distance,HDPE,85,Low,Low,No
F02378,Cheese,Dairy,38.07,32.23,24.76,5.38,Very_Low,76,4.0,82.79,Chilled,Refrigerated,PA_PE_Vacuum,99,Low,Very_Low,Yes
F02379,Fresh Chicken,Meat,67.85,7.03,23.1,5.84,Very_Low,4,5.1,80.1,Chilled,Normal,PA_PE_Vacuum,97,Low,Very_Low,Yes
F02380,Carrot,Fresh Produce,88.55,0.61,0.99,6.13,High,30,4.9,84.87,Chilled,Refrigerated,Micro_Perforated_PE,43,High,High,Yes
F02381,Peanuts,Nuts,9.38,47.99,24.0,6.52,Very_Low,165,23.6,58.17,Ambient,Long_Distance,Metallized_PET_PE,81,Very_Low,Very_Low,No
F02382,Frozen Peas,Frozen Vegetable,80.66,1.27,5.75,6.23,Low,356,-16.7,86.71,Frozen,Normal,PE_Film,73,Medium,Low,Yes
F02383,Butter,Dairy,18.09,80.32,1.44,6.52,Very_Low,109,2.7,65.71,Chilled,Normal,Aluminum_Foil_Laminate,93,Very_Low,Very_Low,No
F02384,Fish,Seafood,75.74,5.84,21.54,6.21,Very_Low,15,1.5,77.81,Chilled,Refrigerated,PA_PE_Vacuum,93,Low,Very_Low,Yes
F02385,Bread,Bakery,39.02,1.8,8.9,5.55,Very_Low,1,23.8,57.39,Ambient,Normal,LDPE_Bag,58,Medium,Medium,No
F02386,Potato Chips,Snacks,2.39,29.6,5.72,5.97,Very_Low,180,25.8,55.8,Ambient,Normal,Metallized_PET_PE,80,Low,Very_Low,Yes
F02387,Potato Chips,Snacks,2.04,29.27,7.2,6.35,Very_Low,177,25.7,65.49,Ambient,Long_Distance,Metallized_PET_PE,76,Low,Very_Low,Yes
F02388,Cheese,Dairy,37.26,31.17,25.85,5.21,Very_Low,68,3.9,82.93,Chilled,Long_Distance,PA_PE_Vacuum,92,Low,Very_Low,Yes
F02389,Cheese,Dairy,36.6,33.48,24.62,5.2,Very_Low,67,5.4,75.44,Chilled,Refrigerated,PA_PE_Vacuum,82,Low,Very_Low,Yes
F02390,Bread,Bakery,38.81,5.28,8.85,5.38,Very_Low,9,24.0,41.72,Ambient,Long_Distance,LDPE_Bag,46,Medium,Medium,No
F02391,Rice,Grain,10.36,0.0,7.1,6.33,Very_Low,410,25.5,64.47,Ambient,Long_Distance,HDPE,87,Low,Low,No
F02392,Peanuts,Nuts,8.28,46.84,25.54,6.46,Very_Low,171,24.3,50.66,Ambient,Normal,Metallized_PET_PE,83,Very_Low,Very_Low,No
F02393,Ground Coffee,Beverage,0.0,13.2,13.41,5.19,Very_Low,329,24.5,49.95,Ambient,Long_Distance,High_Barrier_Laminate,87,Very_Low,Very_Low,No
F02394,Tomato,Fresh Produce,97.34,1.27,0.79,4.31,High,11,5.2,83.48,Chilled,Refrigerated,Micro_Perforated_PE,42,High,High,Yes
F02395,Coffee Powder,Beverage,3.34,13.51,14.66,5.31,Very_Low,363,25.0,54.82,Ambient,Long_Distance,Metallized_PET_PE,78,Very_Low,Very_Low,No
F02396,Frozen Peas,Frozen Vegetable,75.69,0.0,5.79,6.01,Low,370,-15.9,80.8,Frozen,Normal,PE_Film,74,Medium,Low,Yes
F02397,Frozen Peas,Frozen Vegetable,80.39,1.13,5.04,5.97,Low,369,-18.4,85.01,Frozen,Normal,PE_Film,66,Medium,Low,Yes
F02398,Onion,Vegetable,93.33,0.0,1.08,5.57,Low,121,19.7,57.78,Ambient,Normal,Breathable_PP,46,High,Medium,Yes
F02399,Cheese,Dairy,38.39,35.07,26.16,5.19,Very_Low,67,3.3,83.0,Chilled,Long_Distance,PA_PE_Vacuum,88,Low,Very_Low,Yes
F02400,Mango,Fresh Produce,79.51,0.0,0.17,3.96,High,19,10.3,83.28,Chilled,Long_Distance,Breathable_PE,42,High,High,Yes
F02401,Rice,Grain,11.32,0.29,6.42,6.35,Very_Low,379,24.8,58.49,Ambient,Normal,HDPE,82,Low,Low,No
F02402,Rice,Grain,13.75,2.0,6.72,6.56,Very_Low,359,25.1,49.7,Ambient,Long_Distance,HDPE,82,Low,Low,No
F02403,Milk Powder,Dairy,1.54,25.3,24.26,6.6,Very_Low,382,27.1,70.52,Ambient,Long_Distance,Aluminum_Laminate,103,Very_Low,Very_Low,No
F02404,Rice,Grain,12.52,1.77,7.61,6.39,Very_Low,343,26.3,53.4,Ambient,Normal,HDPE,83,Low,Low,No
F02405,Tomato,Fresh Produce,94.12,0.0,1.02,4.42,High,13,4.9,77.44,Chilled,Refrigerated,Micro_Perforated_PE,38,High,High,Yes
F02406,Wheat Flour,Grain,11.9,2.05,12.75,6.22,Very_Low,180,25.3,59.22,Ambient,Normal,HDPE,80,Low,Low,No
F02407,Rice,Grain,11.02,1.92,7.67,6.48,Very_Low,361,25.0,50.73,Ambient,Long_Distance,HDPE,84,Low,Low,No
F02408,Fish,Seafood,70.46,5.45,20.39,6.17,Very_Low,8,2.8,81.63,Chilled,Normal,PA_PE_Vacuum,96,Low,Very_Low,Yes
F02409,Coffee Powder,Beverage,3.25,14.16,13.98,4.9,Very_Low,375,25.4,62.92,Ambient,Long_Distance,Metallized_PET_PE,81,Very_Low,Very_Low,No
F02410,Milk Powder,Dairy,4.02,27.39,26.17,6.53,Very_Low,380,26.1,50.26,Ambient,Long_Distance,Aluminum_Laminate,108,Very_Low,Very_Low,No
F02411,Bread,Bakery,40.77,3.41,9.31,5.17,Very_Low,11,25.1,42.41,Ambient,Long_Distance,LDPE_Bag,51,Medium,Medium,No
F02412,Biscuits,Bakery,5.28,18.77,6.33,7.25,Very_Low,198,25.3,60.02,Ambient,Normal,BOPP_PE,66,Low,Low,No
F02413,Rice,Grain,14.47,0.0,7.46,6.6,Very_Low,343,25.1,57.67,Ambient,Normal,HDPE,78,Low,Low,No
F02414,Wheat Flour,Grain,11.97,1.61,12.86,6.09,Very_Low,197,24.1,54.04,Ambient,Normal,HDPE,76,Low,Low,No
F02415,Fresh Chicken,Meat,74.02,9.17,22.51,5.7,Very_Low,1,4.7,83.84,Chilled,Long_Distance,PA_PE_Vacuum,90,Low,Very_Low,Yes
F02416,Tomato,Fresh Produce,94.48,0.0,0.78,4.15,High,24,4.3,94.83,Chilled,Refrigerated,Micro_Perforated_PE,43,High,High,Yes
F02417,Tomato,Fresh Produce,95.79,1.35,0.72,4.49,High,17,5.3,90.05,Chilled,Long_Distance,Micro_Perforated_PE,44,High,High,Yes
F02418,Apple,Fresh Produce,84.35,3.33,0.08,3.4,High,72,5.4,84.3,Chilled,Refrigerated,Micro_Perforated_PE,35,High,High,Yes
F02419,Yogurt,Dairy,87.87,2.89,3.39,4.42,Very_Low,25,3.1,85.18,Chilled,Long_Distance,PP_Cup_Foil_Lid,49,Medium,Low,Yes
F02420,Ground Coffee,Beverage,3.35,15.1,13.93,5.01,Very_Low,400,24.4,46.17,Ambient,Long_Distance,High_Barrier_Laminate,95,Very_Low,Very_Low,No
F02421,Milk Powder,Dairy,2.83,25.97,24.53,6.71,Very_Low,362,23.1,57.44,Ambient,Long_Distance,Aluminum_Laminate,110,Very_Low,Very_Low,No
F02422,Potato Chips,Snacks,0.0,32.31,5.51,6.13,Very_Low,174,25.8,60.69,Ambient,Normal,Metallized_PET_PE,77,Low,Very_Low,Yes
F02423,Milk Powder,Dairy,7.38,27.86,26.87,6.76,Very_Low,367,24.7,67.48,Ambient,Normal,Aluminum_Laminate,93,Very_Low,Very_Low,No
F02424,Biscuits,Bakery,3.56,17.13,6.69,6.91,Very_Low,178,26.4,65.97,Ambient,Long_Distance,BOPP_PE,62,Low,Low,No
F02425,Wheat Flour,Grain,12.08,0.68,14.07,6.35,Very_Low,168,25.3,58.47,Ambient,Normal,HDPE,76,Low,Low,No
F02426,Carrot,Fresh Produce,83.79,0.0,0.77,5.92,High,22,3.5,78.28,Chilled,Normal,Micro_Perforated_PE,36,High,High,Yes
F02427,Mango,Fresh Produce,81.1,0.17,0.46,4.01,High,30,10.1,89.55,Chilled,Refrigerated,Breathable_PE,33,High,High,Yes
F02428,Onion,Vegetable,88.2,0.92,1.9,5.36,Low,117,20.3,75.41,Ambient,Long_Distance,Breathable_PP,49,High,Medium,Yes
F02429,Bread,Bakery,38.67,2.83,9.28,5.31,Very_Low,1,25.5,76.38,Ambient,Long_Distance,LDPE_Bag,56,Medium,Medium,No
F02430,Yogurt,Dairy,88.73,3.17,3.38,4.53,Very_Low,39,5.4,84.01,Chilled,Refrigerated,PP_Cup_Foil_Lid,48,Medium,Low,Yes
F02431,Onion,Vegetable,88.54,0.09,1.39,5.49,Low,126,20.0,61.76,Ambient,Long_Distance,Breathable_PP,54,High,Medium,Yes
F02432,Fresh Chicken,Meat,72.98,6.69,24.12,5.86,Very_Low,3,5.3,88.98,Chilled,Long_Distance,PA_PE_Vacuum,97,Low,Very_Low,Yes
F02433,Onion,Vegetable,89.9,0.0,0.35,5.47,Low,110,20.0,60.66,Ambient,Normal,Breathable_PP,63,High,Medium,Yes
F02434,Bread,Bakery,41.49,5.63,9.31,5.67,Very_Low,19,24.9,46.85,Ambient,Normal,LDPE_Bag,55,Medium,Medium,No
F02435,Yogurt,Dairy,86.48,3.43,3.33,4.23,Very_Low,40,2.8,89.55,Chilled,Refrigerated,PP_Cup_Foil_Lid,44,Medium,Low,Yes
F02436,Biscuits,Bakery,5.17,20.59,7.36,7.05,Very_Low,184,24.5,71.46,Ambient,Normal,BOPP_PE,65,Low,Low,No
F02437,Tomato,Fresh Produce,91.54,1.24,1.25,4.16,High,7,4.0,77.05,Chilled,Long_Distance,Micro_Perforated_PE,31,High,High,Yes
F02438,Onion,Vegetable,85.84,1.59,1.35,5.44,Low,132,19.7,70.45,Ambient,Long_Distance,Breathable_PP,44,High,Medium,Yes
F02439,Peanuts,Nuts,6.9,46.25,26.51,6.61,Very_Low,165,24.7,54.6,Ambient,Long_Distance,Metallized_PET_PE,84,Very_Low,Very_Low,No
F02440,Butter,Dairy,17.98,75.92,0.15,6.11,Very_Low,118,3.5,88.05,Chilled,Long_Distance,Aluminum_Foil_Laminate,93,Very_Low,Very_Low,No
F02441,Ground Coffee,Beverage,6.3,15.17,13.3,5.14,Very_Low,372,25.0,47.45,Ambient,Long_Distance,High_Barrier_Laminate,89,Very_Low,Very_Low,No
F02442,Butter,Dairy,14.59,82.67,1.44,6.16,Very_Low,124,3.9,73.52,Chilled,Normal,Aluminum_Foil_Laminate,83,Very_Low,Very_Low,No
F02443,Biscuits,Bakery,3.3,18.07,7.98,7.07,Very_Low,196,24.1,64.97,Ambient,Long_Distance,BOPP_PE,60,Low,Low,No
F02444,Coffee Powder,Beverage,1.25,17.43,13.88,4.76,Very_Low,344,26.3,73.07,Ambient,Normal,Metallized_PET_PE,77,Very_Low,Very_Low,No
F02445,Ground Coffee,Beverage,1.78,15.98,14.9,4.97,Very_Low,363,24.8,69.13,Ambient,Long_Distance,High_Barrier_Laminate,103,Very_Low,Very_Low,No
F02446,Mango,Fresh Produce,84.55,0.0,1.09,3.95,High,15,10.4,96.2,Chilled,Refrigerated,Breathable_PE,43,High,High,Yes
F02447,Ground Coffee,Beverage,1.83,12.14,14.02,5.14,Very_Low,379,25.0,56.76,Ambient,Normal,High_Barrier_Laminate,78,Very_Low,Very_Low,No
F02448,Fresh Chicken,Meat,69.02,7.19,23.6,5.75,Very_Low,15,3.6,83.57,Chilled,Normal,PA_PE_Vacuum,73,Low,Very_Low,Yes
F02449,Fresh Chicken,Meat,73.7,7.55,22.95,5.57,Very_Low,1,5.0,84.9,Chilled,Normal,PA_PE_Vacuum,86,Low,Very_Low,Yes
F02450,Potato Chips,Snacks,3.03,31.75,6.08,6.06,Very_Low,173,25.0,58.74,Ambient,Normal,Metallized_PET_PE,76,Low,Very_Low,Yes
F02451,Fish,Seafood,75.9,3.7,20.55,6.38,Very_Low,13,2.6,87.35,Chilled,Normal,PA_PE_Vacuum,85,Low,Very_Low,Yes
F02452,Peanuts,Nuts,5.12,50.86,25.13,6.49,Very_Low,167,25.9,67.19,Ambient,Normal,Metallized_PET_PE,71,Very_Low,Very_Low,No
F02453,Ground Coffee,Beverage,5.15,13.72,14.58,4.92,Very_Low,336,24.7,45.69,Ambient,Normal,High_Barrier_Laminate,85,Very_Low,Very_Low,No
F02454,Tomato,Fresh Produce,100.0,0.9,0.0,4.14,High,7,5.2,87.22,Chilled,Refrigerated,Micro_Perforated_PE,37,High,High,Yes
F02455,Fresh Chicken,Meat,76.52,8.09,23.11,5.82,Very_Low,11,3.7,80.91,Chilled,Refrigerated,PA_PE_Vacuum,99,Low,Very_Low,Yes
F02456,Wheat Flour,Grain,12.26,2.43,12.85,6.05,Very_Low,192,24.8,49.1,Ambient,Long_Distance,HDPE,85,Low,Low,No
F02457,Apple,Fresh Produce,82.12,0.03,0.91,3.4,High,49,6.0,93.01,Chilled,Refrigerated,Micro_Perforated_PE,35,High,High,Yes
F02458,Fresh Chicken,Meat,65.23,7.08,22.21,5.69,Very_Low,2,2.2,91.49,Chilled,Normal,PA_PE_Vacuum,84,Low,Very_Low,Yes
F02459,Carrot,Fresh Produce,89.1,0.0,1.3,5.99,High,44,5.5,94.3,Chilled,Normal,Micro_Perforated_PE,41,High,High,Yes
F02460,Mango,Fresh Produce,86.81,0.0,1.4,3.94,High,20,10.3,82.12,Chilled,Long_Distance,Breathable_PE,34,High,High,Yes
F02461,Biscuits,Bakery,2.25,20.39,6.69,6.93,Very_Low,188,23.7,62.47,Ambient,Long_Distance,BOPP_PE,54,Low,Low,No
F02462,Peanuts,Nuts,9.75,52.39,25.51,6.73,Very_Low,164,23.9,69.55,Ambient,Normal,Metallized_PET_PE,72,Very_Low,Very_Low,No
F02463,Biscuits,Bakery,7.22,17.96,7.36,7.04,Very_Low,186,24.7,66.2,Ambient,Normal,BOPP_PE,56,Low,Low,No
F02464,Yogurt,Dairy,88.26,3.85,3.31,4.52,Very_Low,28,3.6,95.9,Chilled,Refrigerated,PP_Cup_Foil_Lid,42,Medium,Low,Yes
F02465,Ground Coffee,Beverage,3.63,15.49,14.17,4.92,Very_Low,363,27.1,63.35,Ambient,Normal,High_Barrier_Laminate,81,Very_Low,Very_Low,No
F02466,Apple,Fresh Produce,89.05,1.17,0.0,3.31,High,57,6.4,77.8,Chilled,Normal,Micro_Perforated_PE,33,High,High,Yes
F02467,Apple,Fresh Produce,91.06,0.0,0.92,3.37,High,67,4.1,87.42,Chilled,Normal,Micro_Perforated_PE,34,High,High,Yes
F02468,Frozen Peas,Frozen Vegetable,79.93,0.0,5.27,6.07,Low,359,-18.2,81.69,Frozen,Long_Distance,PE_Film,75,Medium,Low,Yes
F02469,Potato Chips,Snacks,2.18,28.1,6.21,5.95,Very_Low,179,24.7,46.93,Ambient,Normal,Metallized_PET_PE,83,Low,Very_Low,Yes
F02470,Yogurt,Dairy,87.85,4.88,4.18,4.38,Very_Low,27,4.2,89.22,Chilled,Refrigerated,PP_Cup_Foil_Lid,55,Medium,Low,Yes
F02471,Cheese,Dairy,37.34,33.08,25.08,5.3,Very_Low,63,4.0,81.67,Chilled,Refrigerated,PA_PE_Vacuum,99,Low,Very_Low,Yes
F02472,Frozen Peas,Frozen Vegetable,79.07,0.0,4.4,6.27,Low,321,-18.5,82.68,Frozen,Normal,PE_Film,71,Medium,Low,Yes
F02473,Bread,Bakery,35.57,4.34,8.97,5.52,Very_Low,14,24.8,57.98,Ambient,Normal,LDPE_Bag,52,Medium,Medium,No
F02474,Fresh Chicken,Meat,72.34,7.39,22.59,5.59,Very_Low,5,4.4,77.11,Chilled,Long_Distance,PA_PE_Vacuum,87,Low,Very_Low,Yes
F02475,Fresh Chicken,Meat,71.91,7.74,23.46,5.86,Very_Low,3,3.4,82.59,Chilled,Refrigerated,PA_PE_Vacuum,96,Low,Very_Low,Yes
F02476,Ground Coffee,Beverage,3.1,15.98,14.08,5.05,Very_Low,327,26.2,65.97,Ambient,Long_Distance,High_Barrier_Laminate,95,Very_Low,Very_Low,No
F02477,Apple,Fresh Produce,93.01,1.88,0.1,3.38,High,46,5.0,89.77,Chilled,Refrigerated,Micro_Perforated_PE,35,High,High,Yes
F02478,Mango,Fresh Produce,86.53,0.4,0.69,4.2,High,16,11.0,83.43,Chilled,Refrigerated,Breathable_PE,33,High,High,Yes
F02479,Biscuits,Bakery,4.44,17.25,7.3,7.09,Very_Low,195,24.6,59.35,Ambient,Normal,BOPP_PE,55,Low,Low,No
F02480,Bread,Bakery,40.09,3.66,7.87,5.61,Very_Low,14,24.9,60.73,Ambient,Long_Distance,LDPE_Bag,54,Medium,Medium,No
F02481,Fresh Chicken,Meat,74.04,8.81,23.45,5.9,Very_Low,2,3.6,83.1,Chilled,Refrigerated,PA_PE_Vacuum,98,Low,Very_Low,Yes
F02482,Biscuits,Bakery,4.45,15.47,7.09,7.14,Very_Low,159,23.7,39.57,Ambient,Normal,BOPP_PE,55,Low,Low,No
F02483,Butter,Dairy,15.42,78.75,0.93,6.31,Very_Low,126,5.2,87.82,Chilled,Long_Distance,Aluminum_Foil_Laminate,95,Very_Low,Very_Low,No
F02484,Ground Coffee,Beverage,4.47,15.87,15.49,4.88,Very_Low,345,25.4,68.5,Ambient,Normal,High_Barrier_Laminate,93,Very_Low,Very_Low,No
F02485,Carrot,Fresh Produce,82.02,0.0,1.45,6.15,High,35,5.6,82.44,Chilled,Normal,Micro_Perforated_PE,37,High,High,Yes
F02486,Fresh Chicken,Meat,66.2,7.65,22.83,5.91,Very_Low,7,3.7,80.18,Chilled,Refrigerated,PA_PE_Vacuum,84,Low,Very_Low,Yes
F02487,Yogurt,Dairy,88.78,2.59,4.01,4.27,Very_Low,45,3.9,84.92,Chilled,Long_Distance,PP_Cup_Foil_Lid,53,Medium,Low,Yes
F02488,Onion,Vegetable,81.94,0.9,0.99,5.34,Low,130,20.9,54.54,Ambient,Normal,Breathable_PP,45,High,Medium,Yes
F02489,Bread,Bakery,34.97,3.88,8.26,5.36,Very_Low,1,25.5,52.55,Ambient,Normal,LDPE_Bag,56,Medium,Medium,No
F02490,Frozen Peas,Frozen Vegetable,77.79,1.48,5.01,5.97,Low,359,-18.7,85.14,Frozen,Normal,PE_Film,67,Medium,Low,Yes
F02491,Peanuts,Nuts,4.61,49.4,24.3,6.42,Very_Low,175,25.1,49.94,Ambient,Normal,Metallized_PET_PE,88,Very_Low,Very_Low,No
F02492,Tomato,Fresh Produce,99.01,1.95,0.7,4.22,High,22,5.4,85.2,Chilled,Long_Distance,Micro_Perforated_PE,43,High,High,Yes
F02493,Apple,Fresh Produce,91.67,0.0,0.05,3.58,High,46,5.6,85.42,Chilled,Refrigerated,Micro_Perforated_PE,37,High,High,Yes
F02494,Yogurt,Dairy,85.88,4.49,3.4,4.43,Very_Low,33,4.2,95.96,Chilled,Long_Distance,PP_Cup_Foil_Lid,55,Medium,Low,Yes
F02495,Cheese,Dairy,35.87,33.19,24.66,5.15,Very_Low,59,4.7,96.67,Chilled,Refrigerated,PA_PE_Vacuum,90,Low,Very_Low,Yes
F02496,Cheese,Dairy,39.09,34.09,25.42,5.07,Very_Low,52,3.9,80.24,Chilled,Normal,PA_PE_Vacuum,85,Low,Very_Low,Yes
F02497,Milk Powder,Dairy,1.58,27.22,26.73,6.45,Very_Low,353,24.3,76.25,Ambient,Long_Distance,Aluminum_Laminate,109,Very_Low,Very_Low,No
F02498,Peanuts,Nuts,6.91,46.8,24.57,6.52,Very_Low,179,25.5,54.31,Ambient,Normal,Metallized_PET_PE,83,Very_Low,Very_Low,No
F02499,Wheat Flour,Grain,9.2,2.03,12.45,6.27,Very_Low,185,26.3,65.1,Ambient,Normal,HDPE,81,Low,Low,No
F02500,Tomato,Fresh Produce,100.0,1.26,0.92,4.16,High,2,6.2,88.38,Chilled,Refrigerated,Micro_Perforated_PE,38,High,High,Yes
F02501,Fish,Seafood,73.35,6.3,20.34,6.1,Very_Low,1,1.8,84.76,Chilled,Refrigerated,PA_PE_Vacuum,87,Low,Very_Low,Yes
F02502,Potato Chips,Snacks,3.68,30.42,5.83,6.17,Very_Low,165,26.2,63.27,Ambient,Long_Distance,Metallized_PET_PE,74,Low,Very_Low,Yes
F02503,Apple,Fresh Produce,88.54,0.69,0.0,3.56,High,66,4.8,89.21,Chilled,Long_Distance,Micro_Perforated_PE,36,High,High,Yes
F02504,Carrot,Fresh Produce,84.94,0.34,0.32,5.94,High,28,3.6,77.74,Chilled,Long_Distance,Micro_Perforated_PE,39,High,High,Yes
F02505,Carrot,Fresh Produce,86.72,0.56,1.29,6.13,High,37,4.9,84.44,Chilled,Refrigerated,Micro_Perforated_PE,46,High,High,Yes
F02506,Peanuts,Nuts,5.41,50.3,23.48,6.54,Very_Low,167,25.1,65.62,Ambient,Long_Distance,Metallized_PET_PE,71,Very_Low,Very_Low,No
F02507,Fish,Seafood,81.01,6.37,20.62,6.23,Very_Low,8,3.5,87.82,Chilled,Long_Distance,PA_PE_Vacuum,87,Low,Very_Low,Yes
F02508,Mango,Fresh Produce,86.78,0.0,0.99,4.35,High,32,11.7,88.13,Chilled,Long_Distance,Breathable_PE,40,High,High,Yes
F02509,Rice,Grain,10.73,1.13,6.34,6.61,Very_Low,315,25.1,56.39,Ambient,Normal,HDPE,84,Low,Low,No
F02510,Coffee Powder,Beverage,4.61,15.13,14.12,5.03,Very_Low,360,23.7,44.72,Ambient,Long_Distance,Metallized_PET_PE,80,Very_Low,Very_Low,No
F02511,Potato Chips,Snacks,0.0,31.84,6.04,6.06,Very_Low,178,23.7,59.9,Ambient,Normal,Metallized_PET_PE,74,Low,Very_Low,Yes
F02512,Butter,Dairy,14.77,80.04,0.97,6.26,Very_Low,114,4.7,81.67,Chilled,Refrigerated,Aluminum_Foil_Laminate,91,Very_Low,Very_Low,No
F02513,Cheese,Dairy,35.08,33.08,24.54,5.31,Very_Low,58,3.4,84.93,Chilled,Long_Distance,PA_PE_Vacuum,85,Low,Very_Low,Yes
F02514,Potato Chips,Snacks,3.92,30.44,5.84,5.97,Very_Low,184,25.0,46.39,Ambient,Long_Distance,Metallized_PET_PE,83,Low,Very_Low,Yes
F02515,Fish,Seafood,73.07,5.82,20.09,6.21,Very_Low,1,2.0,79.16,Chilled,Normal,PA_PE_Vacuum,88,Low,Very_Low,Yes
F02516,Rice,Grain,12.84,2.03,7.86,6.46,Very_Low,369,25.4,66.65,Ambient,Normal,HDPE,78,Low,Low,No
F02517,Apple,Fresh Produce,84.31,0.0,0.22,3.45,High,55,3.5,83.87,Chilled,Long_Distance,Micro_Perforated_PE,45,High,High,Yes
F02518,Coffee Powder,Beverage,2.78,16.1,12.98,4.92,Very_Low,392,24.5,75.87,Ambient,Normal,Metallized_PET_PE,93,Very_Low,Very_Low,No
F02519,Rice,Grain,14.92,0.0,7.42,6.45,Very_Low,380,24.0,54.27,Ambient,Normal,HDPE,86,Low,Low,No
F02520,Butter,Dairy,19.05,84.23,0.8,6.29,Very_Low,125,3.6,93.08,Chilled,Normal,Aluminum_Foil_Laminate,95,Very_Low,Very_Low,No
F02521,Coffee Powder,Beverage,2.8,15.87,13.02,4.99,Very_Low,347,26.1,53.01,Ambient,Normal,Metallized_PET_PE,79,Very_Low,Very_Low,No
F02522,Fish,Seafood,76.04,4.49,20.35,6.24,Very_Low,5,1.9,67.19,Chilled,Long_Distance,PA_PE_Vacuum,92,Low,Very_Low,Yes
F02523,Onion,Vegetable,91.15,0.0,0.87,5.58,Low,113,21.3,44.1,Ambient,Long_Distance,Breathable_PP,52,High,Medium,Yes
F02524,Onion,Vegetable,88.02,0.0,0.48,5.61,Low,121,19.7,67.99,Ambient,Normal,Breathable_PP,47,High,Medium,Yes
F02525,Ground Coffee,Beverage,6.67,15.85,14.29,4.86,Very_Low,357,25.6,65.76,Ambient,Long_Distance,High_Barrier_Laminate,80,Very_Low,Very_Low,No
F02526,Carrot,Fresh Produce,85.87,2.23,1.76,6.0,High,29,5.1,94.89,Chilled,Refrigerated,Micro_Perforated_PE,44,High,High,Yes
F02527,Wheat Flour,Grain,13.85,0.0,12.54,6.14,Very_Low,211,24.6,60.22,Ambient,Long_Distance,HDPE,74,Low,Low,No
F02528,Carrot,Fresh Produce,83.52,0.32,1.75,6.08,High,33,5.2,95.29,Chilled,Refrigerated,Micro_Perforated_PE,44,High,High,Yes
F02529,Carrot,Fresh Produce,87.22,0.0,1.04,6.1,High,27,5.2,85.62,Chilled,Refrigerated,Micro_Perforated_PE,45,High,High,Yes
F02530,Butter,Dairy,17.08,80.89,0.84,6.25,Very_Low,122,4.9,94.94,Chilled,Long_Distance,Aluminum_Foil_Laminate,92,Very_Low,Very_Low,No
F02531,Apple,Fresh Produce,86.63,0.17,0.24,3.33,High,59,5.2,82.94,Chilled,Normal,Micro_Perforated_PE,41,High,High,Yes
F02532,Apple,Fresh Produce,87.96,0.0,0.0,3.5,High,45,4.5,91.03,Chilled,Refrigerated,Micro_Perforated_PE,40,High,High,Yes
F02533,Butter,Dairy,15.23,85.11,1.15,6.07,Very_Low,122,5.2,71.06,Chilled,Normal,Aluminum_Foil_Laminate,84,Very_Low,Very_Low,No
F02534,Peanuts,Nuts,2.68,51.42,25.87,6.57,Very_Low,205,25.8,57.13,Ambient,Normal,Metallized_PET_PE,83,Very_Low,Very_Low,No
F02535,Rice,Grain,14.57,0.94,5.99,6.25,Very_Low,364,25.0,48.54,Ambient,Long_Distance,HDPE,88,Low,Low,No
F02536,Butter,Dairy,14.17,83.66,2.07,6.0,Very_Low,121,4.4,81.02,Chilled,Normal,Aluminum_Foil_Laminate,74,Very_Low,Very_Low,No
F02537,Apple,Fresh Produce,87.37,0.0,0.0,3.31,High,62,6.2,82.91,Chilled,Normal,Micro_Perforated_PE,43,High,High,Yes
F02538,Fish,Seafood,76.3,5.01,19.49,6.25,Very_Low,2,1.0,79.73,Chilled,Normal,PA_PE_Vacuum,88,Low,Very_Low,Yes
F02539,Wheat Flour,Grain,8.97,3.43,11.42,6.28,Very_Low,175,24.9,65.82,Ambient,Normal,HDPE,81,Low,Low,No
F02540,Bread,Bakery,40.45,4.09,9.09,5.43,Very_Low,11,24.4,63.24,Ambient,Long_Distance,LDPE_Bag,53,Medium,Medium,No
F02541,Wheat Flour,Grain,11.11,0.76,12.54,6.16,Very_Low,158,24.7,59.41,Ambient,Long_Distance,HDPE,76,Low,Low,No
F02542,Mango,Fresh Produce,82.4,0.03,0.44,3.86,High,31,9.9,87.79,Chilled,Long_Distance,Breathable_PE,34,High,High,Yes
F02543,Mango,Fresh Produce,83.42,1.17,0.97,4.04,High,24,9.5,82.31,Chilled,Refrigerated,Breathable_PE,41,High,High,Yes
F02544,Carrot,Fresh Produce,88.18,0.0,0.73,6.07,High,31,2.6,81.77,Chilled,Refrigerated,Micro_Perforated_PE,43,High,High,Yes
F02545,Bread,Bakery,40.67,4.04,9.2,5.67,Very_Low,1,25.9,61.65,Ambient,Normal,LDPE_Bag,52,Medium,Medium,No
F02546,Wheat Flour,Grain,8.24,2.1,11.87,6.02,Very_Low,155,23.9,59.37,Ambient,Normal,HDPE,89,Low,Low,No
F02547,Potato Chips,Snacks,5.86,30.96,5.88,6.13,Very_Low,174,26.2,63.52,Ambient,Long_Distance,Metallized_PET_PE,76,Low,Very_Low,Yes
F02548,Tomato,Fresh Produce,97.27,0.0,0.39,4.2,High,10,4.8,83.8,Chilled,Refrigerated,Micro_Perforated_PE,27,High,High,Yes
F02549,Ground Coffee,Beverage,6.95,14.49,13.68,5.0,Very_Low,358,25.4,70.59,Ambient,Long_Distance,High_Barrier_Laminate,92,Very_Low,Very_Low,No
F02550,Onion,Vegetable,87.91,0.0,1.23,5.5,Low,130,19.5,62.2,Ambient,Long_Distance,Breathable_PP,54,High,Medium,Yes
F02551,Wheat Flour,Grain,11.15,1.19,13.37,6.04,Very_Low,177,24.6,49.56,Ambient,Normal,HDPE,83,Low,Low,No
F02552,Bread,Bakery,38.44,3.97,8.87,5.42,Very_Low,13,25.7,62.84,Ambient,Long_Distance,LDPE_Bag,56,Medium,Medium,No
F02553,Milk Powder,Dairy,2.8,25.75,25.13,6.43,Very_Low,367,26.4,70.84,Ambient,Normal,Aluminum_Laminate,105,Very_Low,Very_Low,No
F02554,Fish,Seafood,78.05,3.77,20.5,6.56,Very_Low,1,2.4,91.01,Chilled,Refrigerated,PA_PE_Vacuum,83,Low,Very_Low,Yes
F02555,Frozen Peas,Frozen Vegetable,80.01,1.18,5.87,6.22,Low,361,-18.8,72.21,Frozen,Long_Distance,PE_Film,76,Medium,Low,Yes
F02556,Carrot,Fresh Produce,87.21,0.0,1.01,5.81,High,44,5.9,85.54,Chilled,Normal,Micro_Perforated_PE,39,High,High,Yes
F02557,Ground Coffee,Beverage,3.19,13.76,13.74,5.06,Very_Low,352,25.4,69.64,Ambient,Long_Distance,High_Barrier_Laminate,95,Very_Low,Very_Low,No
F02558,Fresh Chicken,Meat,71.97,7.87,22.36,5.71,Very_Low,2,4.2,74.78,Chilled,Long_Distance,PA_PE_Vacuum,88,Low,Very_Low,Yes
F02559,Potato Chips,Snacks,4.41,31.9,6.67,6.14,Very_Low,184,25.1,64.15,Ambient,Long_Distance,Metallized_PET_PE,68,Low,Very_Low,Yes
F02560,Rice,Grain,9.22,1.6,7.12,6.66,Very_Low,383,23.9,61.4,Ambient,Long_Distance,HDPE,79,Low,Low,No
F02561,Rice,Grain,10.73,0.52,7.71,6.38,Very_Low,354,25.1,51.94,Ambient,Normal,HDPE,80,Low,Low,No
F02562,Fresh Chicken,Meat,71.69,9.32,22.3,5.64,Very_Low,10,4.0,85.7,Chilled,Refrigerated,PA_PE_Vacuum,86,Low,Very_Low,Yes
F02563,Mango,Fresh Produce,81.29,0.76,0.95,4.28,High,27,10.8,93.53,Chilled,Normal,Breathable_PE,35,High,High,Yes
F02564,Tomato,Fresh Produce,99.55,1.18,1.2,4.1,High,23,4.9,84.74,Chilled,Refrigerated,Micro_Perforated_PE,28,High,High,Yes
F02565,Milk Powder,Dairy,6.34,25.68,24.61,6.52,Very_Low,387,23.7,64.73,Ambient,Long_Distance,Aluminum_Laminate,92,Very_Low,Very_Low,No
F02566,Wheat Flour,Grain,13.64,0.14,13.16,6.13,Very_Low,177,25.7,50.43,Ambient,Normal,HDPE,82,Low,Low,No
F02567,Peanuts,Nuts,6.05,49.42,24.46,6.24,Very_Low,174,24.9,46.11,Ambient,Normal,Metallized_PET_PE,80,Very_Low,Very_Low,No
F02568,Rice,Grain,16.05,2.21,6.56,6.67,Very_Low,338,24.9,54.21,Ambient,Normal,HDPE,74,Low,Low,No
F02569,Cheese,Dairy,37.32,32.7,25.24,5.19,Very_Low,48,4.4,74.11,Chilled,Refrigerated,PA_PE_Vacuum,86,Low,Very_Low,Yes
F02570,Ground Coffee,Beverage,2.69,14.44,15.07,4.73,Very_Low,350,25.1,70.6,Ambient,Long_Distance,High_Barrier_Laminate,85,Very_Low,Very_Low,No
F02571,Ground Coffee,Beverage,3.16,13.7,14.38,5.14,Very_Low,369,23.6,63.28,Ambient,Normal,High_Barrier_Laminate,94,Very_Low,Very_Low,No
F02572,Fish,Seafood,75.19,4.92,19.03,6.42,Very_Low,13,1.3,85.61,Chilled,Long_Distance,PA_PE_Vacuum,88,Low,Very_Low,Yes
F02573,Fresh Chicken,Meat,71.03,8.95,23.73,5.76,Very_Low,11,4.3,85.88,Chilled,Refrigerated,PA_PE_Vacuum,95,Low,Very_Low,Yes
F02574,Fish,Seafood,70.44,4.68,19.72,6.56,Very_Low,2,3.6,90.8,Chilled,Refrigerated,PA_PE_Vacuum,84,Low,Very_Low,Yes
F02575,Coffee Powder,Beverage,3.92,16.91,14.38,4.8,Very_Low,373,24.7,64.86,Ambient,Long_Distance,Metallized_PET_PE,82,Very_Low,Very_Low,No
F02576,Wheat Flour,Grain,10.84,2.29,12.67,6.0,Very_Low,169,26.3,62.53,Ambient,Normal,HDPE,70,Low,Low,No
F02577,Biscuits,Bakery,7.4,19.24,7.03,7.03,Very_Low,158,24.1,52.83,Ambient,Normal,BOPP_PE,57,Low,Low,No
F02578,Rice,Grain,11.89,0.96,7.21,6.47,Very_Low,345,24.7,68.1,Ambient,Normal,HDPE,89,Low,Low,No
F02579,Coffee Powder,Beverage,2.69,15.01,13.76,4.94,Very_Low,344,25.8,61.32,Ambient,Long_Distance,Metallized_PET_PE,87,Very_Low,Very_Low,No
F02580,Frozen Peas,Frozen Vegetable,79.53,1.71,6.14,5.97,Low,375,-18.9,85.77,Frozen,Normal,PE_Film,74,Medium,Low,Yes
F02581,Onion,Vegetable,91.28,0.0,0.67,5.53,Low,114,19.1,61.86,Ambient,Normal,Breathable_PP,64,High,Medium,Yes
F02582,Fresh Chicken,Meat,73.49,7.26,22.32,5.96,Very_Low,1,4.9,86.39,Chilled,Normal,PA_PE_Vacuum,83,Low,Very_Low,Yes
F02583,Onion,Vegetable,88.41,0.0,1.28,5.47,Low,124,18.5,60.97,Ambient,Long_Distance,Breathable_PP,55,High,Medium,Yes
F02584,Mango,Fresh Produce,91.87,0.0,0.83,3.9,High,28,10.4,89.59,Chilled,Refrigerated,Breathable_PE,37,High,High,Yes
F02585,Rice,Grain,12.11,2.75,6.48,6.24,Very_Low,407,25.6,66.25,Ambient,Long_Distance,HDPE,86,Low,Low,No
F02586,Ground Coffee,Beverage,5.06,16.19,13.66,4.85,Very_Low,343,24.2,65.74,Ambient,Long_Distance,High_Barrier_Laminate,78,Very_Low,Very_Low,No
F02587,Peanuts,Nuts,4.17,49.31,24.8,6.51,Very_Low,201,23.4,76.61,Ambient,Long_Distance,Metallized_PET_PE,71,Very_Low,Very_Low,No
F02588,Butter,Dairy,14.85,81.08,1.33,6.18,Very_Low,135,5.2,74.36,Chilled,Normal,Aluminum_Foil_Laminate,89,Very_Low,Very_Low,No
F02589,Wheat Flour,Grain,15.66,0.71,12.32,6.12,Very_Low,172,24.8,61.89,Ambient,Normal,HDPE,88,Low,Low,No
F02590,Apple,Fresh Produce,89.07,0.97,0.62,3.48,High,65,5.0,71.3,Chilled,Normal,Micro_Perforated_PE,45,High,High,Yes
F02591,Bread,Bakery,39.6,4.45,9.24,5.65,Very_Low,7,24.3,48.08,Ambient,Normal,LDPE_Bag,49,Medium,Medium,No
F02592,Mango,Fresh Produce,83.55,2.26,0.39,3.95,High,26,10.4,92.39,Chilled,Normal,Breathable_PE,42,High,High,Yes
F02593,Potato Chips,Snacks,1.43,29.5,5.2,5.93,Very_Low,191,24.7,61.15,Ambient,Normal,Metallized_PET_PE,78,Low,Very_Low,Yes
F02594,Apple,Fresh Produce,82.34,0.0,0.25,3.63,High,53,5.3,84.12,Chilled,Normal,Micro_Perforated_PE,37,High,High,Yes
F02595,Butter,Dairy,14.25,80.51,1.06,6.2,Very_Low,118,4.2,75.59,Chilled,Normal,Aluminum_Foil_Laminate,88,Very_Low,Very_Low,No
F02596,Potato Chips,Snacks,3.3,29.64,6.22,5.94,Very_Low,175,25.7,58.19,Ambient,Normal,Metallized_PET_PE,81,Low,Very_Low,Yes
F02597,Fresh Chicken,Meat,73.62,8.8,22.99,5.96,Very_Low,4,3.5,92.85,Chilled,Normal,PA_PE_Vacuum,89,Low,Very_Low,Yes
F02598,Biscuits,Bakery,5.06,19.16,6.8,7.02,Very_Low,197,24.5,63.16,Ambient,Long_Distance,BOPP_PE,56,Low,Low,No
F02599,Milk Powder,Dairy,2.97,26.68,26.74,6.53,Very_Low,381,25.0,79.6,Ambient,Long_Distance,Aluminum_Laminate,100,Very_Low,Very_Low,No
F02600,Onion,Vegetable,86.72,0.42,1.72,5.51,Low,116,19.6,61.75,Ambient,Long_Distance,Breathable_PP,47,High,Medium,Yes
F02601,Apple,Fresh Produce,86.4,0.61,0.0,3.62,High,75,2.8,90.43,Chilled,Long_Distance,Micro_Perforated_PE,39,High,High,Yes
F02602,Cheese,Dairy,35.07,33.26,24.08,5.11,Very_Low,58,3.7,81.4,Chilled,Normal,PA_PE_Vacuum,87,Low,Very_Low,Yes
F02603,Fresh Chicken,Meat,77.25,8.6,21.98,5.93,Very_Low,6,2.9,80.96,Chilled,Long_Distance,PA_PE_Vacuum,88,Low,Very_Low,Yes
F02604,Apple,Fresh Produce,87.07,0.0,0.47,3.49,High,64,4.9,91.4,Chilled,Refrigerated,Micro_Perforated_PE,35,High,High,Yes
F02605,Frozen Peas,Frozen Vegetable,85.72,0.0,5.52,6.16,Low,365,-19.6,89.38,Frozen,Long_Distance,PE_Film,64,Medium,Low,Yes
F02606,Biscuits,Bakery,5.12,17.92,6.84,6.96,Very_Low,186,25.0,63.81,Ambient,Long_Distance,BOPP_PE,58,Low,Low,No
F02607,Wheat Flour,Grain,12.43,1.56,11.97,6.11,Very_Low,173,25.4,51.5,Ambient,Long_Distance,HDPE,78,Low,Low,No
F02608,Tomato,Fresh Produce,91.31,0.0,1.54,4.32,High,14,5.4,75.18,Chilled,Long_Distance,Micro_Perforated_PE,49,High,High,Yes
F02609,Coffee Powder,Beverage,1.02,14.42,13.86,5.14,Very_Low,355,25.6,68.46,Ambient,Long_Distance,Metallized_PET_PE,85,Very_Low,Very_Low,No
F02610,Potato Chips,Snacks,0.08,28.74,6.2,6.37,Very_Low,183,25.7,53.11,Ambient,Normal,Metallized_PET_PE,82,Low,Very_Low,Yes
F02611,Fish,Seafood,69.75,5.93,19.28,6.2,Very_Low,1,0.5,71.77,Chilled,Refrigerated,PA_PE_Vacuum,96,Low,Very_Low,Yes
F02612,Bread,Bakery,40.24,4.54,8.45,5.53,Very_Low,15,25.3,65.48,Ambient,Normal,LDPE_Bag,47,Medium,Medium,No
F02613,Peanuts,Nuts,6.14,48.11,26.71,6.66,Very_Low,160,25.2,54.15,Ambient,Long_Distance,Metallized_PET_PE,84,Very_Low,Very_Low,No
F02614,Frozen Peas,Frozen Vegetable,74.29,0.99,5.55,6.0,Low,369,-17.2,82.93,Frozen,Normal,PE_Film,69,Medium,Low,Yes
F02615,Ground Coffee,Beverage,4.05,15.67,14.15,5.15,Very_Low,380,24.9,57.26,Ambient,Long_Distance,High_Barrier_Laminate,94,Very_Low,Very_Low,No
F02616,Yogurt,Dairy,85.98,2.68,4.99,4.45,Very_Low,32,3.2,87.1,Chilled,Long_Distance,PP_Cup_Foil_Lid,48,Medium,Low,Yes
F02617,Yogurt,Dairy,85.95,2.43,4.48,4.41,Very_Low,41,4.4,82.34,Chilled,Normal,PP_Cup_Foil_Lid,56,Medium,Low,Yes
F02618,Frozen Peas,Frozen Vegetable,80.66,2.1,4.84,6.35,Low,389,-18.6,91.2,Frozen,Long_Distance,PE_Film,71,Medium,Low,Yes
F02619,Yogurt,Dairy,90.1,0.5,3.89,4.41,Very_Low,40,5.5,92.84,Chilled,Long_Distance,PP_Cup_Foil_Lid,55,Medium,Low,Yes
F02620,Cheese,Dairy,35.61,31.3,23.96,5.25,Very_Low,59,3.8,91.1,Chilled,Long_Distance,PA_PE_Vacuum,82,Low,Very_Low,Yes
F02621,Butter,Dairy,16.65,79.98,1.27,6.3,Very_Low,118,3.0,79.58,Chilled,Refrigerated,Aluminum_Foil_Laminate,91,Very_Low,Very_Low,No
F02622,Wheat Flour,Grain,12.71,2.18,12.63,6.09,Very_Low,179,25.5,58.4,Ambient,Long_Distance,HDPE,79,Low,Low,No
F02623,Tomato,Fresh Produce,97.43,1.29,2.31,4.26,High,5,4.3,86.32,Chilled,Long_Distance,Micro_Perforated_PE,41,High,High,Yes
F02624,Ground Coffee,Beverage,3.82,16.21,13.35,4.99,Very_Low,351,22.6,54.65,Ambient,Long_Distance,High_Barrier_Laminate,86,Very_Low,Very_Low,No
F02625,Yogurt,Dairy,88.12,2.83,3.77,4.42,Very_Low,28,4.6,84.72,Chilled,Long_Distance,PP_Cup_Foil_Lid,49,Medium,Low,Yes
F02626,Frozen Peas,Frozen Vegetable,77.13,0.49,6.21,6.2,Low,395,-18.3,78.83,Frozen,Long_Distance,PE_Film,65,Medium,Low,Yes
F02627,Ground Coffee,Beverage,1.93,15.82,13.99,5.0,Very_Low,375,24.2,47.27,Ambient,Long_Distance,High_Barrier_Laminate,94,Very_Low,Very_Low,No
F02628,Ground Coffee,Beverage,1.34,14.51,13.02,5.33,Very_Low,368,23.0,54.81,Ambient,Normal,High_Barrier_Laminate,95,Very_Low,Very_Low,No
F02629,Yogurt,Dairy,86.68,1.71,3.71,4.13,Very_Low,36,4.5,82.7,Chilled,Long_Distance,PP_Cup_Foil_Lid,47,Medium,Low,Yes
F02630,Apple,Fresh Produce,89.49,0.2,0.51,3.54,High,59,4.5,72.21,Chilled,Long_Distance,Micro_Perforated_PE,31,High,High,Yes
F02631,Onion,Vegetable,86.12,0.81,1.25,5.64,Low,105,20.4,59.92,Ambient,Long_Distance,Breathable_PP,42,High,Medium,Yes
F02632,Onion,Vegetable,86.49,0.0,1.39,5.49,Low,133,20.9,46.53,Ambient,Normal,Breathable_PP,39,High,Medium,Yes
F02633,Coffee Powder,Beverage,1.89,15.24,13.56,4.91,Very_Low,393,24.3,59.26,Ambient,Long_Distance,Metallized_PET_PE,79,Very_Low,Very_Low,No
F02634,Fresh Chicken,Meat,71.73,6.29,22.69,5.77,Very_Low,22,5.8,84.04,Chilled,Normal,PA_PE_Vacuum,96,Low,Very_Low,Yes
F02635,Peanuts,Nuts,7.23,47.55,24.89,6.38,Very_Low,167,23.8,64.71,Ambient,Long_Distance,Metallized_PET_PE,76,Very_Low,Very_Low,No
F02636,Coffee Powder,Beverage,4.1,14.44,14.44,4.71,Very_Low,331,25.7,71.06,Ambient,Normal,Metallized_PET_PE,77,Very_Low,Very_Low,No
F02637,Peanuts,Nuts,7.62,49.41,25.33,6.38,Very_Low,185,24.4,75.04,Ambient,Long_Distance,Metallized_PET_PE,71,Very_Low,Very_Low,No
F02638,Potato Chips,Snacks,0.63,30.33,5.48,6.05,Very_Low,189,25.1,63.13,Ambient,Normal,Metallized_PET_PE,70,Low,Very_Low,Yes
F02639,Tomato,Fresh Produce,96.98,2.0,2.11,4.32,High,21,4.9,93.65,Chilled,Normal,Micro_Perforated_PE,39,High,High,Yes
F02640,Peanuts,Nuts,1.75,48.45,26.5,6.52,Very_Low,174,23.1,64.49,Ambient,Long_Distance,Metallized_PET_PE,69,Very_Low,Very_Low,No
F02641,Apple,Fresh Produce,91.69,1.08,0.19,3.61,High,61,4.0,75.94,Chilled,Long_Distance,Micro_Perforated_PE,50,High,High,Yes
F02642,Cheese,Dairy,38.33,32.79,23.34,5.24,Very_Low,56,3.6,91.53,Chilled,Long_Distance,PA_PE_Vacuum,82,Low,Very_Low,Yes
F02643,Onion,Vegetable,91.36,0.97,0.78,5.69,Low,115,20.3,53.89,Ambient,Normal,Breathable_PP,59,High,Medium,Yes
F02644,Fresh Chicken,Meat,75.37,5.94,23.27,5.99,Very_Low,1,6.0,84.28,Chilled,Normal,PA_PE_Vacuum,104,Low,Very_Low,Yes
F02645,Frozen Peas,Frozen Vegetable,80.21,0.25,5.77,6.02,Low,375,-18.8,81.82,Frozen,Long_Distance,PE_Film,71,Medium,Low,Yes
F02646,Peanuts,Nuts,5.05,49.2,25.04,6.68,Very_Low,188,24.5,62.68,Ambient,Normal,Metallized_PET_PE,79,Very_Low,Very_Low,No
F02647,Carrot,Fresh Produce,90.87,0.7,1.27,5.92,High,25,3.9,83.63,Chilled,Refrigerated,Micro_Perforated_PE,38,High,High,Yes
F02648,Mango,Fresh Produce,86.65,1.73,1.0,3.88,High,24,8.9,72.31,Chilled,Refrigerated,Breathable_PE,34,High,High,Yes
F02649,Mango,Fresh Produce,85.12,0.0,0.5,4.21,High,26,9.2,83.09,Chilled,Refrigerated,Breathable_PE,31,High,High,Yes
F02650,Coffee Powder,Beverage,4.94,15.46,14.11,4.98,Very_Low,409,23.6,69.49,Ambient,Normal,Metallized_PET_PE,90,Very_Low,Very_Low,No
F02651,Apple,Fresh Produce,88.28,0.0,0.74,3.54,High,70,4.7,69.91,Chilled,Normal,Micro_Perforated_PE,40,High,High,Yes
F02652,Cheese,Dairy,37.78,32.5,24.66,5.26,Very_Low,57,4.0,79.87,Chilled,Refrigerated,PA_PE_Vacuum,90,Low,Very_Low,Yes
F02653,Biscuits,Bakery,3.81,17.89,6.49,7.08,Very_Low,195,24.7,70.32,Ambient,Normal,BOPP_PE,62,Low,Low,No
F02654,Fish,Seafood,79.37,5.89,19.73,5.99,Very_Low,14,2.8,90.18,Chilled,Normal,PA_PE_Vacuum,83,Low,Very_Low,Yes
F02655,Bread,Bakery,35.11,4.74,9.48,5.65,Very_Low,12,24.8,59.65,Ambient,Long_Distance,LDPE_Bag,48,Medium,Medium,No
F02656,Bread,Bakery,39.18,4.1,9.22,5.61,Very_Low,1,24.3,59.09,Ambient,Normal,LDPE_Bag,56,Medium,Medium,No
F02657,Yogurt,Dairy,85.43,0.76,3.78,4.28,Very_Low,33,4.4,94.09,Chilled,Long_Distance,PP_Cup_Foil_Lid,60,Medium,Low,Yes
F02658,Frozen Peas,Frozen Vegetable,78.93,1.0,4.94,5.93,Low,386,-18.9,80.0,Frozen,Long_Distance,PE_Film,67,Medium,Low,Yes
F02659,Peanuts,Nuts,3.09,49.78,25.34,6.64,Very_Low,198,24.9,57.96,Ambient,Normal,Metallized_PET_PE,84,Very_Low,Very_Low,No
F02660,Fish,Seafood,69.17,6.0,20.15,6.24,Very_Low,7,2.8,79.66,Chilled,Normal,PA_PE_Vacuum,92,Low,Very_Low,Yes
F02661,Carrot,Fresh Produce,83.8,1.41,0.99,5.99,High,31,4.9,82.68,Chilled,Refrigerated,Micro_Perforated_PE,34,High,High,Yes
F02662,Butter,Dairy,17.95,81.2,1.24,6.31,Very_Low,129,3.5,83.46,Chilled,Long_Distance,Aluminum_Foil_Laminate,99,Very_Low,Very_Low,No
F02663,Yogurt,Dairy,85.9,3.63,3.68,4.58,Very_Low,19,3.3,89.46,Chilled,Refrigerated,PP_Cup_Foil_Lid,45,Medium,Low,Yes
F02664,Wheat Flour,Grain,11.47,2.05,13.01,6.05,Very_Low,188,24.5,63.24,Ambient,Normal,HDPE,89,Low,Low,No
F02665,Frozen Peas,Frozen Vegetable,77.07,0.88,5.86,6.27,Low,358,-17.4,92.28,Frozen,Long_Distance,PE_Film,67,Medium,Low,Yes
F02666,Ground Coffee,Beverage,2.29,16.07,14.1,4.99,Very_Low,331,25.4,66.17,Ambient,Long_Distance,High_Barrier_Laminate,94,Very_Low,Very_Low,No
F02667,Onion,Vegetable,90.08,0.68,1.36,5.49,Low,113,19.5,58.12,Ambient,Normal,Breathable_PP,55,High,Medium,Yes
F02668,Fresh Chicken,Meat,72.18,9.28,23.91,6.03,Very_Low,1,3.6,84.03,Chilled,Normal,PA_PE_Vacuum,97,Low,Very_Low,Yes
F02669,Rice,Grain,11.83,0.24,7.06,6.57,Very_Low,381,25.1,55.69,Ambient,Long_Distance,HDPE,81,Low,Low,No
F02670,Potato Chips,Snacks,2.64,30.13,6.36,5.97,Very_Low,183,24.2,49.91,Ambient,Long_Distance,Metallized_PET_PE,80,Low,Very_Low,Yes
F02671,Ground Coffee,Beverage,2.26,14.91,12.05,5.06,Very_Low,375,24.3,51.18,Ambient,Normal,High_Barrier_Laminate,93,Very_Low,Very_Low,No
F02672,Wheat Flour,Grain,14.35,0.0,12.14,5.96,Very_Low,182,24.5,57.03,Ambient,Long_Distance,HDPE,83,Low,Low,No
F02673,Fresh Chicken,Meat,68.73,8.88,21.99,5.7,Very_Low,1,3.7,93.64,Chilled,Refrigerated,PA_PE_Vacuum,89,Low,Very_Low,Yes
F02674,Onion,Vegetable,85.57,0.8,1.38,5.4,Low,111,19.5,52.66,Ambient,Long_Distance,Breathable_PP,45,High,Medium,Yes
F02675,Potato Chips,Snacks,2.13,27.06,6.31,6.15,Very_Low,193,24.9,46.69,Ambient,Normal,Metallized_PET_PE,73,Low,Very_Low,Yes
F02676,Ground Coffee,Beverage,6.6,14.68,14.73,5.09,Very_Low,364,25.6,48.54,Ambient,Normal,High_Barrier_Laminate,90,Very_Low,Very_Low,No
F02677,Fresh Chicken,Meat,74.01,9.43,21.92,5.84,Very_Low,1,5.0,82.42,Chilled,Refrigerated,PA_PE_Vacuum,100,Low,Very_Low,Yes
F02678,Apple,Fresh Produce,84.74,0.0,0.7,3.62,High,67,4.7,74.57,Chilled,Normal,Micro_Perforated_PE,40,High,High,Yes
F02679,Rice,Grain,13.79,0.93,8.05,6.59,Very_Low,355,25.3,55.92,Ambient,Long_Distance,HDPE,77,Low,Low,No
F02680,Coffee Powder,Beverage,3.67,13.76,13.34,4.89,Very_Low,409,24.6,43.4,Ambient,Normal,Metallized_PET_PE,84,Very_Low,Very_Low,No
F02681,Potato Chips,Snacks,4.14,29.04,6.36,6.37,Very_Low,174,24.9,49.66,Ambient,Normal,Metallized_PET_PE,73,Low,Very_Low,Yes
F02682,Mango,Fresh Produce,81.99,2.62,0.79,4.06,High,21,9.5,86.31,Chilled,Long_Distance,Breathable_PE,41,High,High,Yes
F02683,Onion,Vegetable,90.79,0.22,1.36,5.42,Low,127,20.8,72.61,Ambient,Normal,Breathable_PP,39,High,Medium,Yes
F02684,Butter,Dairy,13.6,80.64,1.67,6.13,Very_Low,122,2.9,85.3,Chilled,Refrigerated,Aluminum_Foil_Laminate,94,Very_Low,Very_Low,No
F02685,Frozen Peas,Frozen Vegetable,77.63,0.39,5.58,6.3,Low,378,-18.7,85.16,Frozen,Normal,PE_Film,74,Medium,Low,Yes
F02686,Fresh Chicken,Meat,73.35,6.41,23.9,5.67,Very_Low,13,4.5,76.58,Chilled,Normal,PA_PE_Vacuum,79,Low,Very_Low,Yes
F02687,Bread,Bakery,38.82,2.93,8.5,5.53,Very_Low,12,24.9,56.34,Ambient,Normal,LDPE_Bag,51,Medium,Medium,No
F02688,Peanuts,Nuts,8.24,50.9,25.7,6.45,Very_Low,188,25.0,64.18,Ambient,Normal,Metallized_PET_PE,76,Very_Low,Very_Low,No
F02689,Potato Chips,Snacks,0.0,30.05,6.8,6.18,Very_Low,177,23.9,82.25,Ambient,Normal,Metallized_PET_PE,84,Low,Very_Low,Yes
F02690,Milk Powder,Dairy,4.01,25.58,25.15,6.72,Very_Low,373,24.1,72.4,Ambient,Long_Distance,Aluminum_Laminate,111,Very_Low,Very_Low,No
F02691,Yogurt,Dairy,90.82,3.06,3.74,4.37,Very_Low,28,5.7,95.55,Chilled,Long_Distance,PP_Cup_Foil_Lid,49,Medium,Low,Yes
F02692,Onion,Vegetable,90.83,0.93,1.5,5.39,Low,115,19.5,54.46,Ambient,Long_Distance,Breathable_PP,52,High,Medium,Yes
F02693,Mango,Fresh Produce,79.84,0.87,1.14,3.74,High,18,8.9,80.24,Chilled,Long_Distance,Breathable_PE,44,High,High,Yes
F02694,Potato Chips,Snacks,3.46,28.97,5.39,5.93,Very_Low,189,25.2,56.72,Ambient,Normal,Metallized_PET_PE,80,Low,Very_Low,Yes
F02695,Coffee Powder,Beverage,1.47,13.14,13.3,5.03,Very_Low,378,25.5,51.72,Ambient,Long_Distance,Metallized_PET_PE,88,Very_Low,Very_Low,No
F02696,Peanuts,Nuts,4.28,50.76,24.3,6.37,Very_Low,154,24.5,56.25,Ambient,Normal,Metallized_PET_PE,75,Very_Low,Very_Low,No
F02697,Cheese,Dairy,36.72,33.4,25.62,5.21,Very_Low,54,3.8,75.22,Chilled,Refrigerated,PA_PE_Vacuum,86,Low,Very_Low,Yes
F02698,Mango,Fresh Produce,79.56,1.07,1.31,3.96,High,17,10.0,91.08,Chilled,Refrigerated,Breathable_PE,37,High,High,Yes
F02699,Cheese,Dairy,37.54,32.06,25.78,5.1,Very_Low,60,2.9,82.2,Chilled,Long_Distance,PA_PE_Vacuum,92,Low,Very_Low,Yes
F02700,Mango,Fresh Produce,81.73,0.23,1.27,4.1,High,28,8.7,81.69,Chilled,Refrigerated,Breathable_PE,41,High,High,Yes
F02701,Carrot,Fresh Produce,85.04,0.0,0.15,5.98,High,44,5.5,83.29,Chilled,Long_Distance,Micro_Perforated_PE,39,High,High,Yes
F02702,Onion,Vegetable,85.46,0.0,1.48,5.54,Low,108,20.8,54.65,Ambient,Long_Distance,Breathable_PP,50,High,Medium,Yes
F02703,Wheat Flour,Grain,9.95,2.38,13.55,6.09,Very_Low,197,24.8,55.04,Ambient,Normal,HDPE,77,Low,Low,No
F02704,Milk Powder,Dairy,4.15,26.58,23.99,6.56,Very_Low,391,26.0,66.37,Ambient,Normal,Aluminum_Laminate,105,Very_Low,Very_Low,No
F02705,Milk Powder,Dairy,4.69,25.61,25.8,6.62,Very_Low,352,24.7,61.14,Ambient,Long_Distance,Aluminum_Laminate,98,Very_Low,Very_Low,No
F02706,Biscuits,Bakery,4.09,20.12,6.15,6.89,Very_Low,175,26.0,67.49,Ambient,Long_Distance,BOPP_PE,51,Low,Low,No
F02707,Potato Chips,Snacks,2.58,29.98,5.69,6.21,Very_Low,191,24.6,82.94,Ambient,Normal,Metallized_PET_PE,83,Low,Very_Low,Yes
F02708,Peanuts,Nuts,8.9,48.32,24.14,6.23,Very_Low,172,25.9,46.09,Ambient,Normal,Metallized_PET_PE,81,Very_Low,Very_Low,No
F02709,Wheat Flour,Grain,12.6,3.11,12.45,6.02,Very_Low,175,24.2,78.85,Ambient,Long_Distance,HDPE,78,Low,Low,No
F02710,Butter,Dairy,17.84,81.17,0.68,6.14,Very_Low,129,3.4,75.34,Chilled,Normal,Aluminum_Foil_Laminate,88,Very_Low,Very_Low,No
F02711,Frozen Peas,Frozen Vegetable,77.49,0.83,5.39,5.81,Low,375,-19.2,73.26,Frozen,Normal,PE_Film,75,Medium,Low,Yes
F02712,Onion,Vegetable,90.18,0.0,1.14,5.61,Low,135,20.7,36.74,Ambient,Long_Distance,Breathable_PP,54,High,Medium,Yes
F02713,Cheese,Dairy,35.08,36.35,24.41,5.22,Very_Low,54,4.9,94.05,Chilled,Normal,PA_PE_Vacuum,77,Low,Very_Low,Yes
F02714,Bread,Bakery,39.68,4.53,8.37,5.49,Very_Low,9,25.8,62.47,Ambient,Normal,LDPE_Bag,47,Medium,Medium,No
F02715,Cheese,Dairy,33.49,31.38,25.59,5.42,Very_Low,58,3.7,82.97,Chilled,Refrigerated,PA_PE_Vacuum,87,Low,Very_Low,Yes
F02716,Milk Powder,Dairy,3.92,27.61,25.43,6.97,Very_Low,362,24.3,57.65,Ambient,Normal,Aluminum_Laminate,91,Very_Low,Very_Low,No
F02717,Tomato,Fresh Produce,92.09,0.0,0.58,4.26,High,14,6.2,89.27,Chilled,Long_Distance,Micro_Perforated_PE,45,High,High,Yes
F02718,Onion,Vegetable,91.33,1.08,1.04,5.32,Low,121,19.2,62.57,Ambient,Long_Distance,Breathable_PP,54,High,Medium,Yes
F02719,Fresh Chicken,Meat,74.68,6.89,23.48,5.9,Very_Low,5,5.1,96.34,Chilled,Refrigerated,PA_PE_Vacuum,94,Low,Very_Low,Yes
F02720,Frozen Peas,Frozen Vegetable,77.43,0.89,5.49,6.14,Low,386,-19.2,78.3,Frozen,Long_Distance,PE_Film,65,Medium,Low,Yes
F02721,Coffee Powder,Beverage,6.38,15.49,13.82,4.92,Very_Low,370,24.6,68.29,Ambient,Normal,Metallized_PET_PE,86,Very_Low,Very_Low,No
F02722,Ground Coffee,Beverage,2.59,13.69,15.4,5.1,Very_Low,373,26.0,62.33,Ambient,Normal,High_Barrier_Laminate,90,Very_Low,Very_Low,No
F02723,Rice,Grain,9.53,0.93,6.43,6.59,Very_Low,318,24.7,56.61,Ambient,Normal,HDPE,83,Low,Low,No
F02724,Peanuts,Nuts,4.67,51.55,25.44,6.63,Very_Low,155,25.6,59.8,Ambient,Long_Distance,Metallized_PET_PE,80,Very_Low,Very_Low,No
F02725,Onion,Vegetable,86.43,0.0,0.9,5.28,Low,125,19.7,71.26,Ambient,Long_Distance,Breathable_PP,48,High,Medium,Yes
F02726,Ground Coffee,Beverage,4.27,13.27,13.79,5.07,Very_Low,349,24.9,59.35,Ambient,Long_Distance,High_Barrier_Laminate,90,Very_Low,Very_Low,No
F02727,Tomato,Fresh Produce,92.1,0.86,0.96,4.38,High,14,4.4,94.11,Chilled,Normal,Micro_Perforated_PE,44,High,High,Yes
F02728,Carrot,Fresh Produce,88.74,0.6,1.12,6.05,High,36,5.5,93.33,Chilled,Long_Distance,Micro_Perforated_PE,46,High,High,Yes
F02729,Wheat Flour,Grain,12.76,1.57,12.29,6.09,Very_Low,180,25.1,50.44,Ambient,Long_Distance,HDPE,79,Low,Low,No
F02730,Coffee Powder,Beverage,3.43,14.83,13.19,4.88,Very_Low,399,25.7,59.34,Ambient,Long_Distance,Metallized_PET_PE,79,Very_Low,Very_Low,No
F02731,Bread,Bakery,38.62,3.41,9.57,5.52,Very_Low,9,24.8,53.47,Ambient,Normal,LDPE_Bag,52,Medium,Medium,No
F02732,Bread,Bakery,38.79,6.56,8.34,5.63,Very_Low,7,24.8,46.66,Ambient,Normal,LDPE_Bag,56,Medium,Medium,No
F02733,Tomato,Fresh Produce,93.41,0.0,0.75,4.25,High,13,5.1,88.99,Chilled,Long_Distance,Micro_Perforated_PE,54,High,High,Yes
F02734,Frozen Peas,Frozen Vegetable,77.18,0.0,5.18,6.35,Low,349,-17.9,71.39,Frozen,Long_Distance,PE_Film,76,Medium,Low,Yes
F02735,Yogurt,Dairy,88.35,3.11,3.41,4.42,Very_Low,36,3.9,92.3,Chilled,Long_Distance,PP_Cup_Foil_Lid,54,Medium,Low,Yes
F02736,Coffee Powder,Beverage,4.04,14.63,12.75,4.89,Very_Low,399,25.3,59.75,Ambient,Long_Distance,Metallized_PET_PE,79,Very_Low,Very_Low,No
F02737,Coffee Powder,Beverage,3.19,14.51,14.72,4.94,Very_Low,411,24.3,69.59,Ambient,Normal,Metallized_PET_PE,89,Very_Low,Very_Low,No
F02738,Fish,Seafood,75.74,7.05,20.07,6.28,Very_Low,1,1.9,77.03,Chilled,Long_Distance,PA_PE_Vacuum,99,Low,Very_Low,Yes
F02739,Milk Powder,Dairy,2.5,24.24,26.39,6.51,Very_Low,396,26.1,80.89,Ambient,Long_Distance,Aluminum_Laminate,100,Very_Low,Very_Low,No
F02740,Cheese,Dairy,38.1,33.46,25.89,4.89,Very_Low,61,3.3,76.92,Chilled,Long_Distance,PA_PE_Vacuum,97,Low,Very_Low,Yes
F02741,Rice,Grain,7.45,0.0,6.62,6.31,Very_Low,366,26.3,54.06,Ambient,Normal,HDPE,76,Low,Low,No
F02742,Rice,Grain,12.19,0.03,7.07,6.43,Very_Low,406,25.8,56.64,Ambient,Long_Distance,HDPE,74,Low,Low,No
F02743,Bread,Bakery,38.99,5.83,8.9,5.62,Very_Low,9,24.4,63.96,Ambient,Long_Distance,LDPE_Bag,48,Medium,Medium,No
F02744,Peanuts,Nuts,8.41,49.95,24.5,6.35,Very_Low,186,22.9,58.64,Ambient,Normal,Metallized_PET_PE,72,Very_Low,Very_Low,No
F02745,Onion,Vegetable,90.3,0.33,1.4,5.46,Low,118,21.1,51.07,Ambient,Normal,Breathable_PP,56,High,Medium,Yes
F02746,Onion,Vegetable,84.15,0.0,0.3,5.49,Low,122,18.5,61.42,Ambient,Normal,Breathable_PP,48,High,Medium,Yes
F02747,Bread,Bakery,42.35,3.59,9.72,5.36,Very_Low,14,26.4,58.31,Ambient,Long_Distance,LDPE_Bag,42,Medium,Medium,No
F02748,Butter,Dairy,15.16,80.97,0.23,6.16,Very_Low,112,4.5,94.38,Chilled,Normal,Aluminum_Foil_Laminate,92,Very_Low,Very_Low,No
F02749,Onion,Vegetable,87.54,0.82,1.29,5.44,Low,117,21.1,52.47,Ambient,Long_Distance,Breathable_PP,49,High,Medium,Yes
F02750,Wheat Flour,Grain,9.98,1.24,13.38,6.37,Very_Low,177,25.0,51.49,Ambient,Long_Distance,HDPE,83,Low,Low,No
F02751,Frozen Peas,Frozen Vegetable,73.04,0.72,5.79,6.13,Low,380,-18.4,86.91,Frozen,Long_Distance,PE_Film,65,Medium,Low,Yes
F02752,Peanuts,Nuts,6.85,50.15,24.99,6.46,Very_Low,186,25.0,65.44,Ambient,Long_Distance,Metallized_PET_PE,86,Very_Low,Very_Low,No
F02753,Milk Powder,Dairy,4.85,26.07,25.97,6.93,Very_Low,366,24.6,55.67,Ambient,Normal,Aluminum_Laminate,92,Very_Low,Very_Low,No
F02754,Bread,Bakery,38.88,3.82,8.69,5.44,Very_Low,13,24.5,61.59,Ambient,Long_Distance,LDPE_Bag,54,Medium,Medium,No
F02755,Cheese,Dairy,35.34,35.12,25.89,5.33,Very_Low,54,4.4,87.12,Chilled,Refrigerated,PA_PE_Vacuum,89,Low,Very_Low,Yes
F02756,Biscuits,Bakery,1.5,18.56,6.15,7.13,Very_Low,180,25.4,47.16,Ambient,Long_Distance,BOPP_PE,53,Low,Low,No
F02757,Peanuts,Nuts,3.55,46.04,26.58,6.43,Very_Low,159,24.2,55.81,Ambient,Normal,Metallized_PET_PE,78,Very_Low,Very_Low,No
F02758,Rice,Grain,11.15,1.11,8.04,6.49,Very_Low,391,25.0,43.65,Ambient,Long_Distance,HDPE,77,Low,Low,No
F02759,Coffee Powder,Beverage,1.25,16.59,13.4,4.95,Very_Low,391,24.8,72.12,Ambient,Long_Distance,Metallized_PET_PE,84,Very_Low,Very_Low,No
F02760,Frozen Peas,Frozen Vegetable,72.96,0.0,5.44,6.15,Low,372,-17.4,87.2,Frozen,Normal,PE_Film,72,Medium,Low,Yes
F02761,Onion,Vegetable,95.15,0.0,1.41,5.46,Low,114,19.6,44.27,Ambient,Long_Distance,Breathable_PP,54,High,Medium,Yes
F02762,Milk Powder,Dairy,1.34,28.16,25.42,6.66,Very_Low,359,25.7,75.97,Ambient,Long_Distance,Aluminum_Laminate,95,Very_Low,Very_Low,No
F02763,Peanuts,Nuts,7.72,48.92,24.37,6.57,Very_Low,197,25.6,45.1,Ambient,Long_Distance,Metallized_PET_PE,77,Very_Low,Very_Low,No
F02764,Mango,Fresh Produce,87.16,0.21,0.55,4.04,High,37,9.7,84.29,Chilled,Long_Distance,Breathable_PE,39,High,High,Yes
F02765,Carrot,Fresh Produce,89.94,0.0,2.1,6.04,High,40,4.3,72.79,Chilled,Normal,Micro_Perforated_PE,49,High,High,Yes
F02766,Tomato,Fresh Produce,100.0,1.28,1.44,4.05,High,16,4.9,72.62,Chilled,Long_Distance,Micro_Perforated_PE,33,High,High,Yes
F02767,Apple,Fresh Produce,85.06,0.08,0.33,3.36,High,58,4.7,75.81,Chilled,Long_Distance,Micro_Perforated_PE,35,High,High,Yes
F02768,Rice,Grain,14.08,0.0,7.56,6.41,Very_Low,338,23.9,60.29,Ambient,Normal,HDPE,76,Low,Low,No
F02769,Rice,Grain,11.08,0.0,7.5,6.45,Very_Low,394,25.0,59.15,Ambient,Normal,HDPE,76,Low,Low,No
F02770,Biscuits,Bakery,8.69,17.03,7.16,6.96,Very_Low,179,25.9,65.15,Ambient,Normal,BOPP_PE,61,Low,Low,No
F02771,Carrot,Fresh Produce,82.99,0.0,0.47,5.95,High,21,4.2,95.95,Chilled,Refrigerated,Micro_Perforated_PE,38,High,High,Yes
F02772,Carrot,Fresh Produce,84.17,0.0,1.46,6.16,High,30,3.0,80.64,Chilled,Refrigerated,Micro_Perforated_PE,43,High,High,Yes
F02773,Tomato,Fresh Produce,95.31,2.77,0.62,4.44,High,12,4.3,76.44,Chilled,Long_Distance,Micro_Perforated_PE,45,High,High,Yes
F02774,Milk Powder,Dairy,3.53,26.36,26.62,6.6,Very_Low,397,25.3,56.69,Ambient,Long_Distance,Aluminum_Laminate,97,Very_Low,Very_Low,No
F02775,Yogurt,Dairy,87.17,0.31,4.07,4.55,Very_Low,40,2.8,80.09,Chilled,Long_Distance,PP_Cup_Foil_Lid,47,Medium,Low,Yes
F02776,Ground Coffee,Beverage,1.36,14.57,13.97,4.84,Very_Low,366,25.6,52.52,Ambient,Normal,High_Barrier_Laminate,93,Very_Low,Very_Low,No
F02777,Apple,Fresh Produce,88.43,0.14,0.52,3.71,High,53,4.9,83.95,Chilled,Long_Distance,Micro_Perforated_PE,32,High,High,Yes
F02778,Apple,Fresh Produce,77.54,0.0,0.79,3.5,High,59,4.9,93.61,Chilled,Normal,Micro_Perforated_PE,51,High,High,Yes
F02779,Biscuits,Bakery,4.22,19.04,6.31,7.21,Very_Low,190,25.1,59.39,Ambient,Normal,BOPP_PE,67,Low,Low,No
F02780,Wheat Flour,Grain,14.11,0.0,13.49,6.17,Very_Low,188,25.0,58.04,Ambient,Long_Distance,HDPE,76,Low,Low,No
F02781,Mango,Fresh Produce,90.59,1.33,0.52,4.01,High,25,9.6,76.35,Chilled,Normal,Breathable_PE,39,High,High,Yes
F02782,Mango,Fresh Produce,85.06,2.02,0.86,4.03,High,14,10.4,92.65,Chilled,Refrigerated,Breathable_PE,47,High,High,Yes
F02783,Wheat Flour,Grain,11.52,4.0,14.18,6.0,Very_Low,195,24.9,57.09,Ambient,Long_Distance,HDPE,82,Low,Low,No
F02784,Mango,Fresh Produce,83.22,0.0,0.39,3.92,High,20,10.5,90.55,Chilled,Long_Distance,Breathable_PE,37,High,High,Yes
F02785,Frozen Peas,Frozen Vegetable,77.87,0.0,5.83,6.46,Low,389,-18.8,89.48,Frozen,Long_Distance,PE_Film,72,Medium,Low,Yes
F02786,Coffee Powder,Beverage,4.1,15.75,13.09,5.02,Very_Low,370,24.2,68.53,Ambient,Long_Distance,Metallized_PET_PE,85,Very_Low,Very_Low,No
F02787,Fish,Seafood,73.51,6.31,19.83,5.98,Very_Low,8,0.9,80.55,Chilled,Normal,PA_PE_Vacuum,83,Low,Very_Low,Yes
F02788,Potato Chips,Snacks,5.01,29.8,5.76,6.07,Very_Low,180,25.4,48.34,Ambient,Long_Distance,Metallized_PET_PE,83,Low,Very_Low,Yes
F02789,Fresh Chicken,Meat,71.48,8.81,24.62,5.77,Very_Low,1,4.6,86.24,Chilled,Refrigerated,PA_PE_Vacuum,95,Low,Very_Low,Yes
F02790,Butter,Dairy,17.9,81.17,1.73,6.24,Very_Low,121,2.2,81.62,Chilled,Refrigerated,Aluminum_Foil_Laminate,95,Very_Low,Very_Low,No
F02791,Rice,Grain,13.59,0.99,7.13,6.32,Very_Low,405,25.4,64.19,Ambient,Long_Distance,HDPE,88,Low,Low,No
F02792,Mango,Fresh Produce,84.25,0.27,0.02,4.1,High,29,10.7,72.0,Chilled,Normal,Breathable_PE,39,High,High,Yes
F02793,Rice,Grain,8.16,0.0,7.41,6.66,Very_Low,337,24.4,55.61,Ambient,Normal,HDPE,75,Low,Low,No
F02794,Rice,Grain,11.51,0.49,7.15,6.58,Very_Low,333,25.2,59.5,Ambient,Normal,HDPE,77,Low,Low,No
F02795,Fresh Chicken,Meat,73.8,7.63,22.29,5.95,Very_Low,7,3.1,84.43,Chilled,Normal,PA_PE_Vacuum,83,Low,Very_Low,Yes
F02796,Ground Coffee,Beverage,3.68,13.88,13.92,4.97,Very_Low,378,24.4,50.79,Ambient,Normal,High_Barrier_Laminate,84,Very_Low,Very_Low,No
F02797,Cheese,Dairy,37.18,34.01,25.07,5.02,Very_Low,64,1.7,80.14,Chilled,Long_Distance,PA_PE_Vacuum,91,Low,Very_Low,Yes
F02798,Potato Chips,Snacks,1.83,28.57,5.92,5.96,Very_Low,183,25.7,63.79,Ambient,Normal,Metallized_PET_PE,68,Low,Very_Low,Yes
F02799,Bread,Bakery,38.83,4.97,9.63,5.74,Very_Low,14,23.9,58.72,Ambient,Long_Distance,LDPE_Bag,57,Medium,Medium,No
F02800,Frozen Peas,Frozen Vegetable,74.92,0.76,5.57,6.24,Low,352,-18.9,88.66,Frozen,Normal,PE_Film,73,Medium,Low,Yes
F02801,Onion,Vegetable,88.99,0.0,1.35,5.53,Low,115,21.1,53.32,Ambient,Long_Distance,Breathable_PP,48,High,Medium,Yes
F02802,Fish,Seafood,79.19,5.43,18.92,6.19,Very_Low,8,1.6,89.42,Chilled,Long_Distance,PA_PE_Vacuum,87,Low,Very_Low,Yes
F02803,Mango,Fresh Produce,79.58,0.0,1.34,3.96,High,28,10.6,76.68,Chilled,Refrigerated,Breathable_PE,48,High,High,Yes
F02804,Butter,Dairy,15.02,79.18,1.53,6.1,Very_Low,124,4.9,71.72,Chilled,Normal,Aluminum_Foil_Laminate,86,Very_Low,Very_Low,No
F02805,Fish,Seafood,73.51,4.36,20.84,6.17,Very_Low,17,0.8,89.62,Chilled,Refrigerated,PA_PE_Vacuum,93,Low,Very_Low,Yes
F02806,Fresh Chicken,Meat,71.92,7.78,23.31,5.92,Very_Low,1,3.8,84.97,Chilled,Refrigerated,PA_PE_Vacuum,86,Low,Very_Low,Yes
F02807,Onion,Vegetable,88.14,0.28,1.5,5.37,Low,109,21.1,60.0,Ambient,Normal,Breathable_PP,45,High,Medium,Yes
F02808,Milk Powder,Dairy,5.75,26.03,26.19,6.47,Very_Low,361,24.6,62.42,Ambient,Long_Distance,Aluminum_Laminate,95,Very_Low,Very_Low,No
F02809,Rice,Grain,12.41,0.0,6.87,6.57,Very_Low,378,24.6,64.17,Ambient,Long_Distance,HDPE,79,Low,Low,No
F02810,Carrot,Fresh Produce,83.22,0.1,0.88,6.05,High,37,6.3,94.87,Chilled,Normal,Micro_Perforated_PE,38,High,High,Yes
F02811,Ground Coffee,Beverage,3.83,14.44,13.84,5.14,Very_Low,357,24.3,63.84,Ambient,Long_Distance,High_Barrier_Laminate,90,Very_Low,Very_Low,No
F02812,Biscuits,Bakery,6.01,15.08,5.66,6.98,Very_Low,190,25.4,59.49,Ambient,Long_Distance,BOPP_PE,56,Low,Low,No
F02813,Carrot,Fresh Produce,87.61,3.38,1.25,5.96,High,42,4.4,94.16,Chilled,Long_Distance,Micro_Perforated_PE,46,High,High,Yes
F02814,Butter,Dairy,17.11,83.02,2.41,6.1,Very_Low,125,4.9,72.94,Chilled,Normal,Aluminum_Foil_Laminate,84,Very_Low,Very_Low,No
F02815,Potato Chips,Snacks,5.13,28.6,6.75,6.35,Very_Low,188,25.0,51.55,Ambient,Normal,Metallized_PET_PE,85,Low,Very_Low,Yes
F02816,Onion,Vegetable,86.82,0.0,1.18,5.32,Low,121,20.4,62.96,Ambient,Normal,Breathable_PP,51,High,Medium,Yes
F02817,Apple,Fresh Produce,86.49,0.0,0.07,3.34,High,56,3.6,76.64,Chilled,Refrigerated,Micro_Perforated_PE,45,High,High,Yes
F02818,Bread,Bakery,36.99,3.79,8.53,5.67,Very_Low,18,22.2,65.21,Ambient,Long_Distance,LDPE_Bag,51,Medium,Medium,No
F02819,Coffee Powder,Beverage,3.14,16.2,13.56,4.87,Very_Low,399,24.6,60.52,Ambient,Long_Distance,Metallized_PET_PE,78,Very_Low,Very_Low,No
F02820,Cheese,Dairy,36.34,33.18,25.19,5.08,Very_Low,60,3.4,82.54,Chilled,Normal,PA_PE_Vacuum,86,Low,Very_Low,Yes
F02821,Butter,Dairy,15.33,81.31,0.77,6.0,Very_Low,124,4.2,87.67,Chilled,Long_Distance,Aluminum_Foil_Laminate,90,Very_Low,Very_Low,No
F02822,Peanuts,Nuts,6.23,50.95,25.5,6.44,Very_Low,183,25.4,53.34,Ambient,Normal,Metallized_PET_PE,80,Very_Low,Very_Low,No
F02823,Bread,Bakery,35.33,3.43,8.49,5.57,Very_Low,1,24.9,58.82,Ambient,Normal,LDPE_Bag,42,Medium,Medium,No
F02824,Coffee Powder,Beverage,2.27,15.29,13.26,5.04,Very_Low,361,25.4,57.71,Ambient,Long_Distance,Metallized_PET_PE,83,Very_Low,Very_Low,No
F02825,Fresh Chicken,Meat,70.81,6.82,21.74,5.84,Very_Low,8,4.9,86.52,Chilled,Refrigerated,PA_PE_Vacuum,88,Low,Very_Low,Yes
F02826,Frozen Peas,Frozen Vegetable,81.23,2.1,5.69,6.04,Low,364,-18.7,80.52,Frozen,Long_Distance,PE_Film,73,Medium,Low,Yes
F02827,Potato Chips,Snacks,0.36,31.38,5.64,6.26,Very_Low,183,25.1,59.54,Ambient,Long_Distance,Metallized_PET_PE,74,Low,Very_Low,Yes
F02828,Fish,Seafood,71.62,4.97,19.7,6.22,Very_Low,4,2.3,70.51,Chilled,Refrigerated,PA_PE_Vacuum,100,Low,Very_Low,Yes
F02829,Potato Chips,Snacks,2.88,30.84,5.79,6.36,Very_Low,181,25.6,60.49,Ambient,Normal,Metallized_PET_PE,83,Low,Very_Low,Yes
F02830,Yogurt,Dairy,87.26,3.03,4.72,4.57,Very_Low,31,4.4,85.35,Chilled,Long_Distance,PP_Cup_Foil_Lid,46,Medium,Low,Yes
F02831,Frozen Peas,Frozen Vegetable,79.48,0.29,6.14,6.27,Low,371,-19.3,94.02,Frozen,Normal,PE_Film,75,Medium,Low,Yes
F02832,Onion,Vegetable,87.2,0.0,0.98,5.55,Low,126,21.2,59.6,Ambient,Normal,Breathable_PP,53,High,Medium,Yes
F02833,Cheese,Dairy,36.92,30.56,25.11,5.03,Very_Low,53,3.6,94.62,Chilled,Long_Distance,PA_PE_Vacuum,91,Low,Very_Low,Yes
F02834,Cheese,Dairy,35.19,34.15,24.5,5.14,Very_Low,59,5.1,90.78,Chilled,Long_Distance,PA_PE_Vacuum,87,Low,Very_Low,Yes
F02835,Mango,Fresh Produce,79.8,2.14,0.83,3.88,High,25,10.9,90.99,Chilled,Refrigerated,Breathable_PE,36,High,High,Yes
F02836,Apple,Fresh Produce,91.83,0.59,0.33,3.51,High,63,5.9,94.16,Chilled,Normal,Micro_Perforated_PE,46,High,High,Yes
F02837,Milk Powder,Dairy,4.87,23.06,27.18,6.6,Very_Low,402,25.8,54.93,Ambient,Long_Distance,Aluminum_Laminate,96,Very_Low,Very_Low,No
F02838,Carrot,Fresh Produce,84.54,0.0,1.59,5.93,High,30,5.9,85.96,Chilled,Normal,Micro_Perforated_PE,38,High,High,Yes
F02839,Mango,Fresh Produce,84.07,0.0,0.95,3.97,High,22,8.7,77.0,Chilled,Long_Distance,Breathable_PE,43,High,High,Yes
F02840,Carrot,Fresh Produce,85.57,0.0,1.35,6.07,High,26,4.2,76.88,Chilled,Normal,Micro_Perforated_PE,42,High,High,Yes
F02841,Carrot,Fresh Produce,90.93,0.0,1.23,6.21,High,34,4.8,88.2,Chilled,Refrigerated,Micro_Perforated_PE,45,High,High,Yes
F02842,Wheat Flour,Grain,12.18,1.7,13.02,6.05,Very_Low,174,25.9,65.99,Ambient,Long_Distance,HDPE,75,Low,Low,No
F02843,Fresh Chicken,Meat,74.28,7.74,22.78,5.95,Very_Low,10,3.9,92.59,Chilled,Normal,PA_PE_Vacuum,89,Low,Very_Low,Yes
F02844,Biscuits,Bakery,4.0,18.14,7.51,7.13,Very_Low,184,25.1,49.62,Ambient,Long_Distance,BOPP_PE,62,Low,Low,No
F02845,Bread,Bakery,38.69,4.14,8.29,5.57,Very_Low,9,24.4,60.85,Ambient,Long_Distance,LDPE_Bag,52,Medium,Medium,No
F02846,Frozen Peas,Frozen Vegetable,87.55,0.05,4.82,6.06,Low,378,-18.6,91.32,Frozen,Long_Distance,PE_Film,66,Medium,Low,Yes
F02847,Biscuits,Bakery,5.39,19.18,6.8,7.0,Very_Low,171,26.0,54.59,Ambient,Normal,BOPP_PE,70,Low,Low,No
F02848,Biscuits,Bakery,4.75,17.65,6.31,7.0,Very_Low,178,25.0,62.5,Ambient,Long_Distance,BOPP_PE,60,Low,Low,No
F02849,Wheat Flour,Grain,11.8,1.48,12.25,6.02,Very_Low,168,24.8,50.64,Ambient,Long_Distance,HDPE,88,Low,Low,No
F02850,Fish,Seafood,69.61,4.14,20.37,6.27,Very_Low,1,2.4,81.74,Chilled,Normal,PA_PE_Vacuum,96,Low,Very_Low,Yes
F02851,Ground Coffee,Beverage,3.76,13.69,13.73,4.79,Very_Low,360,25.0,52.93,Ambient,Normal,High_Barrier_Laminate,92,Very_Low,Very_Low,No
F02852,Onion,Vegetable,88.92,0.93,1.41,5.4,Low,102,20.1,59.09,Ambient,Normal,Breathable_PP,46,High,Medium,Yes
F02853,Peanuts,Nuts,7.11,49.29,25.67,6.53,Very_Low,172,26.1,51.82,Ambient,Normal,Metallized_PET_PE,78,Very_Low,Very_Low,No
F02854,Bread,Bakery,39.08,5.6,9.84,5.53,Very_Low,8,25.6,63.71,Ambient,Long_Distance,LDPE_Bag,47,Medium,Medium,No
F02855,Apple,Fresh Produce,91.89,0.64,0.61,3.67,High,64,5.5,85.35,Chilled,Refrigerated,Micro_Perforated_PE,36,High,High,Yes
F02856,Milk Powder,Dairy,4.07,24.87,24.96,6.56,Very_Low,367,24.6,52.28,Ambient,Long_Distance,Aluminum_Laminate,96,Very_Low,Very_Low,No
F02857,Ground Coffee,Beverage,1.0,15.97,13.81,4.95,Very_Low,364,23.7,46.52,Ambient,Long_Distance,High_Barrier_Laminate,95,Very_Low,Very_Low,No
F02858,Biscuits,Bakery,0.35,17.01,7.14,7.14,Very_Low,187,24.5,45.68,Ambient,Long_Distance,BOPP_PE,61,Low,Low,No
F02859,Yogurt,Dairy,86.84,3.79,4.3,4.39,Very_Low,39,5.4,72.68,Chilled,Long_Distance,PP_Cup_Foil_Lid,52,Medium,Low,Yes
F02860,Yogurt,Dairy,91.4,4.29,3.53,4.22,Very_Low,26,3.9,94.64,Chilled,Refrigerated,PP_Cup_Foil_Lid,59,Medium,Low,Yes
F02861,Butter,Dairy,18.85,83.46,1.05,6.13,Very_Low,121,3.9,81.37,Chilled,Long_Distance,Aluminum_Foil_Laminate,89,Very_Low,Very_Low,No
F02862,Biscuits,Bakery,3.88,20.49,6.65,6.89,Very_Low,189,25.5,66.57,Ambient,Long_Distance,BOPP_PE,59,Low,Low,No
F02863,Tomato,Fresh Produce,95.47,1.4,1.5,4.11,High,17,5.1,73.67,Chilled,Long_Distance,Micro_Perforated_PE,31,High,High,Yes
F02864,Ground Coffee,Beverage,1.81,15.3,14.4,5.22,Very_Low,358,24.5,64.95,Ambient,Long_Distance,High_Barrier_Laminate,89,Very_Low,Very_Low,No
F02865,Biscuits,Bakery,5.98,18.07,7.44,6.84,Very_Low,171,26.1,63.57,Ambient,Long_Distance,BOPP_PE,63,Low,Low,No
F02866,Peanuts,Nuts,5.43,48.99,25.31,6.66,Very_Low,176,24.1,62.28,Ambient,Normal,Metallized_PET_PE,81,Very_Low,Very_Low,No
F02867,Bread,Bakery,37.69,4.22,8.51,5.34,Very_Low,1,24.1,57.83,Ambient,Long_Distance,LDPE_Bag,54,Medium,Medium,No
F02868,Wheat Flour,Grain,11.94,3.55,13.51,6.31,Very_Low,173,24.9,51.5,Ambient,Long_Distance,HDPE,83,Low,Low,No
F02869,Cheese,Dairy,36.49,33.03,24.62,5.12,Very_Low,57,2.9,86.62,Chilled,Normal,PA_PE_Vacuum,98,Low,Very_Low,Yes
F02870,Wheat Flour,Grain,15.93,0.64,14.13,6.41,Very_Low,157,25.0,51.16,Ambient,Long_Distance,HDPE,79,Low,Low,No
F02871,Carrot,Fresh Produce,83.59,0.0,1.09,6.02,High,22,3.7,82.31,Chilled,Refrigerated,Micro_Perforated_PE,36,High,High,Yes
F02872,Milk Powder,Dairy,4.35,24.54,23.88,6.51,Very_Low,384,25.0,68.03,Ambient,Normal,Aluminum_Laminate,105,Very_Low,Very_Low,No
F02873,Fresh Chicken,Meat,76.15,8.43,22.35,5.84,Very_Low,1,5.1,68.02,Chilled,Long_Distance,PA_PE_Vacuum,90,Low,Very_Low,Yes
F02874,Ground Coffee,Beverage,3.56,14.51,13.73,5.07,Very_Low,387,25.5,61.03,Ambient,Normal,High_Barrier_Laminate,99,Very_Low,Very_Low,No
F02875,Tomato,Fresh Produce,90.51,0.48,1.39,4.13,High,19,4.7,76.56,Chilled,Long_Distance,Micro_Perforated_PE,31,High,High,Yes
F02876,Rice,Grain,13.17,1.66,6.68,6.3,Very_Low,381,25.2,75.61,Ambient,Long_Distance,HDPE,92,Low,Low,No
F02877,Frozen Peas,Frozen Vegetable,81.27,2.54,5.75,6.21,Low,392,-17.1,75.67,Frozen,Normal,PE_Film,75,Medium,Low,Yes
F02878,Yogurt,Dairy,85.99,2.73,4.61,4.7,Very_Low,31,3.9,88.02,Chilled,Long_Distance,PP_Cup_Foil_Lid,46,Medium,Low,Yes
F02879,Bread,Bakery,37.57,2.57,8.13,5.43,Very_Low,13,25.7,60.8,Ambient,Long_Distance,LDPE_Bag,44,Medium,Medium,No
F02880,Apple,Fresh Produce,84.5,2.15,0.15,3.29,High,57,5.2,84.3,Chilled,Long_Distance,Micro_Perforated_PE,42,High,High,Yes
F02881,Coffee Powder,Beverage,2.09,14.19,14.62,5.02,Very_Low,384,24.8,50.93,Ambient,Normal,Metallized_PET_PE,79,Very_Low,Very_Low,No
F02882,Fresh Chicken,Meat,71.76,6.46,21.3,5.73,Very_Low,1,3.9,86.94,Chilled,Normal,PA_PE_Vacuum,91,Low,Very_Low,Yes
F02883,Mango,Fresh Produce,84.2,2.2,1.01,3.81,High,27,9.7,74.99,Chilled,Normal,Breathable_PE,45,High,High,Yes
F02884,Rice,Grain,13.0,1.84,7.07,6.54,Very_Low,377,23.4,63.43,Ambient,Long_Distance,HDPE,78,Low,Low,No
F02885,Mango,Fresh Produce,82.42,0.93,0.32,4.02,High,30,10.5,72.19,Chilled,Refrigerated,Breathable_PE,39,High,High,Yes
F02886,Peanuts,Nuts,6.25,46.73,23.48,6.71,Very_Low,191,25.3,57.16,Ambient,Normal,Metallized_PET_PE,88,Very_Low,Very_Low,No
F02887,Rice,Grain,11.51,0.41,6.56,6.7,Very_Low,378,24.6,50.32,Ambient,Long_Distance,HDPE,85,Low,Low,No
F02888,Peanuts,Nuts,6.18,49.1,24.44,6.42,Very_Low,183,25.3,59.11,Ambient,Long_Distance,Metallized_PET_PE,78,Very_Low,Very_Low,No
F02889,Ground Coffee,Beverage,5.71,14.41,14.19,5.04,Very_Low,386,24.8,64.88,Ambient,Normal,High_Barrier_Laminate,88,Very_Low,Very_Low,No
F02890,Fresh Chicken,Meat,71.36,7.79,24.07,5.63,Very_Low,14,3.3,94.07,Chilled,Normal,PA_PE_Vacuum,88,Low,Very_Low,Yes
F02891,Yogurt,Dairy,88.09,1.6,4.1,4.43,Very_Low,22,4.0,84.06,Chilled,Long_Distance,PP_Cup_Foil_Lid,52,Medium,Low,Yes
F02892,Bread,Bakery,37.45,2.95,9.61,5.33,Very_Low,1,25.7,75.14,Ambient,Long_Distance,LDPE_Bag,56,Medium,Medium,No
F02893,Tomato,Fresh Produce,94.99,0.0,0.3,4.48,High,24,4.2,94.29,Chilled,Refrigerated,Micro_Perforated_PE,39,High,High,Yes
F02894,Frozen Peas,Frozen Vegetable,79.08,0.54,5.45,6.27,Low,386,-18.2,75.17,Frozen,Normal,PE_Film,74,Medium,Low,Yes
F02895,Onion,Vegetable,88.73,0.23,2.11,5.55,Low,125,20.1,60.07,Ambient,Long_Distance,Breathable_PP,52,High,Medium,Yes
F02896,Peanuts,Nuts,5.74,51.54,23.64,6.47,Very_Low,177,25.2,54.26,Ambient,Normal,Metallized_PET_PE,82,Very_Low,Very_Low,No
F02897,Tomato,Fresh Produce,95.84,0.49,0.2,4.45,High,21,6.4,93.69,Chilled,Normal,Micro_Perforated_PE,38,High,High,Yes
F02898,Apple,Fresh Produce,83.37,0.0,0.88,3.56,High,59,4.7,72.23,Chilled,Long_Distance,Micro_Perforated_PE,36,High,High,Yes
F02899,Coffee Powder,Beverage,4.93,14.55,13.33,5.04,Very_Low,371,24.1,51.57,Ambient,Long_Distance,Metallized_PET_PE,88,Very_Low,Very_Low,No
F02900,Frozen Peas,Frozen Vegetable,76.2,0.91,5.56,6.39,Low,342,-17.6,71.95,Frozen,Long_Distance,PE_Film,62,Medium,Low,Yes
F02901,Biscuits,Bakery,4.4,18.49,6.14,7.07,Very_Low,199,25.9,66.43,Ambient,Long_Distance,BOPP_PE,64,Low,Low,No
F02902,Onion,Vegetable,87.51,0.81,1.05,5.45,Low,128,19.9,68.92,Ambient,Long_Distance,Breathable_PP,43,High,Medium,Yes
F02903,Potato Chips,Snacks,3.75,30.28,6.14,6.17,Very_Low,183,24.5,83.51,Ambient,Normal,Metallized_PET_PE,83,Low,Very_Low,Yes
F02904,Biscuits,Bakery,4.99,16.83,7.26,7.07,Very_Low,183,23.8,46.21,Ambient,Long_Distance,BOPP_PE,60,Low,Low,No
F02905,Bread,Bakery,37.94,3.65,8.7,5.3,Very_Low,5,24.6,63.57,Ambient,Long_Distance,LDPE_Bag,55,Medium,Medium,No
F02906,Ground Coffee,Beverage,0.0,15.3,13.73,5.17,Very_Low,380,25.2,61.21,Ambient,Normal,High_Barrier_Laminate,96,Very_Low,Very_Low,No
F02907,Carrot,Fresh Produce,85.53,0.0,0.74,6.11,High,37,6.0,90.14,Chilled,Long_Distance,Micro_Perforated_PE,47,High,High,Yes
F02908,Potato Chips,Snacks,3.15,28.56,5.78,6.22,Very_Low,173,24.3,64.33,Ambient,Long_Distance,Metallized_PET_PE,77,Low,Very_Low,Yes
F02909,Cheese,Dairy,34.54,34.67,25.6,5.02,Very_Low,65,4.8,83.61,Chilled,Long_Distance,PA_PE_Vacuum,90,Low,Very_Low,Yes
F02910,Apple,Fresh Produce,86.29,0.45,0.4,3.56,High,60,4.8,90.41,Chilled,Refrigerated,Micro_Perforated_PE,34,High,High,Yes
F02911,Rice,Grain,13.78,0.65,8.08,6.42,Very_Low,375,25.6,56.63,Ambient,Long_Distance,HDPE,79,Low,Low,No
F02912,Biscuits,Bakery,0.96,16.87,5.96,6.86,Very_Low,185,25.0,64.79,Ambient,Long_Distance,BOPP_PE,61,Low,Low,No
F02913,Carrot,Fresh Produce,86.96,0.56,0.59,6.12,High,33,5.8,86.57,Chilled,Refrigerated,Micro_Perforated_PE,43,High,High,Yes
F02914,Coffee Powder,Beverage,3.42,16.42,14.51,5.23,Very_Low,378,25.5,52.95,Ambient,Long_Distance,Metallized_PET_PE,77,Very_Low,Very_Low,No
F02915,Potato Chips,Snacks,3.72,32.36,4.53,6.19,Very_Low,186,25.1,65.35,Ambient,Long_Distance,Metallized_PET_PE,76,Low,Very_Low,Yes
F02916,Biscuits,Bakery,8.19,18.9,6.12,7.06,Very_Low,187,25.4,66.6,Ambient,Normal,BOPP_PE,58,Low,Low,No
F02917,Peanuts,Nuts,9.43,48.07,24.48,6.22,Very_Low,181,25.9,46.12,Ambient,Normal,Metallized_PET_PE,80,Very_Low,Very_Low,No
F02918,Tomato,Fresh Produce,95.65,0.15,0.78,4.39,High,21,4.6,76.56,Chilled,Refrigerated,Micro_Perforated_PE,38,High,High,Yes
F02919,Peanuts,Nuts,5.4,47.36,24.31,6.52,Very_Low,172,24.5,57.93,Ambient,Long_Distance,Metallized_PET_PE,83,Very_Low,Very_Low,No
F02920,Bread,Bakery,41.53,4.13,9.43,5.36,Very_Low,10,24.4,58.62,Ambient,Long_Distance,LDPE_Bag,45,Medium,Medium,No
F02921,Fresh Chicken,Meat,71.83,9.59,22.98,5.7,Very_Low,14,3.6,83.7,Chilled,Normal,PA_PE_Vacuum,82,Low,Very_Low,Yes
F02922,Onion,Vegetable,87.41,0.66,0.7,5.69,Low,121,18.8,63.4,Ambient,Normal,Breathable_PP,57,High,Medium,Yes
F02923,Yogurt,Dairy,87.0,4.74,3.7,4.21,Very_Low,41,4.0,87.56,Chilled,Refrigerated,PP_Cup_Foil_Lid,51,Medium,Low,Yes
F02924,Ground Coffee,Beverage,2.61,14.01,12.62,5.05,Very_Low,368,22.2,54.57,Ambient,Long_Distance,High_Barrier_Laminate,85,Very_Low,Very_Low,No
F02925,Potato Chips,Snacks,3.1,30.47,5.99,6.1,Very_Low,185,24.5,43.87,Ambient,Long_Distance,Metallized_PET_PE,76,Low,Very_Low,Yes
F02926,Bread,Bakery,37.29,4.57,8.63,5.35,Very_Low,8,24.6,65.95,Ambient,Normal,LDPE_Bag,51,Medium,Medium,No
F02927,Milk Powder,Dairy,4.08,26.12,25.14,6.52,Very_Low,353,25.1,58.58,Ambient,Normal,Aluminum_Laminate,102,Very_Low,Very_Low,No
F02928,Rice,Grain,14.84,1.13,7.0,6.64,Very_Low,375,24.6,53.82,Ambient,Long_Distance,HDPE,79,Low,Low,No
F02929,Biscuits,Bakery,4.6,18.19,7.1,6.8,Very_Low,180,26.5,42.1,Ambient,Normal,BOPP_PE,57,Low,Low,No
F02930,Peanuts,Nuts,8.88,50.37,24.6,6.42,Very_Low,157,25.4,64.3,Ambient,Normal,Metallized_PET_PE,82,Very_Low,Very_Low,No
F02931,Fish,Seafood,78.37,5.15,20.49,6.29,Very_Low,1,1.6,67.11,Chilled,Long_Distance,PA_PE_Vacuum,93,Low,Very_Low,Yes
F02932,Bread,Bakery,39.54,5.09,8.46,5.6,Very_Low,9,25.2,55.17,Ambient,Normal,LDPE_Bag,58,Medium,Medium,No
F02933,Tomato,Fresh Produce,93.24,1.42,0.79,4.28,High,20,5.0,88.02,Chilled,Long_Distance,Micro_Perforated_PE,46,High,High,Yes
F02934,Ground Coffee,Beverage,5.0,15.07,14.4,5.18,Very_Low,350,25.8,46.71,Ambient,Long_Distance,High_Barrier_Laminate,90,Very_Low,Very_Low,No
F02935,Coffee Powder,Beverage,2.96,15.8,14.69,5.17,Very_Low,362,24.2,74.54,Ambient,Normal,Metallized_PET_PE,83,Very_Low,Very_Low,No
F02936,Biscuits,Bakery,3.92,19.5,6.46,6.95,Very_Low,183,24.7,63.1,Ambient,Normal,BOPP_PE,61,Low,Low,No
F02937,Biscuits,Bakery,5.14,16.94,6.27,6.98,Very_Low,184,25.9,61.62,Ambient,Long_Distance,BOPP_PE,62,Low,Low,No
F02938,Wheat Flour,Grain,11.73,0.9,14.02,6.06,Very_Low,193,24.6,62.55,Ambient,Normal,HDPE,77,Low,Low,No
F02939,Bread,Bakery,36.27,4.97,9.29,5.58,Very_Low,23,26.3,48.74,Ambient,Normal,LDPE_Bag,52,Medium,Medium,No
F02940,Milk Powder,Dairy,0.92,27.0,25.48,6.72,Very_Low,375,24.3,71.09,Ambient,Long_Distance,Aluminum_Laminate,109,Very_Low,Very_Low,No
F02941,Frozen Peas,Frozen Vegetable,80.16,0.0,5.22,6.26,Low,355,-18.0,87.31,Frozen,Normal,PE_Film,74,Medium,Low,Yes
F02942,Coffee Powder,Beverage,4.34,13.35,13.92,5.25,Very_Low,363,24.9,60.64,Ambient,Normal,Metallized_PET_PE,69,Very_Low,Very_Low,No
F02943,Onion,Vegetable,86.05,0.22,1.05,5.6,Low,127,19.6,47.31,Ambient,Normal,Breathable_PP,38,High,Medium,Yes
F02944,Milk Powder,Dairy,2.65,26.63,25.86,6.77,Very_Low,360,24.9,57.57,Ambient,Long_Distance,Aluminum_Laminate,86,Very_Low,Very_Low,No
F02945,Milk Powder,Dairy,4.25,24.45,25.97,6.65,Very_Low,361,24.9,74.34,Ambient,Long_Distance,Aluminum_Laminate,106,Very_Low,Very_Low,No
F02946,Milk Powder,Dairy,4.6,24.72,27.39,6.71,Very_Low,325,25.6,45.6,Ambient,Long_Distance,Aluminum_Laminate,95,Very_Low,Very_Low,No
F02947,Frozen Peas,Frozen Vegetable,74.71,1.17,5.5,6.23,Low,414,-19.4,83.01,Frozen,Normal,PE_Film,68,Medium,Low,Yes
F02948,Biscuits,Bakery,3.44,17.9,6.33,7.07,Very_Low,185,25.3,56.97,Ambient,Long_Distance,BOPP_PE,64,Low,Low,No
F02949,Coffee Powder,Beverage,4.07,16.12,12.94,5.01,Very_Low,335,26.1,53.76,Ambient,Normal,Metallized_PET_PE,80,Very_Low,Very_Low,No
F02950,Wheat Flour,Grain,10.95,0.0,13.09,6.14,Very_Low,178,23.4,59.73,Ambient,Normal,HDPE,90,Low,Low,No
F02951,Onion,Vegetable,88.5,1.52,1.08,5.62,Low,116,19.7,68.7,Ambient,Normal,Breathable_PP,43,High,Medium,Yes
F02952,Peanuts,Nuts,5.52,48.73,25.85,6.4,Very_Low,180,25.2,51.88,Ambient,Normal,Metallized_PET_PE,82,Very_Low,Very_Low,No
F02953,Butter,Dairy,17.95,82.46,0.07,6.12,Very_Low,110,5.0,92.96,Chilled,Refrigerated,Aluminum_Foil_Laminate,85,Very_Low,Very_Low,No
F02954,Biscuits,Bakery,2.82,16.39,6.64,6.87,Very_Low,191,24.3,60.39,Ambient,Normal,BOPP_PE,53,Low,Low,No
F02955,Mango,Fresh Produce,83.66,0.75,0.92,3.92,High,28,10.8,75.62,Chilled,Refrigerated,Breathable_PE,46,High,High,Yes
F02956,Ground Coffee,Beverage,2.52,13.5,14.77,5.0,Very_Low,371,24.6,58.96,Ambient,Normal,High_Barrier_Laminate,93,Very_Low,Very_Low,No
F02957,Apple,Fresh Produce,78.86,1.02,0.0,3.66,High,73,4.6,83.67,Chilled,Normal,Micro_Perforated_PE,45,High,High,Yes
F02958,Rice,Grain,7.92,0.0,7.67,6.41,Very_Low,376,25.5,54.23,Ambient,Normal,HDPE,86,Low,Low,No
F02959,Tomato,Fresh Produce,98.12,0.0,0.53,4.28,High,14,5.5,80.97,Chilled,Refrigerated,Micro_Perforated_PE,34,High,High,Yes
F02960,Tomato,Fresh Produce,88.68,0.0,1.42,4.31,High,24,5.1,80.58,Chilled,Refrigerated,Micro_Perforated_PE,39,High,High,Yes
F02961,Apple,Fresh Produce,85.5,0.0,0.04,3.43,High,54,5.1,92.76,Chilled,Refrigerated,Micro_Perforated_PE,38,High,High,Yes
F02962,Tomato,Fresh Produce,91.39,1.26,0.51,4.44,High,14,4.9,71.64,Chilled,Long_Distance,Micro_Perforated_PE,37,High,High,Yes
F02963,Butter,Dairy,14.05,83.98,0.62,6.23,Very_Low,120,4.2,84.97,Chilled,Long_Distance,Aluminum_Foil_Laminate,83,Very_Low,Very_Low,No
F02964,Apple,Fresh Produce,83.24,0.0,0.89,3.34,High,59,5.8,84.33,Chilled,Refrigerated,Micro_Perforated_PE,35,High,High,Yes
F02965,Bread,Bakery,36.32,3.92,8.98,5.62,Very_Low,2,24.9,58.88,Ambient,Normal,LDPE_Bag,43,Medium,Medium,No
F02966,Frozen Peas,Frozen Vegetable,81.36,0.96,5.82,6.19,Low,384,-16.8,75.87,Frozen,Normal,PE_Film,74,Medium,Low,Yes
F02967,Biscuits,Bakery,5.36,18.23,7.18,6.98,Very_Low,183,24.8,60.53,Ambient,Long_Distance,BOPP_PE,57,Low,Low,No
F02968,Potato Chips,Snacks,0.0,30.12,5.88,6.06,Very_Low,199,26.2,63.55,Ambient,Normal,Metallized_PET_PE,73,Low,Very_Low,Yes
F02969,Frozen Peas,Frozen Vegetable,78.89,0.41,5.3,6.07,Low,353,-17.5,77.11,Frozen,Normal,PE_Film,72,Medium,Low,Yes
F02970,Yogurt,Dairy,87.94,2.72,3.86,4.52,Very_Low,30,5.2,80.6,Chilled,Long_Distance,PP_Cup_Foil_Lid,48,Medium,Low,Yes
F02971,Rice,Grain,11.32,0.0,7.09,6.72,Very_Low,364,25.0,48.67,Ambient,Long_Distance,HDPE,84,Low,Low,No
F02972,Wheat Flour,Grain,14.17,1.77,13.43,6.17,Very_Low,151,26.2,57.23,Ambient,Long_Distance,HDPE,75,Low,Low,No
F02973,Potato Chips,Snacks,4.45,29.95,5.38,6.09,Very_Low,174,24.8,49.51,Ambient,Long_Distance,Metallized_PET_PE,82,Low,Very_Low,Yes
F02974,Coffee Powder,Beverage,7.74,13.95,13.97,4.87,Very_Low,403,25.8,75.53,Ambient,Normal,Metallized_PET_PE,91,Very_Low,Very_Low,No
F02975,Yogurt,Dairy,83.66,0.94,3.89,4.58,Very_Low,31,3.3,93.04,Chilled,Refrigerated,PP_Cup_Foil_Lid,42,Medium,Low,Yes
F02976,Carrot,Fresh Produce,87.74,0.0,0.11,5.91,High,25,4.4,84.37,Chilled,Refrigerated,Micro_Perforated_PE,40,High,High,Yes
F02977,Rice,Grain,14.96,2.37,6.93,6.55,Very_Low,387,23.9,59.36,Ambient,Long_Distance,HDPE,79,Low,Low,No
F02978,Bread,Bakery,36.09,5.25,9.13,5.36,Very_Low,1,25.0,63.78,Ambient,Normal,LDPE_Bag,51,Medium,Medium,No
F02979,Apple,Fresh Produce,89.76,0.0,0.72,3.37,High,49,5.7,93.92,Chilled,Refrigerated,Micro_Perforated_PE,37,High,High,Yes
F02980,Peanuts,Nuts,6.15,49.52,26.52,6.42,Very_Low,188,25.5,69.89,Ambient,Normal,Metallized_PET_PE,81,Very_Low,Very_Low,No
F02981,Potato Chips,Snacks,2.36,31.32,5.01,6.14,Very_Low,167,25.2,50.65,Ambient,Long_Distance,Metallized_PET_PE,81,Low,Very_Low,Yes
F02982,Cheese,Dairy,35.29,33.99,25.41,5.22,Very_Low,67,3.4,72.65,Chilled,Refrigerated,PA_PE_Vacuum,81,Low,Very_Low,Yes
F02983,Frozen Peas,Frozen Vegetable,79.69,0.0,5.49,6.12,Low,395,-17.8,75.91,Frozen,Long_Distance,PE_Film,77,Medium,Low,Yes
F02984,Apple,Fresh Produce,90.63,0.0,0.56,3.29,High,55,5.1,77.09,Chilled,Normal,Micro_Perforated_PE,32,High,High,Yes
F02985,Coffee Powder,Beverage,3.07,13.0,13.75,5.03,Very_Low,350,24.0,60.83,Ambient,Long_Distance,Metallized_PET_PE,87,Very_Low,Very_Low,No
F02986,Carrot,Fresh Produce,84.75,0.0,1.25,6.12,High,28,5.6,92.29,Chilled,Normal,Micro_Perforated_PE,51,High,High,Yes
F02987,Onion,Vegetable,89.57,1.3,1.55,5.71,Low,110,19.4,63.2,Ambient,Normal,Breathable_PP,59,High,Medium,Yes
F02988,Bread,Bakery,38.2,3.4,8.67,5.4,Very_Low,1,25.2,64.26,Ambient,Normal,LDPE_Bag,53,Medium,Medium,No
F02989,Fish,Seafood,74.56,3.71,19.57,6.06,Very_Low,1,1.1,94.45,Chilled,Normal,PA_PE_Vacuum,93,Low,Very_Low,Yes
F02990,Bread,Bakery,36.03,4.39,8.98,5.56,Very_Low,2,25.2,49.85,Ambient,Normal,LDPE_Bag,51,Medium,Medium,No
F02991,Coffee Powder,Beverage,2.76,15.5,13.94,4.93,Very_Low,354,25.0,69.67,Ambient,Long_Distance,Metallized_PET_PE,83,Very_Low,Very_Low,No
F02992,Fresh Chicken,Meat,71.87,7.23,23.37,5.88,Very_Low,8,5.0,95.69,Chilled,Refrigerated,PA_PE_Vacuum,94,Low,Very_Low,Yes
F02993,Cheese,Dairy,34.22,32.15,24.35,5.22,Very_Low,66,4.5,94.78,Chilled,Normal,PA_PE_Vacuum,93,Low,Very_Low,Yes
F02994,Milk Powder,Dairy,4.91,26.03,25.44,6.57,Very_Low,348,24.9,61.25,Ambient,Long_Distance,Aluminum_Laminate,95,Very_Low,Very_Low,No
F02995,Peanuts,Nuts,3.51,49.43,24.64,6.22,Very_Low,177,26.3,45.4,Ambient,Normal,Metallized_PET_PE,80,Very_Low,Very_Low,No
F02996,Apple,Fresh Produce,87.75,0.0,0.17,3.72,High,56,4.7,79.59,Chilled,Normal,Micro_Perforated_PE,41,High,High,Yes
F02997,Cheese,Dairy,37.75,30.43,25.97,5.42,Very_Low,57,3.6,81.3,Chilled,Refrigerated,PA_PE_Vacuum,86,Low,Very_Low,Yes
F02998,Cheese,Dairy,34.97,34.25,24.17,5.13,Very_Low,58,4.8,86.12,Chilled,Refrigerated,PA_PE_Vacuum,90,Low,Very_Low,Yes
F02999,Mango,Fresh Produce,84.97,0.24,0.37,3.92,High,25,9.7,90.42,Chilled,Refrigerated,Breathable_PE,33,High,High,Yes
F03000,Tomato,Fresh Produce,91.42,0.4,0.73,4.17,High,1,3.5,76.27,Chilled,Long_Distance,Micro_Perforated_PE,32,High,High,Yes
F03001,Peanuts,Nuts,4.02,50.54,25.01,6.33,Very_Low,201,25.1,65.1,Ambient,Long_Distance,Metallized_PET_PE,85,Very_Low,Very_Low,No
F03002,Yogurt,Dairy,92.33,1.12,3.44,4.5,Very_Low,35,3.1,79.82,Chilled,Long_Distance,PP_Cup_Foil_Lid,47,Medium,Low,Yes
F03003,Yogurt,Dairy,84.05,2.86,4.11,4.52,Very_Low,38,3.8,84.14,Chilled,Normal,PP_Cup_Foil_Lid,51,Medium,Low,Yes
F03004,Mango,Fresh Produce,85.38,0.0,1.38,4.12,High,5,9.3,84.35,Chilled,Long_Distance,Breathable_PE,42,High,High,Yes
F03005,Biscuits,Bakery,2.48,17.47,7.06,6.98,Very_Low,185,26.0,64.34,Ambient,Normal,BOPP_PE,57,Low,Low,No
F03006,Butter,Dairy,18.02,84.63,0.85,6.15,Very_Low,109,2.5,82.8,Chilled,Normal,Aluminum_Foil_Laminate,88,Very_Low,Very_Low,No
F03007,Mango,Fresh Produce,82.65,0.0,1.02,4.31,High,19,10.7,87.9,Chilled,Long_Distance,Breathable_PE,42,High,High,Yes
F03008,Wheat Flour,Grain,13.15,0.0,13.27,6.16,Very_Low,190,25.6,71.7,Ambient,Long_Distance,HDPE,76,Low,Low,No
F03009,Coffee Powder,Beverage,3.17,16.75,13.5,4.9,Very_Low,402,26.0,58.72,Ambient,Long_Distance,Metallized_PET_PE,79,Very_Low,Very_Low,No
F03010,Wheat Flour,Grain,13.89,0.37,12.91,5.93,Very_Low,190,25.5,38.39,Ambient,Long_Distance,HDPE,78,Low,Low,No
F03011,Yogurt,Dairy,87.29,1.52,4.27,4.24,Very_Low,36,3.4,84.32,Chilled,Long_Distance,PP_Cup_Foil_Lid,46,Medium,Low,Yes
F03012,Bread,Bakery,36.68,5.63,7.96,5.65,Very_Low,9,25.3,58.46,Ambient,Normal,LDPE_Bag,44,Medium,Medium,No
F03013,Potato Chips,Snacks,1.5,29.48,4.89,6.26,Very_Low,171,25.7,51.43,Ambient,Long_Distance,Metallized_PET_PE,80,Low,Very_Low,Yes
F03014,Frozen Peas,Frozen Vegetable,77.92,2.2,5.84,6.19,Low,391,-18.9,79.14,Frozen,Long_Distance,PE_Film,67,Medium,Low,Yes
F03015,Milk Powder,Dairy,3.51,25.02,26.7,6.67,Very_Low,372,25.2,57.3,Ambient,Long_Distance,Aluminum_Laminate,106,Very_Low,Very_Low,No
F03016,Fresh Chicken,Meat,77.14,9.52,22.55,5.58,Very_Low,10,4.9,95.95,Chilled,Refrigerated,PA_PE_Vacuum,89,Low,Very_Low,Yes
F03017,Cheese,Dairy,41.67,34.58,25.05,5.18,Very_Low,66,3.6,82.87,Chilled,Long_Distance,PA_PE_Vacuum,93,Low,Very_Low,Yes
F03018,Potato Chips,Snacks,2.49,32.16,6.86,5.99,Very_Low,185,23.6,48.87,Ambient,Long_Distance,Metallized_PET_PE,82,Low,Very_Low,Yes
F03019,Cheese,Dairy,39.43,32.63,25.16,5.1,Very_Low,69,3.1,85.22,Chilled,Refrigerated,PA_PE_Vacuum,95,Low,Very_Low,Yes
F03020,Apple,Fresh Produce,83.87,0.0,0.36,3.47,High,69,4.4,82.4,Chilled,Long_Distance,Micro_Perforated_PE,44,High,High,Yes
F03021,Butter,Dairy,14.53,80.0,0.79,6.32,Very_Low,131,5.2,84.16,Chilled,Long_Distance,Aluminum_Foil_Laminate,98,Very_Low,Very_Low,No
F03022,Milk Powder,Dairy,3.64,27.92,25.5,6.32,Very_Low,337,24.7,62.27,Ambient,Long_Distance,Aluminum_Laminate,104,Very_Low,Very_Low,No
F03023,Apple,Fresh Produce,87.73,0.75,0.0,3.65,High,49,4.6,75.92,Chilled,Normal,Micro_Perforated_PE,41,High,High,Yes
F03024,Mango,Fresh Produce,86.38,0.0,1.06,3.99,High,21,11.4,91.47,Chilled,Long_Distance,Breathable_PE,35,High,High,Yes
F03025,Fish,Seafood,77.04,3.28,20.0,6.2,Very_Low,2,1.4,84.71,Chilled,Long_Distance,PA_PE_Vacuum,94,Low,Very_Low,Yes
F03026,Carrot,Fresh Produce,88.98,0.54,0.93,6.1,High,34,6.9,80.81,Chilled,Refrigerated,Micro_Perforated_PE,34,High,High,Yes
F03027,Butter,Dairy,15.73,84.67,0.43,6.23,Very_Low,110,4.6,93.11,Chilled,Refrigerated,Aluminum_Foil_Laminate,86,Very_Low,Very_Low,No
F03028,Yogurt,Dairy,84.08,2.88,4.72,4.33,Very_Low,38,5.0,85.49,Chilled,Normal,PP_Cup_Foil_Lid,49,Medium,Low,Yes
F03029,Cheese,Dairy,40.55,33.2,24.72,5.22,Very_Low,43,4.7,92.12,Chilled,Normal,PA_PE_Vacuum,89,Low,Very_Low,Yes
F03030,Apple,Fresh Produce,88.68,0.0,0.8,3.38,High,61,6.0,70.56,Chilled,Normal,Micro_Perforated_PE,40,High,High,Yes
F03031,Bread,Bakery,39.51,5.24,9.04,5.68,Very_Low,10,26.1,48.63,Ambient,Long_Distance,LDPE_Bag,46,Medium,Medium,No
F03032,Apple,Fresh Produce,88.91,0.0,0.0,3.47,High,52,5.0,69.17,Chilled,Normal,Micro_Perforated_PE,41,High,High,Yes
F03033,Bread,Bakery,41.78,3.89,9.4,5.33,Very_Low,13,25.8,45.75,Ambient,Normal,LDPE_Bag,51,Medium,Medium,No
F03034,Ground Coffee,Beverage,3.54,15.88,13.85,4.86,Very_Low,358,25.1,54.69,Ambient,Normal,High_Barrier_Laminate,87,Very_Low,Very_Low,No
F03035,Fresh Chicken,Meat,69.2,8.68,22.19,5.74,Very_Low,3,2.8,89.56,Chilled,Normal,PA_PE_Vacuum,83,Low,Very_Low,Yes
F03036,Rice,Grain,9.2,0.23,7.59,6.55,Very_Low,358,24.6,53.95,Ambient,Normal,HDPE,83,Low,Low,No
F03037,Carrot,Fresh Produce,90.31,0.0,1.38,5.94,High,24,3.9,88.11,Chilled,Refrigerated,Micro_Perforated_PE,38,High,High,Yes
F03038,Milk Powder,Dairy,3.74,27.05,24.4,6.61,Very_Low,382,26.4,67.85,Ambient,Normal,Aluminum_Laminate,106,Very_Low,Very_Low,No
F03039,Potato Chips,Snacks,5.05,28.09,5.14,6.09,Very_Low,177,25.1,77.11,Ambient,Normal,Metallized_PET_PE,82,Low,Very_Low,Yes
F03040,Frozen Peas,Frozen Vegetable,86.83,0.08,4.58,6.15,Low,370,-18.7,88.85,Frozen,Long_Distance,PE_Film,66,Medium,Low,Yes
F03041,Tomato,Fresh Produce,92.14,0.0,1.22,4.22,High,2,5.1,74.89,Chilled,Refrigerated,Micro_Perforated_PE,32,High,High,Yes
F03042,Mango,Fresh Produce,81.27,1.74,0.36,3.98,High,26,10.9,91.6,Chilled,Refrigerated,Breathable_PE,32,High,High,Yes
F03043,Carrot,Fresh Produce,87.52,0.0,0.21,5.95,High,47,5.5,83.13,Chilled,Long_Distance,Micro_Perforated_PE,40,High,High,Yes
F03044,Bread,Bakery,35.81,3.38,9.07,5.46,Very_Low,1,24.7,50.17,Ambient,Normal,LDPE_Bag,57,Medium,Medium,No
F03045,Potato Chips,Snacks,1.68,30.6,5.58,6.2,Very_Low,193,27.1,64.06,Ambient,Normal,Metallized_PET_PE,84,Low,Very_Low,Yes
F03046,Milk Powder,Dairy,5.72,25.21,25.9,6.61,Very_Low,358,24.8,76.03,Ambient,Long_Distance,Aluminum_Laminate,94,Very_Low,Very_Low,No
F03047,Biscuits,Bakery,0.75,19.14,7.21,7.23,Very_Low,202,24.9,59.85,Ambient,Normal,BOPP_PE,65,Low,Low,No
F03048,Yogurt,Dairy,85.93,2.47,3.48,4.64,Very_Low,45,5.2,95.78,Chilled,Long_Distance,PP_Cup_Foil_Lid,54,Medium,Low,Yes
F03049,Coffee Powder,Beverage,4.54,13.86,13.79,5.12,Very_Low,357,25.0,46.46,Ambient,Long_Distance,Metallized_PET_PE,78,Very_Low,Very_Low,No
F03050,Apple,Fresh Produce,88.34,0.0,0.0,3.36,High,71,5.0,86.56,Chilled,Refrigerated,Micro_Perforated_PE,45,High,High,Yes
F03051,Cheese,Dairy,35.58,30.8,24.99,5.3,Very_Low,56,2.9,78.05,Chilled,Refrigerated,PA_PE_Vacuum,86,Low,Very_Low,Yes
F03052,Peanuts,Nuts,6.86,48.11,25.18,6.56,Very_Low,167,25.3,51.87,Ambient,Normal,Metallized_PET_PE,76,Very_Low,Very_Low,No
F03053,Cheese,Dairy,39.02,30.78,24.98,5.19,Very_Low,71,3.6,93.76,Chilled,Refrigerated,PA_PE_Vacuum,96,Low,Very_Low,Yes
F03054,Potato Chips,Snacks,2.88,29.03,6.78,6.33,Very_Low,200,25.4,61.24,Ambient,Long_Distance,Metallized_PET_PE,81,Low,Very_Low,Yes
F03055,Peanuts,Nuts,5.89,51.1,23.73,6.49,Very_Low,187,25.2,50.08,Ambient,Normal,Metallized_PET_PE,77,Very_Low,Very_Low,No
F03056,Potato Chips,Snacks,3.79,26.63,5.82,6.26,Very_Low,174,24.7,51.93,Ambient,Long_Distance,Metallized_PET_PE,84,Low,Very_Low,Yes
F03057,Potato Chips,Snacks,0.9,34.04,6.55,6.09,Very_Low,169,26.4,59.15,Ambient,Normal,Metallized_PET_PE,76,Low,Very_Low,Yes
F03058,Cheese,Dairy,34.0,33.85,24.0,5.06,Very_Low,56,3.6,90.16,Chilled,Normal,PA_PE_Vacuum,85,Low,Very_Low,Yes
F03059,Tomato,Fresh Produce,94.61,2.32,1.0,4.6,High,18,5.0,71.86,Chilled,Normal,Micro_Perforated_PE,39,High,High,Yes
F03060,Ground Coffee,Beverage,4.12,13.78,13.65,5.08,Very_Low,370,24.5,49.73,Ambient,Normal,High_Barrier_Laminate,84,Very_Low,Very_Low,No
F03061,Bread,Bakery,38.58,4.76,8.75,5.31,Very_Low,6,24.9,46.91,Ambient,Normal,LDPE_Bag,51,Medium,Medium,No
F03062,Yogurt,Dairy,90.07,3.97,4.13,4.38,Very_Low,26,5.7,92.34,Chilled,Long_Distance,PP_Cup_Foil_Lid,55,Medium,Low,Yes
F03063,Yogurt,Dairy,86.71,2.72,3.71,4.42,Very_Low,24,4.3,81.54,Chilled,Refrigerated,PP_Cup_Foil_Lid,53,Medium,Low,Yes
F03064,Fish,Seafood,75.31,3.55,20.09,6.56,Very_Low,1,2.1,90.33,Chilled,Refrigerated,PA_PE_Vacuum,85,Low,Very_Low,Yes
F03065,Milk Powder,Dairy,3.63,25.55,25.99,6.49,Very_Low,361,25.1,81.02,Ambient,Normal,Aluminum_Laminate,94,Very_Low,Very_Low,No
F03066,Fresh Chicken,Meat,72.57,8.93,23.27,5.73,Very_Low,1,4.3,82.98,Chilled,Normal,PA_PE_Vacuum,83,Low,Very_Low,Yes
F03067,Onion,Vegetable,90.04,0.76,0.91,5.57,Low,126,20.3,79.65,Ambient,Long_Distance,Breathable_PP,56,High,Medium,Yes
F03068,Coffee Powder,Beverage,0.87,15.26,14.13,4.95,Very_Low,387,25.5,72.5,Ambient,Long_Distance,Metallized_PET_PE,85,Very_Low,Very_Low,No
F03069,Bread,Bakery,37.45,5.19,8.03,5.39,Very_Low,1,25.1,46.0,Ambient,Normal,LDPE_Bag,49,Medium,Medium,No
F03070,Potato Chips,Snacks,0.75,31.25,6.5,6.06,Very_Low,180,25.2,48.53,Ambient,Long_Distance,Metallized_PET_PE,83,Low,Very_Low,Yes
F03071,Fresh Chicken,Meat,73.41,7.98,22.09,5.93,Very_Low,7,4.3,92.05,Chilled,Long_Distance,PA_PE_Vacuum,91,Low,Very_Low,Yes
F03072,Wheat Flour,Grain,11.72,0.0,12.95,6.15,Very_Low,190,24.7,69.83,Ambient,Long_Distance,HDPE,77,Low,Low,No
F03073,Apple,Fresh Produce,84.25,0.61,0.53,3.68,High,60,4.5,73.18,Chilled,Long_Distance,Micro_Perforated_PE,39,High,High,Yes
F03074,Carrot,Fresh Produce,88.37,0.0,0.0,6.08,High,31,4.6,81.13,Chilled,Refrigerated,Micro_Perforated_PE,43,High,High,Yes
F03075,Carrot,Fresh Produce,84.68,0.48,0.91,5.9,High,35,3.9,75.57,Chilled,Refrigerated,Micro_Perforated_PE,36,High,High,Yes
F03076,Coffee Powder,Beverage,3.55,16.66,13.69,5.02,Very_Low,375,25.3,53.97,Ambient,Normal,Metallized_PET_PE,71,Very_Low,Very_Low,No
F03077,Onion,Vegetable,91.11,0.6,0.65,5.43,Low,111,20.4,51.05,Ambient,Long_Distance,Breathable_PP,51,High,Medium,Yes
F03078,Biscuits,Bakery,4.88,19.72,6.42,7.08,Very_Low,194,24.5,48.96,Ambient,Normal,BOPP_PE,66,Low,Low,No
F03079,Yogurt,Dairy,88.74,1.88,3.3,4.49,Very_Low,28,4.5,81.56,Chilled,Refrigerated,PP_Cup_Foil_Lid,52,Medium,Low,Yes
F03080,Coffee Powder,Beverage,1.95,16.29,14.27,4.92,Very_Low,361,24.3,67.6,Ambient,Normal,Metallized_PET_PE,75,Very_Low,Very_Low,No
F03081,Potato Chips,Snacks,0.0,32.64,6.89,6.11,Very_Low,183,24.2,55.68,Ambient,Normal,Metallized_PET_PE,82,Low,Very_Low,Yes
F03082,Coffee Powder,Beverage,1.92,15.63,13.98,5.12,Very_Low,356,25.0,74.73,Ambient,Normal,Metallized_PET_PE,81,Very_Low,Very_Low,No
F03083,Wheat Flour,Grain,11.47,3.97,12.78,6.02,Very_Low,185,24.3,57.44,Ambient,Long_Distance,HDPE,84,Low,Low,No
F03084,Ground Coffee,Beverage,3.16,13.82,13.86,4.96,Very_Low,396,25.4,66.29,Ambient,Normal,High_Barrier_Laminate,89,Very_Low,Very_Low,No
F03085,Coffee Powder,Beverage,2.79,14.8,13.99,4.97,Very_Low,359,25.5,67.02,Ambient,Normal,Metallized_PET_PE,88,Very_Low,Very_Low,No
F03086,Fish,Seafood,77.28,5.6,19.61,6.02,Very_Low,8,2.4,84.85,Chilled,Refrigerated,PA_PE_Vacuum,87,Low,Very_Low,Yes
F03087,Peanuts,Nuts,8.84,47.57,23.94,6.31,Very_Low,195,24.8,60.37,Ambient,Long_Distance,Metallized_PET_PE,71,Very_Low,Very_Low,No
F03088,Wheat Flour,Grain,14.53,0.59,12.8,5.71,Very_Low,185,24.0,55.03,Ambient,Long_Distance,HDPE,84,Low,Low,No
F03089,Frozen Peas,Frozen Vegetable,82.18,1.04,5.97,6.05,Low,327,-19.4,91.62,Frozen,Long_Distance,PE_Film,74,Medium,Low,Yes
F03090,Onion,Vegetable,89.36,0.67,0.47,5.47,Low,112,19.6,52.24,Ambient,Long_Distance,Breathable_PP,45,High,Medium,Yes
F03091,Potato Chips,Snacks,3.79,28.76,5.31,6.35,Very_Low,174,23.1,52.17,Ambient,Normal,Metallized_PET_PE,86,Low,Very_Low,Yes
F03092,Butter,Dairy,18.12,82.54,1.04,6.38,Very_Low,100,4.5,89.88,Chilled,Long_Distance,Aluminum_Foil_Laminate,88,Very_Low,Very_Low,No
F03093,Milk Powder,Dairy,4.82,26.0,25.22,6.51,Very_Low,395,25.4,54.78,Ambient,Long_Distance,Aluminum_Laminate,96,Very_Low,Very_Low,No
F03094,Onion,Vegetable,87.86,0.0,0.62,5.64,Low,114,19.6,61.22,Ambient,Long_Distance,Breathable_PP,46,High,Medium,Yes
F03095,Frozen Peas,Frozen Vegetable,77.75,0.8,4.6,6.0,Low,373,-18.3,83.96,Frozen,Normal,PE_Film,66,Medium,Low,Yes
F03096,Wheat Flour,Grain,9.51,0.65,12.49,6.1,Very_Low,191,24.8,37.26,Ambient,Long_Distance,HDPE,79,Low,Low,No
F03097,Cheese,Dairy,36.59,32.96,24.63,5.15,Very_Low,79,4.2,90.26,Chilled,Normal,PA_PE_Vacuum,84,Low,Very_Low,Yes
F03098,Onion,Vegetable,89.78,1.33,1.29,5.55,Low,115,18.4,45.26,Ambient,Long_Distance,Breathable_PP,48,High,Medium,Yes
F03099,Onion,Vegetable,89.64,0.63,0.82,5.59,Low,116,19.9,56.52,Ambient,Long_Distance,Breathable_PP,45,High,Medium,Yes
F03100,Wheat Flour,Grain,9.84,0.0,12.85,6.12,Very_Low,173,24.7,80.16,Ambient,Long_Distance,HDPE,78,Low,Low,No
F03101,Milk Powder,Dairy,3.47,26.29,25.74,6.7,Very_Low,347,24.3,76.25,Ambient,Long_Distance,Aluminum_Laminate,94,Very_Low,Very_Low,No
F03102,Carrot,Fresh Produce,87.07,0.53,1.15,5.91,High,28,5.9,87.74,Chilled,Long_Distance,Micro_Perforated_PE,39,High,High,Yes
F03103,Frozen Peas,Frozen Vegetable,79.57,0.57,4.75,6.38,Low,371,-19.7,93.47,Frozen,Normal,PE_Film,76,Medium,Low,Yes
F03104,Ground Coffee,Beverage,3.99,14.74,13.14,4.94,Very_Low,376,24.8,50.0,Ambient,Normal,High_Barrier_Laminate,95,Very_Low,Very_Low,No
F03105,Bread,Bakery,40.61,3.91,9.22,5.32,Very_Low,5,25.4,76.21,Ambient,Long_Distance,LDPE_Bag,56,Medium,Medium,No
F03106,Coffee Powder,Beverage,2.51,14.7,15.42,5.02,Very_Low,393,23.3,68.2,Ambient,Normal,Metallized_PET_PE,89,Very_Low,Very_Low,No
F03107,Butter,Dairy,17.24,82.4,0.38,5.97,Very_Low,132,3.5,80.74,Chilled,Refrigerated,Aluminum_Foil_Laminate,91,Very_Low,Very_Low,No
F03108,Fresh Chicken,Meat,76.43,9.12,25.83,5.82,Very_Low,1,3.1,89.17,Chilled,Normal,PA_PE_Vacuum,95,Low,Very_Low,Yes
F03109,Cheese,Dairy,38.15,33.38,24.61,5.15,Very_Low,55,5.0,95.14,Chilled,Normal,PA_PE_Vacuum,93,Low,Very_Low,Yes
F03110,Carrot,Fresh Produce,89.55,0.68,1.77,6.11,High,29,6.0,85.15,Chilled,Normal,Micro_Perforated_PE,35,High,High,Yes
F03111,Rice,Grain,14.08,0.73,7.26,6.63,Very_Low,354,25.1,79.48,Ambient,Normal,HDPE,79,Low,Low,No
F03112,Mango,Fresh Produce,78.48,0.0,0.45,4.3,High,11,10.2,78.48,Chilled,Refrigerated,Breathable_PE,38,High,High,Yes
F03113,Wheat Flour,Grain,13.58,1.28,13.78,6.32,Very_Low,182,24.5,51.85,Ambient,Long_Distance,HDPE,82,Low,Low,No
F03114,Ground Coffee,Beverage,1.6,16.55,13.28,4.73,Very_Low,357,26.0,59.1,Ambient,Long_Distance,High_Barrier_Laminate,91,Very_Low,Very_Low,No
F03115,Fish,Seafood,73.37,5.89,18.84,6.26,Very_Low,12,3.0,84.37,Chilled,Refrigerated,PA_PE_Vacuum,92,Low,Very_Low,Yes
F03116,Rice,Grain,12.29,0.0,6.78,6.43,Very_Low,403,25.4,55.62,Ambient,Long_Distance,HDPE,73,Low,Low,No
F03117,Ground Coffee,Beverage,0.0,15.64,13.33,5.08,Very_Low,371,25.8,77.91,Ambient,Long_Distance,High_Barrier_Laminate,85,Very_Low,Very_Low,No
F03118,Coffee Powder,Beverage,3.31,14.92,14.55,4.91,Very_Low,377,26.7,45.03,Ambient,Long_Distance,Metallized_PET_PE,88,Very_Low,Very_Low,No
F03119,Frozen Peas,Frozen Vegetable,81.7,0.91,5.57,6.34,Low,355,-18.1,95.55,Frozen,Long_Distance,PE_Film,73,Medium,Low,Yes
F03120,Coffee Powder,Beverage,0.4,15.49,14.58,5.14,Very_Low,371,25.3,64.35,Ambient,Long_Distance,Metallized_PET_PE,78,Very_Low,Very_Low,No
F03121,Cheese,Dairy,39.59,28.31,25.22,5.09,Very_Low,61,3.7,95.61,Chilled,Long_Distance,PA_PE_Vacuum,91,Low,Very_Low,Yes
F03122,Apple,Fresh Produce,82.21,0.0,0.0,3.36,High,65,5.5,82.86,Chilled,Refrigerated,Micro_Perforated_PE,35,High,High,Yes
F03123,Potato Chips,Snacks,2.02,31.54,6.43,6.44,Very_Low,181,26.2,64.17,Ambient,Normal,Metallized_PET_PE,87,Low,Very_Low,Yes
F03124,Fresh Chicken,Meat,72.99,9.46,23.85,5.72,Very_Low,4,4.7,86.04,Chilled,Refrigerated,PA_PE_Vacuum,90,Low,Very_Low,Yes
F03125,Peanuts,Nuts,6.89,45.99,24.61,6.29,Very_Low,177,24.4,61.13,Ambient,Long_Distance,Metallized_PET_PE,72,Very_Low,Very_Low,No
F03126,Coffee Powder,Beverage,5.07,14.79,13.68,4.92,Very_Low,405,26.2,59.92,Ambient,Long_Distance,Metallized_PET_PE,78,Very_Low,Very_Low,No
F03127,Fresh Chicken,Meat,73.49,8.74,24.06,5.6,Very_Low,1,3.5,95.93,Chilled,Normal,PA_PE_Vacuum,84,Low,Very_Low,Yes
F03128,Butter,Dairy,15.25,76.85,1.09,6.13,Very_Low,118,5.4,93.91,Chilled,Normal,Aluminum_Foil_Laminate,91,Very_Low,Very_Low,No
F03129,Wheat Flour,Grain,11.07,0.34,12.84,6.41,Very_Low,177,26.2,50.39,Ambient,Long_Distance,HDPE,82,Low,Low,No
F03130,Fish,Seafood,75.15,5.02,21.41,6.07,Very_Low,3,2.4,76.51,Chilled,Refrigerated,PA_PE_Vacuum,76,Low,Very_Low,Yes
F03131,Biscuits,Bakery,5.09,16.77,6.44,6.88,Very_Low,184,26.2,64.31,Ambient,Long_Distance,BOPP_PE,62,Low,Low,No
F03132,Carrot,Fresh Produce,90.24,0.31,0.71,5.86,High,26,4.8,91.55,Chilled,Long_Distance,Micro_Perforated_PE,33,High,High,Yes
F03133,Apple,Fresh Produce,87.92,1.71,0.5,3.61,High,62,6.8,79.31,Chilled,Normal,Micro_Perforated_PE,41,High,High,Yes
F03134,Fish,Seafood,69.13,4.26,20.68,6.27,Very_Low,14,1.8,69.68,Chilled,Refrigerated,PA_PE_Vacuum,99,Low,Very_Low,Yes
F03135,Butter,Dairy,15.56,80.24,0.76,6.33,Very_Low,114,3.9,80.69,Chilled,Refrigerated,Aluminum_Foil_Laminate,92,Very_Low,Very_Low,No
F03136,Peanuts,Nuts,4.93,52.0,23.34,6.43,Very_Low,182,23.8,49.64,Ambient,Normal,Metallized_PET_PE,75,Very_Low,Very_Low,No
F03137,Potato Chips,Snacks,2.78,29.44,5.45,6.34,Very_Low,185,24.7,57.93,Ambient,Normal,Metallized_PET_PE,86,Low,Very_Low,Yes
F03138,Onion,Vegetable,88.34,0.16,1.36,5.44,Low,127,20.7,59.36,Ambient,Long_Distance,Breathable_PP,54,High,Medium,Yes
F03139,Peanuts,Nuts,6.47,50.31,26.02,6.45,Very_Low,196,24.4,59.35,Ambient,Long_Distance,Metallized_PET_PE,80,Very_Low,Very_Low,No
F03140,Potato Chips,Snacks,1.56,31.19,4.86,6.25,Very_Low,182,23.7,63.69,Ambient,Long_Distance,Metallized_PET_PE,78,Low,Very_Low,Yes
F03141,Potato Chips,Snacks,0.0,28.48,5.85,6.11,Very_Low,199,24.0,53.85,Ambient,Normal,Metallized_PET_PE,74,Low,Very_Low,Yes
F03142,Cheese,Dairy,38.56,32.73,25.27,5.06,Very_Low,73,3.7,88.74,Chilled,Normal,PA_PE_Vacuum,84,Low,Very_Low,Yes
F03143,Potato Chips,Snacks,1.4,29.75,6.03,6.16,Very_Low,166,25.9,64.03,Ambient,Long_Distance,Metallized_PET_PE,71,Low,Very_Low,Yes
F03144,Peanuts,Nuts,8.44,47.3,25.02,6.61,Very_Low,168,25.5,51.5,Ambient,Normal,Metallized_PET_PE,76,Very_Low,Very_Low,No
F03145,Peanuts,Nuts,2.61,49.67,25.28,6.58,Very_Low,196,25.1,57.52,Ambient,Normal,Metallized_PET_PE,85,Very_Low,Very_Low,No
F03146,Rice,Grain,10.9,0.43,6.81,6.67,Very_Low,368,26.9,54.37,Ambient,Normal,HDPE,80,Low,Low,No
F03147,Bread,Bakery,38.9,3.03,8.57,5.36,Very_Low,10,26.1,74.51,Ambient,Long_Distance,LDPE_Bag,55,Medium,Medium,No
F03148,Milk Powder,Dairy,4.45,24.41,26.29,6.51,Very_Low,360,25.5,53.17,Ambient,Normal,Aluminum_Laminate,91,Very_Low,Very_Low,No
F03149,Fresh Chicken,Meat,69.83,9.98,24.18,5.64,Very_Low,2,3.9,95.72,Chilled,Normal,PA_PE_Vacuum,85,Low,Very_Low,Yes
F03150,Tomato,Fresh Produce,94.91,0.0,0.71,4.31,High,8,5.3,90.6,Chilled,Long_Distance,Micro_Perforated_PE,45,High,High,Yes
F03151,Milk Powder,Dairy,7.17,24.77,26.15,6.56,Very_Low,402,24.7,54.25,Ambient,Long_Distance,Aluminum_Laminate,95,Very_Low,Very_Low,No
F03152,Biscuits,Bakery,4.82,18.94,6.89,6.9,Very_Low,171,24.3,68.33,Ambient,Long_Distance,BOPP_PE,57,Low,Low,No
F03153,Apple,Fresh Produce,80.08,0.0,0.0,3.36,High,50,2.7,91.82,Chilled,Refrigerated,Micro_Perforated_PE,37,High,High,Yes
F03154,Cheese,Dairy,32.62,31.31,24.8,5.19,Very_Low,70,2.7,84.88,Chilled,Normal,PA_PE_Vacuum,99,Low,Very_Low,Yes
F03155,Mango,Fresh Produce,84.35,0.01,0.74,3.98,High,25,12.3,75.23,Chilled,Refrigerated,Breathable_PE,45,High,High,Yes
F03156,Potato Chips,Snacks,1.98,32.97,5.68,6.07,Very_Low,189,24.6,55.35,Ambient,Normal,Metallized_PET_PE,81,Low,Very_Low,Yes
F03157,Milk Powder,Dairy,3.4,26.11,26.21,6.66,Very_Low,350,24.0,56.61,Ambient,Long_Distance,Aluminum_Laminate,102,Very_Low,Very_Low,No
F03158,Butter,Dairy,17.67,79.62,0.87,6.42,Very_Low,108,5.7,81.43,Chilled,Refrigerated,Aluminum_Foil_Laminate,91,Very_Low,Very_Low,No
F03159,Onion,Vegetable,94.85,0.46,0.81,5.56,Low,133,19.6,58.37,Ambient,Normal,Breathable_PP,46,High,Medium,Yes
F03160,Milk Powder,Dairy,8.79,26.7,26.69,6.86,Very_Low,363,25.6,62.63,Ambient,Normal,Aluminum_Laminate,102,Very_Low,Very_Low,No
F03161,Onion,Vegetable,88.56,2.91,1.67,5.63,Low,105,21.6,62.01,Ambient,Normal,Breathable_PP,45,High,Medium,Yes
F03162,Bread,Bakery,39.52,3.15,8.91,5.51,Very_Low,7,25.9,52.01,Ambient,Normal,LDPE_Bag,51,Medium,Medium,No
F03163,Bread,Bakery,36.56,5.63,8.27,5.54,Very_Low,9,24.0,64.59,Ambient,Normal,LDPE_Bag,44,Medium,Medium,No
F03164,Coffee Powder,Beverage,0.0,16.26,14.31,5.2,Very_Low,357,26.4,68.06,Ambient,Long_Distance,Metallized_PET_PE,84,Very_Low,Very_Low,No
F03165,Carrot,Fresh Produce,88.01,0.0,0.94,5.94,High,22,5.6,74.46,Chilled,Refrigerated,Micro_Perforated_PE,36,High,High,Yes
F03166,Yogurt,Dairy,88.79,2.95,3.46,4.52,Very_Low,19,3.8,95.35,Chilled,Refrigerated,PP_Cup_Foil_Lid,45,Medium,Low,Yes
F03167,Butter,Dairy,14.3,78.71,1.56,6.28,Very_Low,108,3.1,81.11,Chilled,Refrigerated,Aluminum_Foil_Laminate,95,Very_Low,Very_Low,No
F03168,Yogurt,Dairy,86.97,2.47,4.2,4.2,Very_Low,29,3.5,84.57,Chilled,Normal,PP_Cup_Foil_Lid,49,Medium,Low,Yes
F03169,Cheese,Dairy,35.55,32.98,24.49,5.15,Very_Low,65,3.4,83.35,Chilled,Normal,PA_PE_Vacuum,87,Low,Very_Low,Yes
F03170,Bread,Bakery,36.91,4.32,8.93,5.63,Very_Low,2,26.2,70.71,Ambient,Long_Distance,LDPE_Bag,50,Medium,Medium,No
F03171,Fresh Chicken,Meat,69.96,6.78,23.41,5.77,Very_Low,9,3.6,83.22,Chilled,Normal,PA_PE_Vacuum,74,Low,Very_Low,Yes
F03172,Carrot,Fresh Produce,87.79,0.48,1.36,5.98,High,40,5.2,84.26,Chilled,Refrigerated,Micro_Perforated_PE,39,High,High,Yes
F03173,Carrot,Fresh Produce,89.9,0.08,1.28,5.94,High,19,5.1,80.16,Chilled,Refrigerated,Micro_Perforated_PE,44,High,High,Yes
F03174,Milk Powder,Dairy,2.64,26.41,24.72,6.5,Very_Low,350,24.6,58.96,Ambient,Normal,Aluminum_Laminate,103,Very_Low,Very_Low,No
F03175,Apple,Fresh Produce,84.64,0.76,0.96,3.78,High,73,5.3,94.45,Chilled,Refrigerated,Micro_Perforated_PE,37,High,High,Yes
F03176,Rice,Grain,6.88,0.57,6.43,6.45,Very_Low,384,24.7,76.34,Ambient,Normal,HDPE,83,Low,Low,No
F03177,Carrot,Fresh Produce,93.54,0.69,1.58,5.79,High,24,3.9,85.6,Chilled,Refrigerated,Micro_Perforated_PE,39,High,High,Yes
F03178,Onion,Vegetable,82.23,0.0,1.49,5.49,Low,117,20.0,55.53,Ambient,Normal,Breathable_PP,46,High,Medium,Yes
F03179,Wheat Flour,Grain,10.21,2.38,12.86,6.16,Very_Low,157,24.7,59.37,Ambient,Long_Distance,HDPE,76,Low,Low,No
F03180,Milk Powder,Dairy,2.95,26.32,25.64,6.55,Very_Low,358,25.2,57.88,Ambient,Normal,Aluminum_Laminate,104,Very_Low,Very_Low,No
F03181,Butter,Dairy,16.79,83.18,1.99,6.38,Very_Low,132,4.3,89.66,Chilled,Normal,Aluminum_Foil_Laminate,82,Very_Low,Very_Low,No
F03182,Potato Chips,Snacks,1.34,29.26,6.09,6.38,Very_Low,179,25.2,51.87,Ambient,Normal,Metallized_PET_PE,85,Low,Very_Low,Yes
F03183,Yogurt,Dairy,81.72,4.36,3.73,4.57,Very_Low,50,4.6,90.96,Chilled,Refrigerated,PP_Cup_Foil_Lid,44,Medium,Low,Yes
F03184,Tomato,Fresh Produce,94.34,0.68,0.63,4.18,High,10,5.0,75.36,Chilled,Refrigerated,Micro_Perforated_PE,30,High,High,Yes
F03185,Milk Powder,Dairy,2.11,25.31,25.63,6.55,Very_Low,402,26.3,59.14,Ambient,Normal,Aluminum_Laminate,95,Very_Low,Very_Low,No
F03186,Peanuts,Nuts,4.83,48.45,24.26,6.75,Very_Low,177,23.6,71.46,Ambient,Normal,Metallized_PET_PE,89,Very_Low,Very_Low,No
F03187,Potato Chips,Snacks,2.87,28.74,6.38,5.99,Very_Low,176,24.7,49.11,Ambient,Long_Distance,Metallized_PET_PE,83,Low,Very_Low,Yes
F03188,Milk Powder,Dairy,4.73,26.52,27.95,6.64,Very_Low,375,24.0,51.93,Ambient,Long_Distance,Aluminum_Laminate,100,Very_Low,Very_Low,No
F03189,Ground Coffee,Beverage,1.94,15.75,13.98,5.26,Very_Low,353,24.4,48.69,Ambient,Long_Distance,High_Barrier_Laminate,91,Very_Low,Very_Low,No
F03190,Onion,Vegetable,84.16,0.0,1.08,5.43,Low,111,18.7,62.05,Ambient,Long_Distance,Breathable_PP,52,High,Medium,Yes
F03191,Apple,Fresh Produce,85.75,0.0,0.6,3.29,High,56,5.7,74.63,Chilled,Normal,Micro_Perforated_PE,32,High,High,Yes
F03192,Ground Coffee,Beverage,2.97,15.02,14.39,5.02,Very_Low,353,24.8,61.63,Ambient,Long_Distance,High_Barrier_Laminate,99,Very_Low,Very_Low,No
F03193,Tomato,Fresh Produce,97.14,1.24,0.86,4.23,High,22,4.5,71.3,Chilled,Refrigerated,Micro_Perforated_PE,48,High,High,Yes
F03194,Ground Coffee,Beverage,3.17,13.97,13.99,5.09,Very_Low,371,25.6,71.76,Ambient,Long_Distance,High_Barrier_Laminate,92,Very_Low,Very_Low,No
F03195,Wheat Flour,Grain,10.74,1.57,13.83,6.27,Very_Low,177,25.1,51.06,Ambient,Long_Distance,HDPE,83,Low,Low,No
F03196,Coffee Powder,Beverage,7.27,13.72,14.51,4.96,Very_Low,338,24.3,71.84,Ambient,Long_Distance,Metallized_PET_PE,86,Very_Low,Very_Low,No
F03197,Mango,Fresh Produce,83.39,2.31,0.97,4.03,High,9,9.8,80.88,Chilled,Refrigerated,Breathable_PE,41,High,High,Yes
F03198,Tomato,Fresh Produce,96.91,1.5,1.43,4.51,High,24,5.7,90.47,Chilled,Normal,Micro_Perforated_PE,44,High,High,Yes
F03199,Fresh Chicken,Meat,70.51,6.28,24.74,5.91,Very_Low,1,4.3,80.13,Chilled,Long_Distance,PA_PE_Vacuum,89,Low,Very_Low,Yes
F03200,Peanuts,Nuts,4.05,49.9,25.2,6.49,Very_Low,198,23.3,74.79,Ambient,Long_Distance,Metallized_PET_PE,71,Very_Low,Very_Low,No
F03201,Frozen Peas,Frozen Vegetable,82.53,1.34,4.77,6.07,Low,382,-19.9,75.99,Frozen,Long_Distance,PE_Film,68,Medium,Low,Yes
F03202,Cheese,Dairy,38.98,33.88,24.53,5.29,Very_Low,56,4.2,87.42,Chilled,Normal,PA_PE_Vacuum,92,Low,Very_Low,Yes
F03203,Mango,Fresh Produce,80.49,1.0,0.58,4.15,High,28,11.2,94.14,Chilled,Normal,Breathable_PE,35,High,High,Yes
F03204,Tomato,Fresh Produce,87.07,0.46,1.24,4.34,High,6,5.4,80.76,Chilled,Refrigerated,Micro_Perforated_PE,36,High,High,Yes
F03205,Onion,Vegetable,89.41,1.03,1.68,5.72,Low,105,19.9,63.14,Ambient,Long_Distance,Breathable_PP,47,High,Medium,Yes
F03206,Onion,Vegetable,87.48,0.85,0.57,5.63,Low,116,20.7,61.92,Ambient,Long_Distance,Breathable_PP,46,High,Medium,Yes
F03207,Apple,Fresh Produce,88.2,0.0,0.0,3.47,High,60,4.3,69.83,Chilled,Normal,Micro_Perforated_PE,40,High,High,Yes
F03208,Tomato,Fresh Produce,91.08,0.0,0.97,4.21,High,20,5.3,93.26,Chilled,Normal,Micro_Perforated_PE,35,High,High,Yes
F03209,Frozen Peas,Frozen Vegetable,77.22,0.0,5.11,6.02,Low,380,-17.1,85.23,Frozen,Normal,PE_Film,72,Medium,Low,Yes
F03210,Frozen Peas,Frozen Vegetable,78.3,0.32,5.31,6.31,Low,370,-20.0,94.91,Frozen,Normal,PE_Film,75,Medium,Low,Yes
F03211,Bread,Bakery,35.07,2.22,8.91,5.34,Very_Low,8,25.5,43.81,Ambient,Long_Distance,LDPE_Bag,52,Medium,Medium,No
F03212,Butter,Dairy,17.71,81.26,0.66,6.47,Very_Low,110,3.8,64.53,Chilled,Normal,Aluminum_Foil_Laminate,89,Very_Low,Very_Low,No
F03213,Biscuits,Bakery,4.16,17.94,7.02,7.01,Very_Low,209,25.2,66.03,Ambient,Long_Distance,BOPP_PE,64,Low,Low,No
F03214,Milk Powder,Dairy,3.32,29.37,26.28,6.34,Very_Low,350,24.0,73.28,Ambient,Normal,Aluminum_Laminate,95,Very_Low,Very_Low,No
F03215,Milk Powder,Dairy,3.12,26.16,26.76,6.69,Very_Low,328,24.8,62.35,Ambient,Long_Distance,Aluminum_Laminate,104,Very_Low,Very_Low,No
F03216,Cheese,Dairy,37.1,33.58,25.42,5.18,Very_Low,65,3.8,94.82,Chilled,Refrigerated,PA_PE_Vacuum,89,Low,Very_Low,Yes
F03217,Fish,Seafood,77.87,3.64,19.53,6.19,Very_Low,11,2.1,71.89,Chilled,Refrigerated,PA_PE_Vacuum,95,Low,Very_Low,Yes
F03218,Ground Coffee,Beverage,6.0,13.29,13.62,5.15,Very_Low,344,23.4,59.36,Ambient,Normal,High_Barrier_Laminate,95,Very_Low,Very_Low,No
F03219,Tomato,Fresh Produce,95.32,0.93,0.63,4.47,High,5,4.5,87.87,Chilled,Long_Distance,Micro_Perforated_PE,44,High,High,Yes
F03220,Tomato,Fresh Produce,92.28,0.01,1.86,4.41,High,5,5.0,83.87,Chilled,Normal,Micro_Perforated_PE,43,High,High,Yes
F03221,Tomato,Fresh Produce,98.06,2.72,0.71,4.27,High,12,5.3,84.88,Chilled,Long_Distance,Micro_Perforated_PE,43,High,High,Yes
F03222,Peanuts,Nuts,4.33,47.43,24.08,6.33,Very_Low,182,24.2,61.26,Ambient,Long_Distance,Metallized_PET_PE,73,Very_Low,Very_Low,No
F03223,Fish,Seafood,73.55,5.22,19.06,5.96,Very_Low,1,1.6,95.07,Chilled,Normal,PA_PE_Vacuum,95,Low,Very_Low,Yes
F03224,Cheese,Dairy,35.41,30.83,24.91,5.2,Very_Low,64,4.6,94.86,Chilled,Long_Distance,PA_PE_Vacuum,84,Low,Very_Low,Yes
F03225,Tomato,Fresh Produce,97.33,1.19,0.73,4.4,High,15,5.5,83.37,Chilled,Refrigerated,Micro_Perforated_PE,45,High,High,Yes
F03226,Tomato,Fresh Produce,90.08,0.0,0.79,4.58,High,17,5.0,70.86,Chilled,Normal,Micro_Perforated_PE,39,High,High,Yes
F03227,Apple,Fresh Produce,86.99,0.63,0.24,3.42,High,59,4.4,79.02,Chilled,Refrigerated,Micro_Perforated_PE,48,High,High,Yes
F03228,Fish,Seafood,74.48,5.81,20.17,6.23,Very_Low,1,0.4,80.34,Chilled,Long_Distance,PA_PE_Vacuum,89,Low,Very_Low,Yes
F03229,Apple,Fresh Produce,87.52,0.22,0.17,3.36,High,55,4.8,84.27,Chilled,Long_Distance,Micro_Perforated_PE,39,High,High,Yes
F03230,Peanuts,Nuts,7.56,49.14,25.58,6.26,Very_Low,187,24.5,65.51,Ambient,Normal,Metallized_PET_PE,85,Very_Low,Very_Low,No
F03231,Biscuits,Bakery,3.01,17.8,6.46,6.81,Very_Low,168,24.6,55.63,Ambient,Long_Distance,BOPP_PE,60,Low,Low,No
F03232,Potato Chips,Snacks,3.57,32.78,6.32,6.06,Very_Low,192,26.2,60.58,Ambient,Long_Distance,Metallized_PET_PE,71,Low,Very_Low,Yes
F03233,Fish,Seafood,77.62,3.41,19.85,6.32,Very_Low,6,0.5,72.63,Chilled,Normal,PA_PE_Vacuum,86,Low,Very_Low,Yes
F03234,Fish,Seafood,74.35,5.53,19.34,6.36,Very_Low,1,1.3,73.81,Chilled,Normal,PA_PE_Vacuum,86,Low,Very_Low,Yes
F03235,Fish,Seafood,73.73,4.95,20.81,6.12,Very_Low,10,1.8,81.64,Chilled,Normal,PA_PE_Vacuum,83,Low,Very_Low,Yes
F03236,Apple,Fresh Produce,85.32,0.0,0.0,3.4,High,60,5.1,82.37,Chilled,Long_Distance,Micro_Perforated_PE,44,High,High,Yes
F03237,Milk Powder,Dairy,3.54,23.21,24.83,6.44,Very_Low,365,25.7,70.66,Ambient,Normal,Aluminum_Laminate,103,Very_Low,Very_Low,No
F03238,Frozen Peas,Frozen Vegetable,84.76,0.0,5.49,6.2,Low,408,-16.0,71.99,Frozen,Normal,PE_Film,65,Medium,Low,Yes
F03239,Coffee Powder,Beverage,3.13,14.97,13.73,4.9,Very_Low,317,24.9,60.33,Ambient,Long_Distance,Metallized_PET_PE,73,Very_Low,Very_Low,No
F03240,Tomato,Fresh Produce,91.11,0.45,1.28,4.25,High,18,4.9,74.42,Chilled,Refrigerated,Micro_Perforated_PE,32,High,High,Yes
F03241,Yogurt,Dairy,89.55,3.66,3.87,4.39,Very_Low,32,2.6,85.66,Chilled,Long_Distance,PP_Cup_Foil_Lid,49,Medium,Low,Yes
F03242,Rice,Grain,12.07,0.0,6.54,6.58,Very_Low,402,25.7,62.09,Ambient,Long_Distance,HDPE,89,Low,Low,No
F03243,Mango,Fresh Produce,81.98,2.2,0.87,4.01,High,25,9.9,82.17,Chilled,Refrigerated,Breathable_PE,40,High,High,Yes
F03244,Milk Powder,Dairy,1.63,24.93,25.7,6.68,Very_Low,351,23.8,58.05,Ambient,Long_Distance,Aluminum_Laminate,111,Very_Low,Very_Low,No
F03245,Rice,Grain,10.07,1.42,7.05,6.65,Very_Low,367,24.2,54.65,Ambient,Long_Distance,HDPE,78,Low,Low,No
F03246,Butter,Dairy,17.08,80.56,0.45,5.99,Very_Low,123,3.5,85.4,Chilled,Long_Distance,Aluminum_Foil_Laminate,96,Very_Low,Very_Low,No
F03247,Cheese,Dairy,34.77,33.28,23.97,5.22,Very_Low,58,3.1,88.54,Chilled,Normal,PA_PE_Vacuum,88,Low,Very_Low,Yes
F03248,Fresh Chicken,Meat,74.58,7.86,23.11,5.88,Very_Low,2,4.8,83.22,Chilled,Refrigerated,PA_PE_Vacuum,97,Low,Very_Low,Yes
F03249,Biscuits,Bakery,1.68,17.08,7.17,7.04,Very_Low,169,25.4,46.09,Ambient,Normal,BOPP_PE,61,Low,Low,No
F03250,Fresh Chicken,Meat,72.03,7.87,21.9,6.02,Very_Low,1,4.4,81.85,Chilled,Refrigerated,PA_PE_Vacuum,94,Low,Very_Low,Yes
F03251,Milk Powder,Dairy,0.17,24.17,25.9,6.45,Very_Low,383,25.6,43.42,Ambient,Long_Distance,Aluminum_Laminate,107,Very_Low,Very_Low,No
F03252,Potato Chips,Snacks,0.4,29.36,5.53,6.26,Very_Low,194,27.1,65.66,Ambient,Normal,Metallized_PET_PE,86,Low,Very_Low,Yes
F03253,Cheese,Dairy,38.89,31.02,25.83,5.2,Very_Low,56,3.5,79.09,Chilled,Refrigerated,PA_PE_Vacuum,87,Low,Very_Low,Yes
F03254,Potato Chips,Snacks,0.0,27.62,5.38,6.15,Very_Low,183,24.6,58.15,Ambient,Long_Distance,Metallized_PET_PE,86,Low,Very_Low,Yes
F03255,Biscuits,Bakery,5.01,17.91,7.01,6.88,Very_Low,173,24.9,72.23,Ambient,Long_Distance,BOPP_PE,64,Low,Low,No
F03256,Ground Coffee,Beverage,1.87,14.75,14.85,5.07,Very_Low,401,24.3,63.43,Ambient,Long_Distance,High_Barrier_Laminate,94,Very_Low,Very_Low,No
F03257,Carrot,Fresh Produce,86.02,0.56,0.41,6.11,High,22,5.7,93.72,Chilled,Normal,Micro_Perforated_PE,38,High,High,Yes
F03258,Milk Powder,Dairy,6.46,25.74,24.76,6.62,Very_Low,387,26.0,66.63,Ambient,Normal,Aluminum_Laminate,106,Very_Low,Very_Low,No
F03259,Carrot,Fresh Produce,86.12,0.0,0.96,5.87,High,38,3.5,77.65,Chilled,Normal,Micro_Perforated_PE,35,High,High,Yes
F03260,Butter,Dairy,17.43,80.51,1.06,6.03,Very_Low,136,5.2,84.02,Chilled,Refrigerated,Aluminum_Foil_Laminate,95,Very_Low,Very_Low,No
F03261,Carrot,Fresh Produce,90.57,0.1,0.63,5.93,High,32,5.1,82.95,Chilled,Long_Distance,Micro_Perforated_PE,46,High,High,Yes
F03262,Mango,Fresh Produce,76.36,0.0,1.09,4.11,High,12,10.1,93.75,Chilled,Normal,Breathable_PE,37,High,High,Yes
F03263,Apple,Fresh Produce,85.04,0.0,0.0,3.76,High,57,5.7,93.47,Chilled,Refrigerated,Micro_Perforated_PE,35,High,High,Yes
F03264,Biscuits,Bakery,2.7,19.07,6.59,7.21,Very_Low,187,23.7,69.38,Ambient,Normal,BOPP_PE,68,Low,Low,No
F03265,Rice,Grain,10.99,0.15,7.73,6.51,Very_Low,368,24.8,51.12,Ambient,Long_Distance,HDPE,81,Low,Low,No
F03266,Ground Coffee,Beverage,3.34,14.74,14.43,4.96,Very_Low,392,24.3,44.43,Ambient,Long_Distance,High_Barrier_Laminate,94,Very_Low,Very_Low,No
F03267,Fish,Seafood,72.7,3.72,19.17,6.57,Very_Low,2,2.1,92.19,Chilled,Refrigerated,PA_PE_Vacuum,82,Low,Very_Low,Yes
F03268,Rice,Grain,13.04,1.85,7.2,6.61,Very_Low,346,25.0,56.87,Ambient,Long_Distance,HDPE,77,Low,Low,No
F03269,Tomato,Fresh Produce,98.85,0.0,1.28,4.32,High,13,6.0,95.67,Chilled,Long_Distance,Micro_Perforated_PE,44,High,High,Yes
F03270,Coffee Powder,Beverage,3.39,16.09,14.88,5.1,Very_Low,378,24.6,49.17,Ambient,Normal,Metallized_PET_PE,80,Very_Low,Very_Low,No
F03271,Tomato,Fresh Produce,95.38,0.0,0.64,4.02,High,23,6.9,94.88,Chilled,Refrigerated,Micro_Perforated_PE,42,High,High,Yes
F03272,Peanuts,Nuts,4.45,49.48,24.65,6.43,Very_Low,182,23.9,50.31,Ambient,Normal,Metallized_PET_PE,81,Very_Low,Very_Low,No
F03273,Cheese,Dairy,33.96,33.93,23.46,5.16,Very_Low,56,3.4,89.31,Chilled,Normal,PA_PE_Vacuum,89,Low,Very_Low,Yes
F03274,Fresh Chicken,Meat,68.18,7.17,23.55,5.78,Very_Low,5,4.8,89.95,Chilled,Long_Distance,PA_PE_Vacuum,98,Low,Very_Low,Yes
F03275,Apple,Fresh Produce,91.75,0.0,0.31,3.61,High,75,4.8,85.44,Chilled,Long_Distance,Micro_Perforated_PE,30,High,High,Yes
F03276,Onion,Vegetable,96.59,1.15,1.58,5.57,Low,113,19.7,57.73,Ambient,Normal,Breathable_PP,48,High,Medium,Yes
F03277,Apple,Fresh Produce,83.03,0.28,0.23,3.58,High,60,3.3,71.72,Chilled,Long_Distance,Micro_Perforated_PE,38,High,High,Yes
F03278,Onion,Vegetable,87.76,0.54,1.06,5.47,Low,125,19.5,78.96,Ambient,Long_Distance,Breathable_PP,56,High,Medium,Yes
F03279,Potato Chips,Snacks,1.47,30.37,5.79,6.01,Very_Low,186,25.6,63.14,Ambient,Normal,Metallized_PET_PE,70,Low,Very_Low,Yes
F03280,Onion,Vegetable,87.89,0.0,1.21,5.63,Low,118,21.0,78.54,Ambient,Long_Distance,Breathable_PP,57,High,Medium,Yes
F03281,Ground Coffee,Beverage,3.89,14.84,13.1,5.12,Very_Low,367,22.9,54.45,Ambient,Long_Distance,High_Barrier_Laminate,87,Very_Low,Very_Low,No
F03282,Biscuits,Bakery,4.85,17.06,7.21,7.1,Very_Low,195,24.5,70.13,Ambient,Long_Distance,BOPP_PE,62,Low,Low,No
F03283,Biscuits,Bakery,0.0,18.96,7.17,7.04,Very_Low,184,26.4,63.35,Ambient,Long_Distance,BOPP_PE,63,Low,Low,No
F03284,Mango,Fresh Produce,84.94,0.58,0.88,3.96,High,28,8.5,92.43,Chilled,Normal,Breathable_PE,40,High,High,Yes
F03285,Ground Coffee,Beverage,2.48,14.14,13.75,5.03,Very_Low,364,23.8,64.77,Ambient,Normal,High_Barrier_Laminate,94,Very_Low,Very_Low,No
F03286,Apple,Fresh Produce,85.89,0.14,0.0,3.58,High,63,3.9,88.88,Chilled,Long_Distance,Micro_Perforated_PE,38,High,High,Yes
F03287,Carrot,Fresh Produce,90.48,0.0,0.78,5.75,High,34,3.9,79.11,Chilled,Long_Distance,Micro_Perforated_PE,50,High,High,Yes
F03288,Biscuits,Bakery,6.61,18.71,6.59,6.99,Very_Low,183,25.4,49.82,Ambient,Normal,BOPP_PE,66,Low,Low,No
F03289,Peanuts,Nuts,6.89,47.2,23.93,6.69,Very_Low,190,26.4,57.97,Ambient,Normal,Metallized_PET_PE,90,Very_Low,Very_Low,No
F03290,Onion,Vegetable,86.17,0.4,0.94,5.61,Low,120,19.7,61.45,Ambient,Long_Distance,Breathable_PP,44,High,Medium,Yes
F03291,Mango,Fresh Produce,83.1,1.84,1.6,3.94,High,17,8.6,90.0,Chilled,Refrigerated,Breathable_PE,36,High,High,Yes
F03292,Peanuts,Nuts,0.44,47.94,26.04,6.64,Very_Low,165,24.6,55.53,Ambient,Long_Distance,Metallized_PET_PE,83,Very_Low,Very_Low,No
F03293,Potato Chips,Snacks,2.0,29.45,4.59,6.11,Very_Low,187,25.5,69.96,Ambient,Long_Distance,Metallized_PET_PE,82,Low,Very_Low,Yes
F03294,Onion,Vegetable,88.14,0.0,1.27,5.59,Low,121,20.1,62.57,Ambient,Normal,Breathable_PP,53,High,Medium,Yes
F03295,Milk Powder,Dairy,3.89,27.16,23.81,6.63,Very_Low,403,24.8,68.21,Ambient,Normal,Aluminum_Laminate,106,Very_Low,Very_Low,No
F03296,Mango,Fresh Produce,90.43,0.0,0.98,4.03,High,30,10.1,94.98,Chilled,Refrigerated,Breathable_PE,42,High,High,Yes
F03297,Peanuts,Nuts,3.43,49.28,25.54,6.52,Very_Low,200,25.3,71.37,Ambient,Normal,Metallized_PET_PE,80,Very_Low,Very_Low,No
F03298,Rice,Grain,11.28,0.2,8.19,6.44,Very_Low,381,25.1,59.09,Ambient,Long_Distance,HDPE,77,Low,Low,No
F03299,Yogurt,Dairy,82.98,2.96,3.77,4.23,Very_Low,25,2.7,89.55,Chilled,Refrigerated,PP_Cup_Foil_Lid,44,Medium,Low,Yes
F03300,Milk Powder,Dairy,3.75,24.32,26.03,6.52,Very_Low,347,24.8,62.58,Ambient,Long_Distance,Aluminum_Laminate,94,Very_Low,Very_Low,No
F03301,Wheat Flour,Grain,14.28,2.26,14.05,5.72,Very_Low,186,24.5,57.52,Ambient,Long_Distance,HDPE,82,Low,Low,No
F03302,Fresh Chicken,Meat,72.07,7.23,22.52,5.64,Very_Low,1,3.6,93.53,Chilled,Refrigerated,PA_PE_Vacuum,89,Low,Very_Low,Yes
F03303,Fish,Seafood,75.94,6.28,20.33,6.29,Very_Low,7,1.9,88.19,Chilled,Normal,PA_PE_Vacuum,84,Low,Very_Low,Yes
F03304,Biscuits,Bakery,1.87,16.88,6.92,6.92,Very_Low,189,25.2,73.27,Ambient,Normal,BOPP_PE,59,Low,Low,No
F03305,Yogurt,Dairy,89.7,3.98,4.08,4.32,Very_Low,45,3.5,81.77,Chilled,Normal,PP_Cup_Foil_Lid,55,Medium,Low,Yes
F03306,Wheat Flour,Grain,9.25,0.74,13.07,5.95,Very_Low,173,26.1,56.06,Ambient,Long_Distance,HDPE,84,Low,Low,No
F03307,Wheat Flour,Grain,10.99,0.99,12.53,5.96,Very_Low,173,24.8,62.18,Ambient,Normal,HDPE,70,Low,Low,No
F03308,Ground Coffee,Beverage,6.46,14.99,14.04,5.15,Very_Low,364,24.7,70.18,Ambient,Long_Distance,High_Barrier_Laminate,93,Very_Low,Very_Low,No
F03309,Frozen Peas,Frozen Vegetable,78.37,0.0,5.3,5.99,Low,374,-19.6,84.76,Frozen,Normal,PE_Film,75,Medium,Low,Yes
F03310,Potato Chips,Snacks,1.94,28.33,6.91,6.02,Very_Low,174,24.9,76.79,Ambient,Normal,Metallized_PET_PE,84,Low,Very_Low,Yes
F03311,Fish,Seafood,74.13,4.15,20.86,6.18,Very_Low,1,0.7,90.11,Chilled,Refrigerated,PA_PE_Vacuum,94,Low,Very_Low,Yes
F03312,Peanuts,Nuts,3.95,51.4,25.48,6.57,Very_Low,199,25.2,57.9,Ambient,Normal,Metallized_PET_PE,85,Very_Low,Very_Low,No
F03313,Frozen Peas,Frozen Vegetable,75.23,0.27,4.3,6.16,Low,376,-18.7,86.85,Frozen,Long_Distance,PE_Film,66,Medium,Low,Yes
F03314,Potato Chips,Snacks,1.5,31.12,6.87,6.0,Very_Low,189,28.6,60.35,Ambient,Long_Distance,Metallized_PET_PE,73,Low,Very_Low,Yes
F03315,Mango,Fresh Produce,82.17,0.1,0.0,4.13,High,26,8.8,71.69,Chilled,Refrigerated,Breathable_PE,39,High,High,Yes
F03316,Biscuits,Bakery,1.45,18.1,6.06,6.97,Very_Low,184,26.3,48.75,Ambient,Normal,BOPP_PE,65,Low,Low,No
F03317,Frozen Peas,Frozen Vegetable,76.1,1.34,4.51,6.17,Low,367,-19.4,85.82,Frozen,Long_Distance,PE_Film,65,Medium,Low,Yes
F03318,Tomato,Fresh Produce,92.38,0.85,0.99,4.24,High,15,5.6,80.67,Chilled,Refrigerated,Micro_Perforated_PE,38,High,High,Yes
F03319,Coffee Powder,Beverage,2.35,14.2,14.2,5.05,Very_Low,354,26.2,46.2,Ambient,Normal,Metallized_PET_PE,71,Very_Low,Very_Low,No
F03320,Apple,Fresh Produce,90.64,0.0,0.84,3.38,High,62,5.3,70.43,Chilled,Normal,Micro_Perforated_PE,37,High,High,Yes
F03321,Potato Chips,Snacks,2.44,28.03,5.59,5.94,Very_Low,191,24.9,60.44,Ambient,Normal,Metallized_PET_PE,78,Low,Very_Low,Yes
F03322,Coffee Powder,Beverage,2.18,14.7,13.86,5.1,Very_Low,358,25.0,65.53,Ambient,Long_Distance,Metallized_PET_PE,73,Very_Low,Very_Low,No
F03323,Ground Coffee,Beverage,1.11,13.58,13.16,4.93,Very_Low,341,24.0,63.03,Ambient,Normal,High_Barrier_Laminate,93,Very_Low,Very_Low,No
F03324,Mango,Fresh Produce,87.0,0.25,1.47,4.05,High,26,10.6,95.0,Chilled,Refrigerated,Breathable_PE,42,High,High,Yes
F03325,Fresh Chicken,Meat,71.47,9.4,23.05,5.76,Very_Low,5,3.9,83.33,Chilled,Refrigerated,PA_PE_Vacuum,89,Low,Very_Low,Yes
F03326,Wheat Flour,Grain,11.59,0.43,14.03,6.04,Very_Low,200,25.8,65.52,Ambient,Long_Distance,HDPE,76,Low,Low,No
F03327,Yogurt,Dairy,90.23,1.63,4.2,4.52,Very_Low,31,3.6,91.6,Chilled,Refrigerated,PP_Cup_Foil_Lid,42,Medium,Low,Yes
F03328,Yogurt,Dairy,88.96,3.6,3.96,4.48,Very_Low,31,3.7,85.55,Chilled,Long_Distance,PP_Cup_Foil_Lid,54,Medium,Low,Yes
F03329,Fish,Seafood,75.02,2.21,20.8,6.11,Very_Low,5,1.4,85.33,Chilled,Long_Distance,PA_PE_Vacuum,89,Low,Very_Low,Yes
F03330,Tomato,Fresh Produce,96.15,0.62,0.28,4.21,High,10,5.3,88.47,Chilled,Normal,Micro_Perforated_PE,36,High,High,Yes
F03331,Milk Powder,Dairy,2.73,27.37,26.02,6.44,Very_Low,338,25.8,56.6,Ambient,Normal,Aluminum_Laminate,100,Very_Low,Very_Low,No
F03332,Carrot,Fresh Produce,88.51,0.0,0.82,6.05,High,24,4.7,94.5,Chilled,Normal,Micro_Perforated_PE,29,High,High,Yes
F03333,Cheese,Dairy,37.87,31.22,24.78,5.19,Very_Low,56,3.4,85.98,Chilled,Refrigerated,PA_PE_Vacuum,90,Low,Very_Low,Yes
F03334,Fish,Seafood,78.1,5.61,18.96,5.95,Very_Low,1,3.4,90.38,Chilled,Normal,PA_PE_Vacuum,83,Low,Very_Low,Yes
F03335,Butter,Dairy,17.76,80.56,0.98,6.31,Very_Low,139,4.1,72.36,Chilled,Refrigerated,Aluminum_Foil_Laminate,91,Very_Low,Very_Low,No
F03336,Mango,Fresh Produce,84.07,1.19,0.15,3.9,High,22,10.4,82.07,Chilled,Refrigerated,Breathable_PE,38,High,High,Yes
F03337,Coffee Powder,Beverage,0.71,14.06,12.92,5.09,Very_Low,364,25.0,56.02,Ambient,Normal,Metallized_PET_PE,77,Very_Low,Very_Low,No
F03338,Fish,Seafood,74.2,7.05,19.83,6.42,Very_Low,1,3.2,87.45,Chilled,Long_Distance,PA_PE_Vacuum,91,Low,Very_Low,Yes
F03339,Potato Chips,Snacks,1.17,32.76,6.49,6.07,Very_Low,181,24.7,58.08,Ambient,Normal,Metallized_PET_PE,75,Low,Very_Low,Yes
F03340,Peanuts,Nuts,7.12,49.32,23.2,6.65,Very_Low,175,25.5,64.13,Ambient,Long_Distance,Metallized_PET_PE,72,Very_Low,Very_Low,No
F03341,Milk Powder,Dairy,4.84,27.92,26.88,6.61,Very_Low,353,24.9,74.44,Ambient,Long_Distance,Aluminum_Laminate,106,Very_Low,Very_Low,No
F03342,Tomato,Fresh Produce,96.05,1.28,1.44,4.44,High,22,4.9,95.96,Chilled,Normal,Micro_Perforated_PE,39,High,High,Yes
F03343,Fresh Chicken,Meat,71.22,8.53,22.48,5.68,Very_Low,5,3.2,78.04,Chilled,Normal,PA_PE_Vacuum,91,Low,Very_Low,Yes
F03344,Tomato,Fresh Produce,95.84,0.0,1.34,4.32,High,13,5.2,80.69,Chilled,Normal,Micro_Perforated_PE,39,High,High,Yes
F03345,Wheat Flour,Grain,12.99,0.92,12.07,5.95,Very_Low,200,25.2,82.71,Ambient,Long_Distance,HDPE,71,Low,Low,No
F03346,Peanuts,Nuts,6.17,49.14,24.17,6.5,Very_Low,202,24.2,66.91,Ambient,Normal,Metallized_PET_PE,74,Very_Low,Very_Low,No
F03347,Ground Coffee,Beverage,1.65,13.53,14.83,5.13,Very_Low,387,25.5,62.52,Ambient,Normal,High_Barrier_Laminate,100,Very_Low,Very_Low,No
F03348,Butter,Dairy,13.64,81.38,1.21,6.31,Very_Low,121,4.8,83.72,Chilled,Long_Distance,Aluminum_Foil_Laminate,100,Very_Low,Very_Low,No
F03349,Yogurt,Dairy,88.42,1.85,3.78,4.48,Very_Low,47,5.7,71.14,Chilled,Long_Distance,PP_Cup_Foil_Lid,53,Medium,Low,Yes
F03350,Cheese,Dairy,37.58,32.59,23.79,5.16,Very_Low,58,5.6,94.07,Chilled,Long_Distance,PA_PE_Vacuum,85,Low,Very_Low,Yes
F03351,Frozen Peas,Frozen Vegetable,76.84,1.39,5.1,6.2,Low,379,-18.6,87.75,Frozen,Long_Distance,PE_Film,75,Medium,Low,Yes
F03352,Cheese,Dairy,36.92,35.74,25.89,5.38,Very_Low,57,2.9,89.77,Chilled,Normal,PA_PE_Vacuum,88,Low,Very_Low,Yes
F03353,Peanuts,Nuts,6.06,46.64,23.67,6.24,Very_Low,169,24.2,61.46,Ambient,Long_Distance,Metallized_PET_PE,74,Very_Low,Very_Low,No
F03354,Mango,Fresh Produce,81.76,0.8,0.73,3.96,High,19,9.4,89.96,Chilled,Normal,Breathable_PE,29,High,High,Yes
F03355,Cheese,Dairy,37.53,32.73,25.31,4.99,Very_Low,73,5.1,89.37,Chilled,Normal,PA_PE_Vacuum,83,Low,Very_Low,Yes
F03356,Onion,Vegetable,87.93,0.03,1.63,5.29,Low,114,21.6,57.61,Ambient,Normal,Breathable_PP,50,High,Medium,Yes
F03357,Potato Chips,Snacks,2.19,32.15,6.32,6.13,Very_Low,180,25.4,62.91,Ambient,Long_Distance,Metallized_PET_PE,74,Low,Very_Low,Yes
F03358,Fish,Seafood,74.93,6.03,19.71,6.19,Very_Low,10,1.9,83.52,Chilled,Refrigerated,PA_PE_Vacuum,87,Low,Very_Low,Yes
F03359,Bread,Bakery,39.39,2.05,8.01,5.65,Very_Low,1,24.9,55.78,Ambient,Long_Distance,LDPE_Bag,49,Medium,Medium,No
F03360,Mango,Fresh Produce,87.64,0.49,0.94,3.71,High,13,10.3,75.34,Chilled,Normal,Breathable_PE,45,High,High,Yes
F03361,Tomato,Fresh Produce,92.88,1.51,0.43,4.37,High,6,6.3,91.05,Chilled,Refrigerated,Micro_Perforated_PE,45,High,High,Yes
F03362,Milk Powder,Dairy,3.0,25.27,26.9,6.72,Very_Low,363,24.4,59.03,Ambient,Normal,Aluminum_Laminate,99,Very_Low,Very_Low,No
F03363,Tomato,Fresh Produce,94.91,0.27,0.85,4.23,High,6,4.5,81.13,Chilled,Refrigerated,Micro_Perforated_PE,32,High,High,Yes
F03364,Carrot,Fresh Produce,80.95,0.0,1.3,6.18,High,39,5.5,91.81,Chilled,Long_Distance,Micro_Perforated_PE,47,High,High,Yes
F03365,Wheat Flour,Grain,12.0,2.99,13.84,6.17,Very_Low,183,24.6,53.9,Ambient,Normal,HDPE,76,Low,Low,No
F03366,Tomato,Fresh Produce,98.74,0.0,0.44,4.04,High,9,5.6,94.92,Chilled,Refrigerated,Micro_Perforated_PE,42,High,High,Yes
F03367,Coffee Powder,Beverage,2.18,15.32,13.01,4.58,Very_Low,384,26.4,50.36,Ambient,Long_Distance,Metallized_PET_PE,83,Very_Low,Very_Low,No
F03368,Fresh Chicken,Meat,73.81,7.48,24.86,5.88,Very_Low,2,5.5,79.62,Chilled,Long_Distance,PA_PE_Vacuum,90,Low,Very_Low,Yes
F03369,Apple,Fresh Produce,85.09,0.41,0.77,3.48,High,66,5.1,83.34,Chilled,Long_Distance,Micro_Perforated_PE,44,High,High,Yes
F03370,Biscuits,Bakery,4.51,19.41,6.97,6.97,Very_Low,185,23.9,69.65,Ambient,Normal,BOPP_PE,62,Low,Low,No
F03371,Cheese,Dairy,39.04,31.74,25.12,5.25,Very_Low,49,4.8,88.0,Chilled,Long_Distance,PA_PE_Vacuum,94,Low,Very_Low,Yes
F03372,Onion,Vegetable,91.8,0.37,1.13,5.5,Low,123,18.9,62.61,Ambient,Normal,Breathable_PP,64,High,Medium,Yes
F03373,Wheat Flour,Grain,8.91,1.94,13.04,6.02,Very_Low,199,24.6,36.12,Ambient,Long_Distance,HDPE,77,Low,Low,No
F03374,Fresh Chicken,Meat,70.94,8.03,22.77,5.74,Very_Low,10,3.4,86.55,Chilled,Refrigerated,PA_PE_Vacuum,77,Low,Very_Low,Yes
F03375,Carrot,Fresh Produce,87.42,0.2,0.43,6.05,High,23,5.5,74.36,Chilled,Normal,Micro_Perforated_PE,41,High,High,Yes
F03376,Coffee Powder,Beverage,3.24,16.38,14.16,4.94,Very_Low,395,25.2,52.73,Ambient,Long_Distance,Metallized_PET_PE,90,Very_Low,Very_Low,No
F03377,Milk Powder,Dairy,4.85,25.12,25.99,6.93,Very_Low,361,24.1,56.18,Ambient,Normal,Aluminum_Laminate,94,Very_Low,Very_Low,No
F03378,Yogurt,Dairy,85.9,2.49,3.15,4.39,Very_Low,34,4.4,86.69,Chilled,Long_Distance,PP_Cup_Foil_Lid,50,Medium,Low,Yes
F03379,Ground Coffee,Beverage,2.65,14.73,15.26,4.97,Very_Low,387,24.4,44.96,Ambient,Long_Distance,High_Barrier_Laminate,94,Very_Low,Very_Low,No
F03380,Fish,Seafood,75.74,4.57,19.94,6.18,Very_Low,3,1.8,81.79,Chilled,Refrigerated,PA_PE_Vacuum,83,Low,Very_Low,Yes
F03381,Tomato,Fresh Produce,96.63,3.26,1.02,4.19,High,21,5.8,82.07,Chilled,Long_Distance,Micro_Perforated_PE,48,High,High,Yes
F03382,Peanuts,Nuts,6.85,48.07,23.94,6.42,Very_Low,167,24.7,62.74,Ambient,Long_Distance,Metallized_PET_PE,72,Very_Low,Very_Low,No
F03383,Milk Powder,Dairy,2.7,24.85,25.22,6.65,Very_Low,352,25.5,58.81,Ambient,Normal,Aluminum_Laminate,105,Very_Low,Very_Low,No
F03384,Potato Chips,Snacks,0.0,27.53,5.32,6.2,Very_Low,196,26.7,65.71,Ambient,Normal,Metallized_PET_PE,86,Low,Very_Low,Yes
F03385,Milk Powder,Dairy,4.47,26.17,25.6,6.37,Very_Low,352,25.8,79.71,Ambient,Normal,Aluminum_Laminate,95,Very_Low,Very_Low,No
F03386,Butter,Dairy,17.15,82.22,0.87,6.47,Very_Low,118,3.5,88.58,Chilled,Normal,Aluminum_Foil_Laminate,81,Very_Low,Very_Low,No
F03387,Frozen Peas,Frozen Vegetable,76.96,1.7,5.3,6.16,Low,386,-16.9,79.03,Frozen,Long_Distance,PE_Film,68,Medium,Low,Yes
F03388,Tomato,Fresh Produce,90.63,0.0,0.99,4.23,High,13,6.1,93.2,Chilled,Normal,Micro_Perforated_PE,36,High,High,Yes
F03389,Wheat Flour,Grain,12.73,1.02,13.56,6.05,Very_Low,192,25.6,48.54,Ambient,Normal,HDPE,82,Low,Low,No
F03390,Tomato,Fresh Produce,90.04,0.0,0.86,4.32,High,25,5.8,89.75,Chilled,Refrigerated,Micro_Perforated_PE,39,High,High,Yes
F03391,Wheat Flour,Grain,12.06,2.53,14.11,6.18,Very_Low,173,25.5,57.45,Ambient,Long_Distance,HDPE,89,Low,Low,No
F03392,Butter,Dairy,16.63,80.9,1.03,6.05,Very_Low,111,3.2,84.7,Chilled,Long_Distance,Aluminum_Foil_Laminate,98,Very_Low,Very_Low,No
F03393,Milk Powder,Dairy,3.27,28.47,26.08,6.66,Very_Low,348,23.5,74.36,Ambient,Long_Distance,Aluminum_Laminate,95,Very_Low,Very_Low,No
F03394,Rice,Grain,10.52,0.5,6.56,6.44,Very_Low,370,25.8,46.24,Ambient,Long_Distance,HDPE,75,Low,Low,No
F03395,Onion,Vegetable,87.0,0.92,1.31,5.62,Low,122,20.0,63.1,Ambient,Normal,Breathable_PP,46,High,Medium,Yes
F03396,Fish,Seafood,74.79,5.88,20.87,6.24,Very_Low,2,2.6,93.82,Chilled,Long_Distance,PA_PE_Vacuum,94,Low,Very_Low,Yes
F03397,Cheese,Dairy,35.96,34.34,24.64,5.11,Very_Low,69,4.3,89.31,Chilled,Normal,PA_PE_Vacuum,84,Low,Very_Low,Yes
F03398,Potato Chips,Snacks,4.58,29.81,5.68,5.98,Very_Low,173,25.2,58.08,Ambient,Long_Distance,Metallized_PET_PE,80,Low,Very_Low,Yes
F03399,Carrot,Fresh Produce,87.28,0.81,1.43,6.17,High,25,5.0,94.28,Chilled,Normal,Micro_Perforated_PE,37,High,High,Yes
F03400,Tomato,Fresh Produce,95.79,0.12,1.27,4.4,High,9,4.7,96.04,Chilled,Normal,Micro_Perforated_PE,42,High,High,Yes
F03401,Wheat Flour,Grain,10.93,1.48,13.17,6.04,Very_Low,178,25.4,66.11,Ambient,Long_Distance,HDPE,76,Low,Low,No
F03402,Tomato,Fresh Produce,89.76,0.0,0.64,4.33,High,23,4.7,76.81,Chilled,Long_Distance,Micro_Perforated_PE,41,High,High,Yes
F03403,Coffee Powder,Beverage,3.02,12.77,14.82,5.12,Very_Low,367,25.7,45.07,Ambient,Normal,Metallized_PET_PE,80,Very_Low,Very_Low,No
F03404,Coffee Powder,Beverage,1.69,16.1,14.49,4.97,Very_Low,347,24.5,59.21,Ambient,Normal,Metallized_PET_PE,82,Very_Low,Very_Low,No
F03405,Potato Chips,Snacks,3.1,31.7,6.49,6.17,Very_Low,182,24.0,49.31,Ambient,Normal,Metallized_PET_PE,87,Low,Very_Low,Yes
F03406,Butter,Dairy,17.97,78.49,0.63,6.22,Very_Low,108,3.1,74.33,Chilled,Normal,Aluminum_Foil_Laminate,89,Very_Low,Very_Low,No
F03407,Potato Chips,Snacks,0.0,30.02,5.6,6.36,Very_Low,162,24.5,59.85,Ambient,Normal,Metallized_PET_PE,80,Low,Very_Low,Yes
F03408,Wheat Flour,Grain,10.86,2.83,13.03,5.94,Very_Low,154,25.8,72.32,Ambient,Normal,HDPE,82,Low,Low,No
F03409,Rice,Grain,12.77,1.38,6.75,6.5,Very_Low,397,25.7,56.48,Ambient,Long_Distance,HDPE,73,Low,Low,No
F03410,Tomato,Fresh Produce,94.88,0.0,0.75,4.32,High,9,5.4,95.9,Chilled,Long_Distance,Micro_Perforated_PE,41,High,High,Yes
F03411,Yogurt,Dairy,90.05,2.33,3.27,4.28,Very_Low,21,4.2,86.11,Chilled,Refrigerated,PP_Cup_Foil_Lid,53,Medium,Low,Yes
F03412,Tomato,Fresh Produce,94.81,0.0,0.49,4.29,High,15,4.5,89.26,Chilled,Normal,Micro_Perforated_PE,39,High,High,Yes
F03413,Carrot,Fresh Produce,88.83,1.15,1.93,6.01,High,32,5.5,79.99,Chilled,Normal,Micro_Perforated_PE,47,High,High,Yes
F03414,Onion,Vegetable,89.75,0.58,0.99,5.46,Low,110,19.7,56.61,Ambient,Normal,Breathable_PP,43,High,Medium,Yes
F03415,Coffee Powder,Beverage,2.41,17.24,14.4,5.1,Very_Low,378,24.0,65.46,Ambient,Normal,Metallized_PET_PE,81,Very_Low,Very_Low,No
F03416,Mango,Fresh Produce,81.16,0.0,0.73,3.98,High,28,10.8,84.31,Chilled,Long_Distance,Breathable_PE,36,High,High,Yes
F03417,Rice,Grain,16.11,0.65,6.59,6.51,Very_Low,394,25.1,62.04,Ambient,Long_Distance,HDPE,87,Low,Low,No
F03418,Wheat Flour,Grain,14.41,0.0,13.08,6.07,Very_Low,172,24.6,46.56,Ambient,Normal,HDPE,84,Low,Low,No
F03419,Milk Powder,Dairy,4.18,26.54,28.0,6.52,Very_Low,391,24.8,70.76,Ambient,Normal,Aluminum_Laminate,99,Very_Low,Very_Low,No
F03420,Peanuts,Nuts,6.08,47.87,23.93,6.62,Very_Low,184,25.3,56.39,Ambient,Normal,Metallized_PET_PE,89,Very_Low,Very_Low,No
F03421,Rice,Grain,13.11,2.06,7.75,6.39,Very_Low,393,25.6,56.51,Ambient,Long_Distance,HDPE,73,Low,Low,No
F03422,Peanuts,Nuts,10.13,51.26,25.34,6.55,Very_Low,189,24.8,56.79,Ambient,Normal,Metallized_PET_PE,82,Very_Low,Very_Low,No
F03423,Coffee Powder,Beverage,4.16,13.09,14.21,5.16,Very_Low,370,25.3,66.53,Ambient,Long_Distance,Metallized_PET_PE,77,Very_Low,Very_Low,No
F03424,Onion,Vegetable,90.82,0.0,1.12,5.5,Low,113,20.2,50.86,Ambient,Normal,Breathable_PP,53,High,Medium,Yes
F03425,Carrot,Fresh Produce,89.27,0.51,0.14,5.65,High,19,5.6,88.99,Chilled,Normal,Micro_Perforated_PE,39,High,High,Yes
F03426,Onion,Vegetable,87.51,0.0,0.98,5.6,Low,127,20.9,59.29,Ambient,Normal,Breathable_PP,55,High,Medium,Yes
F03427,Milk Powder,Dairy,3.17,25.55,25.96,6.38,Very_Low,353,25.7,79.97,Ambient,Normal,Aluminum_Laminate,94,Very_Low,Very_Low,No
F03428,Bread,Bakery,38.73,2.67,8.59,5.66,Very_Low,14,23.7,64.87,Ambient,Long_Distance,LDPE_Bag,52,Medium,Medium,No
F03429,Tomato,Fresh Produce,88.99,0.0,1.54,4.18,High,24,5.5,75.78,Chilled,Normal,Micro_Perforated_PE,45,High,High,Yes
F03430,Cheese,Dairy,37.32,35.38,26.51,5.32,Very_Low,52,3.8,70.46,Chilled,Refrigerated,PA_PE_Vacuum,86,Low,Very_Low,Yes
F03431,Ground Coffee,Beverage,4.69,16.35,15.43,4.8,Very_Low,336,25.1,69.85,Ambient,Normal,High_Barrier_Laminate,95,Very_Low,Very_Low,No
F03432,Mango,Fresh Produce,84.21,0.0,0.74,4.09,High,23,10.6,91.92,Chilled,Refrigerated,Breathable_PE,36,High,High,Yes
F03433,Ground Coffee,Beverage,2.62,14.49,13.25,5.15,Very_Low,405,25.1,63.75,Ambient,Long_Distance,High_Barrier_Laminate,93,Very_Low,Very_Low,No
F03434,Fish,Seafood,73.83,4.97,21.58,6.28,Very_Low,1,0.9,91.64,Chilled,Long_Distance,PA_PE_Vacuum,105,Low,Very_Low,Yes
F03435,Mango,Fresh Produce,86.08,0.72,0.89,3.95,High,26,11.8,72.11,Chilled,Normal,Breathable_PE,40,High,High,Yes
F03436,Butter,Dairy,13.29,79.79,1.41,6.02,Very_Low,116,3.9,83.29,Chilled,Long_Distance,Aluminum_Foil_Laminate,95,Very_Low,Very_Low,No
F03437,Onion,Vegetable,87.55,0.66,1.36,5.38,Low,129,20.8,62.67,Ambient,Long_Distance,Breathable_PP,42,High,Medium,Yes
F03438,Milk Powder,Dairy,2.5,27.69,26.8,6.68,Very_Low,343,25.7,61.41,Ambient,Long_Distance,Aluminum_Laminate,101,Very_Low,Very_Low,No
F03439,Onion,Vegetable,90.62,0.0,1.96,5.5,Low,115,20.3,66.41,Ambient,Normal,Breathable_PP,49,High,Medium,Yes
F03440,Fresh Chicken,Meat,71.21,7.2,22.85,5.69,Very_Low,4,3.0,93.75,Chilled,Normal,PA_PE_Vacuum,87,Low,Very_Low,Yes
F03441,Wheat Flour,Grain,13.4,0.98,13.34,6.25,Very_Low,189,24.9,51.76,Ambient,Long_Distance,HDPE,83,Low,Low,No
F03442,Peanuts,Nuts,4.71,51.32,25.47,6.33,Very_Low,167,24.0,61.8,Ambient,Long_Distance,Metallized_PET_PE,78,Very_Low,Very_Low,No
F03443,Butter,Dairy,16.14,83.46,1.03,6.24,Very_Low,128,4.3,81.86,Chilled,Refrigerated,Aluminum_Foil_Laminate,91,Very_Low,Very_Low,No
F03444,Apple,Fresh Produce,88.54,0.0,0.27,3.62,High,49,5.2,86.01,Chilled,Refrigerated,Micro_Perforated_PE,35,High,High,Yes
F03445,Frozen Peas,Frozen Vegetable,75.97,0.71,5.51,6.19,Low,388,-21.1,74.76,Frozen,Normal,PE_Film,75,Medium,Low,Yes
F03446,Rice,Grain,8.66,0.57,7.24,6.71,Very_Low,372,24.9,50.32,Ambient,Long_Distance,HDPE,81,Low,Low,No
F03447,Onion,Vegetable,93.3,0.28,0.99,5.24,Low,111,19.4,49.76,Ambient,Long_Distance,Breathable_PP,52,High,Medium,Yes
F03448,Biscuits,Bakery,2.16,17.55,7.33,6.93,Very_Low,176,24.0,69.17,Ambient,Long_Distance,BOPP_PE,57,Low,Low,No
F03449,Butter,Dairy,13.92,83.74,1.23,5.98,Very_Low,126,4.7,80.4,Chilled,Normal,Aluminum_Foil_Laminate,77,Very_Low,Very_Low,No
F03450,Mango,Fresh Produce,90.74,1.48,0.9,3.95,High,14,9.5,82.35,Chilled,Long_Distance,Breathable_PE,41,High,High,Yes
F03451,Wheat Flour,Grain,12.9,1.59,12.65,6.15,Very_Low,170,25.9,54.47,Ambient,Normal,HDPE,80,Low,Low,No
F03452,Apple,Fresh Produce,91.39,0.11,0.34,3.59,High,51,5.0,85.51,Chilled,Refrigerated,Micro_Perforated_PE,36,High,High,Yes
F03453,Wheat Flour,Grain,13.06,0.89,14.27,5.87,Very_Low,181,25.2,54.35,Ambient,Long_Distance,HDPE,75,Low,Low,No
F03454,Onion,Vegetable,86.99,1.39,1.44,5.43,Low,116,20.4,52.08,Ambient,Long_Distance,Breathable_PP,45,High,Medium,Yes
F03455,Frozen Peas,Frozen Vegetable,75.66,0.0,6.51,6.05,Low,370,-15.9,93.06,Frozen,Normal,PE_Film,70,Medium,Low,Yes
F03456,Butter,Dairy,15.72,82.14,0.61,6.16,Very_Low,105,4.1,94.62,Chilled,Refrigerated,Aluminum_Foil_Laminate,84,Very_Low,Very_Low,No
F03457,Milk Powder,Dairy,2.11,24.63,26.16,6.46,Very_Low,350,26.1,57.34,Ambient,Normal,Aluminum_Laminate,104,Very_Low,Very_Low,No
F03458,Bread,Bakery,37.22,4.12,8.42,5.58,Very_Low,1,25.9,62.7,Ambient,Normal,LDPE_Bag,47,Medium,Medium,No
F03459,Biscuits,Bakery,1.23,19.25,6.89,7.08,Very_Low,179,25.0,47.2,Ambient,Normal,BOPP_PE,62,Low,Low,No
F03460,Milk Powder,Dairy,4.15,25.89,25.86,6.64,Very_Low,351,24.7,49.9,Ambient,Normal,Aluminum_Laminate,97,Very_Low,Very_Low,No
F03461,Butter,Dairy,18.71,82.22,1.04,6.33,Very_Low,112,3.0,96.27,Chilled,Normal,Aluminum_Foil_Laminate,94,Very_Low,Very_Low,No
F03462,Milk Powder,Dairy,4.81,27.09,28.11,6.71,Very_Low,327,24.4,44.73,Ambient,Long_Distance,Aluminum_Laminate,94,Very_Low,Very_Low,No
F03463,Coffee Powder,Beverage,2.33,15.22,14.47,4.77,Very_Low,367,23.0,63.25,Ambient,Long_Distance,Metallized_PET_PE,80,Very_Low,Very_Low,No
F03464,Potato Chips,Snacks,2.05,29.57,6.12,6.27,Very_Low,192,24.9,59.34,Ambient,Long_Distance,Metallized_PET_PE,80,Low,Very_Low,Yes
F03465,Potato Chips,Snacks,0.0,29.94,5.3,6.14,Very_Low,174,23.5,83.44,Ambient,Long_Distance,Metallized_PET_PE,75,Low,Very_Low,Yes
F03466,Apple,Fresh Produce,88.82,0.83,0.65,3.59,High,45,5.1,85.19,Chilled,Refrigerated,Micro_Perforated_PE,37,High,High,Yes
F03467,Carrot,Fresh Produce,80.28,0.49,1.44,6.09,High,22,5.3,92.1,Chilled,Long_Distance,Micro_Perforated_PE,45,High,High,Yes
F03468,Tomato,Fresh Produce,94.15,0.0,0.9,4.44,High,11,4.8,94.64,Chilled,Refrigerated,Micro_Perforated_PE,37,High,High,Yes
F03469,Tomato,Fresh Produce,95.91,0.0,0.44,4.24,High,21,5.6,78.07,Chilled,Refrigerated,Micro_Perforated_PE,35,High,High,Yes
F03470,Wheat Flour,Grain,10.54,0.57,13.02,6.25,Very_Low,183,25.8,58.51,Ambient,Long_Distance,HDPE,79,Low,Low,No
F03471,Fresh Chicken,Meat,71.35,6.81,24.0,5.97,Very_Low,3,4.1,83.27,Chilled,Refrigerated,PA_PE_Vacuum,86,Low,Very_Low,Yes
F03472,Wheat Flour,Grain,12.35,1.32,13.44,6.17,Very_Low,170,24.8,59.37,Ambient,Long_Distance,HDPE,75,Low,Low,No
F03473,Butter,Dairy,18.71,84.98,0.73,6.02,Very_Low,121,3.8,80.29,Chilled,Normal,Aluminum_Foil_Laminate,77,Very_Low,Very_Low,No
F03474,Yogurt,Dairy,88.06,1.9,4.17,4.41,Very_Low,28,3.9,70.58,Chilled,Refrigerated,PP_Cup_Foil_Lid,52,Medium,Low,Yes
F03475,Fish,Seafood,74.66,5.77,20.74,6.19,Very_Low,13,1.0,90.75,Chilled,Long_Distance,PA_PE_Vacuum,104,Low,Very_Low,Yes
F03476,Fish,Seafood,73.25,4.31,19.59,6.22,Very_Low,1,2.3,77.43,Chilled,Long_Distance,PA_PE_Vacuum,99,Low,Very_Low,Yes
F03477,Fresh Chicken,Meat,68.19,6.28,22.89,5.81,Very_Low,10,3.3,81.74,Chilled,Normal,PA_PE_Vacuum,91,Low,Very_Low,Yes
F03478,Wheat Flour,Grain,13.32,1.94,13.89,5.99,Very_Low,183,25.1,53.57,Ambient,Long_Distance,HDPE,76,Low,Low,No
F03479,Milk Powder,Dairy,3.22,27.49,25.67,6.46,Very_Low,379,25.7,54.03,Ambient,Long_Distance,Aluminum_Laminate,88,Very_Low,Very_Low,No
F03480,Onion,Vegetable,94.32,0.0,0.71,5.55,Low,122,18.6,58.95,Ambient,Normal,Breathable_PP,46,High,Medium,Yes
F03481,Yogurt,Dairy,90.39,1.34,3.93,4.57,Very_Low,38,2.1,78.82,Chilled,Long_Distance,PP_Cup_Foil_Lid,46,Medium,Low,Yes
F03482,Fish,Seafood,71.12,5.58,20.53,6.05,Very_Low,18,1.0,70.77,Chilled,Normal,PA_PE_Vacuum,93,Low,Very_Low,Yes
F03483,Rice,Grain,14.09,0.0,7.03,6.58,Very_Low,339,25.4,53.36,Ambient,Normal,HDPE,83,Low,Low,No
F03484,Bread,Bakery,38.46,4.24,9.52,5.73,Very_Low,6,23.0,67.11,Ambient,Normal,LDPE_Bag,62,Medium,Medium,No
F03485,Fresh Chicken,Meat,68.48,9.09,23.56,5.62,Very_Low,12,4.1,94.67,Chilled,Normal,PA_PE_Vacuum,84,Low,Very_Low,Yes
F03486,Apple,Fresh Produce,93.8,0.6,0.68,3.38,High,61,4.6,71.06,Chilled,Normal,Micro_Perforated_PE,37,High,High,Yes
F03487,Carrot,Fresh Produce,87.61,0.83,0.58,6.01,High,27,5.2,94.39,Chilled,Refrigerated,Micro_Perforated_PE,39,High,High,Yes
F03488,Fish,Seafood,75.25,5.79,19.65,6.28,Very_Low,1,1.3,66.67,Chilled,Long_Distance,PA_PE_Vacuum,90,Low,Very_Low,Yes
F03489,Milk Powder,Dairy,4.86,27.39,26.95,6.49,Very_Low,354,23.1,70.02,Ambient,Long_Distance,Aluminum_Laminate,95,Very_Low,Very_Low,No
F03490,Butter,Dairy,13.8,82.08,1.06,6.33,Very_Low,107,3.9,83.27,Chilled,Normal,Aluminum_Foil_Laminate,91,Very_Low,Very_Low,No
F03491,Potato Chips,Snacks,3.35,29.77,6.04,6.06,Very_Low,185,25.9,48.66,Ambient,Long_Distance,Metallized_PET_PE,82,Low,Very_Low,Yes
F03492,Frozen Peas,Frozen Vegetable,80.16,0.56,5.05,6.15,Low,331,-19.8,88.12,Frozen,Normal,PE_Film,64,Medium,Low,Yes
F03493,Coffee Powder,Beverage,6.78,14.95,14.09,4.94,Very_Low,357,26.1,50.89,Ambient,Normal,Metallized_PET_PE,90,Very_Low,Very_Low,No
F03494,Yogurt,Dairy,87.68,6.2,4.42,4.22,Very_Low,41,4.2,87.99,Chilled,Refrigerated,PP_Cup_Foil_Lid,52,Medium,Low,Yes
F03495,Mango,Fresh Produce,85.6,0.48,0.45,3.96,High,21,9.7,81.9,Chilled,Long_Distance,Breathable_PE,35,High,High,Yes
F03496,Fish,Seafood,73.61,3.61,20.74,6.31,Very_Low,1,1.7,89.81,Chilled,Long_Distance,PA_PE_Vacuum,86,Low,Very_Low,Yes
F03497,Tomato,Fresh Produce,97.8,0.0,1.02,4.16,High,14,7.0,93.35,Chilled,Refrigerated,Micro_Perforated_PE,44,High,High,Yes
F03498,Carrot,Fresh Produce,86.26,0.0,0.86,6.09,High,31,5.9,74.88,Chilled,Normal,Micro_Perforated_PE,44,High,High,Yes
F03499,Potato Chips,Snacks,0.0,29.03,5.5,6.26,Very_Low,182,24.7,56.51,Ambient,Normal,Metallized_PET_PE,86,Low,Very_Low,Yes
F03500,Cheese,Dairy,36.11,33.97,25.04,5.14,Very_Low,58,5.3,90.63,Chilled,Refrigerated,PA_PE_Vacuum,92,Low,Very_Low,Yes
F03501,Bread,Bakery,40.14,5.22,9.14,5.35,Very_Low,9,25.9,48.5,Ambient,Normal,LDPE_Bag,49,Medium,Medium,No
F03502,Ground Coffee,Beverage,4.47,14.84,14.69,4.78,Very_Low,354,25.5,71.32,Ambient,Long_Distance,High_Barrier_Laminate,86,Very_Low,Very_Low,No
F03503,Tomato,Fresh Produce,90.16,0.0,0.14,4.33,High,12,5.8,74.2,Chilled,Long_Distance,Micro_Perforated_PE,49,High,High,Yes
F03504,Wheat Flour,Grain,8.4,1.64,13.03,6.1,Very_Low,181,25.1,66.12,Ambient,Long_Distance,HDPE,77,Low,Low,No
F03505,Tomato,Fresh Produce,89.32,0.0,1.53,4.35,High,17,6.5,73.84,Chilled,Long_Distance,Micro_Perforated_PE,49,High,High,Yes
F03506,Bread,Bakery,37.21,4.24,9.49,5.42,Very_Low,1,24.6,56.9,Ambient,Long_Distance,LDPE_Bag,43,Medium,Medium,No
F03507,Fish,Seafood,71.8,5.13,21.16,6.3,Very_Low,4,1.8,70.76,Chilled,Refrigerated,PA_PE_Vacuum,89,Low,Very_Low,Yes
F03508,Milk Powder,Dairy,5.63,25.98,26.42,6.79,Very_Low,374,25.3,57.29,Ambient,Long_Distance,Aluminum_Laminate,107,Very_Low,Very_Low,No
F03509,Potato Chips,Snacks,1.9,29.61,5.32,6.06,Very_Low,196,25.0,66.17,Ambient,Normal,Metallized_PET_PE,82,Low,Very_Low,Yes
F03510,Potato Chips,Snacks,4.92,29.21,5.54,6.03,Very_Low,175,26.2,56.55,Ambient,Normal,Metallized_PET_PE,79,Low,Very_Low,Yes
F03511,Butter,Dairy,13.62,82.21,1.18,6.16,Very_Low,121,4.2,81.16,Chilled,Long_Distance,Aluminum_Foil_Laminate,88,Very_Low,Very_Low,No
F03512,Fish,Seafood,75.34,4.89,19.71,6.15,Very_Low,1,1.9,82.99,Chilled,Long_Distance,PA_PE_Vacuum,95,Low,Very_Low,Yes
F03513,Bread,Bakery,34.83,4.09,8.69,5.31,Very_Low,2,25.6,54.02,Ambient,Normal,LDPE_Bag,56,Medium,Medium,No
F03514,Yogurt,Dairy,86.77,2.68,5.13,4.51,Very_Low,37,3.3,93.09,Chilled,Refrigerated,PP_Cup_Foil_Lid,41,Medium,Low,Yes
F03515,Butter,Dairy,15.49,85.44,0.05,6.32,Very_Low,119,2.2,82.89,Chilled,Normal,Aluminum_Foil_Laminate,87,Very_Low,Very_Low,No
F03516,Apple,Fresh Produce,85.79,0.0,0.22,3.41,High,70,5.0,83.42,Chilled,Long_Distance,Micro_Perforated_PE,45,High,High,Yes
F03517,Rice,Grain,11.63,0.0,6.56,6.58,Very_Low,382,23.7,68.55,Ambient,Normal,HDPE,77,Low,Low,No
F03518,Ground Coffee,Beverage,4.42,14.31,13.5,5.22,Very_Low,346,26.1,48.72,Ambient,Long_Distance,High_Barrier_Laminate,87,Very_Low,Very_Low,No
F03519,Milk Powder,Dairy,5.83,27.16,26.5,6.68,Very_Low,350,25.5,62.31,Ambient,Long_Distance,Aluminum_Laminate,100,Very_Low,Very_Low,No
F03520,Ground Coffee,Beverage,1.58,14.92,13.78,5.17,Very_Low,369,24.2,64.07,Ambient,Long_Distance,High_Barrier_Laminate,91,Very_Low,Very_Low,No
F03521,Fish,Seafood,74.2,4.85,20.91,6.28,Very_Low,8,1.9,90.3,Chilled,Long_Distance,PA_PE_Vacuum,104,Low,Very_Low,Yes
F03522,Butter,Dairy,16.99,82.46,1.41,6.14,Very_Low,143,3.3,70.28,Chilled,Refrigerated,Aluminum_Foil_Laminate,91,Very_Low,Very_Low,No
F03523,Cheese,Dairy,40.3,33.77,25.29,5.12,Very_Low,55,5.2,92.11,Chilled,Normal,PA_PE_Vacuum,90,Low,Very_Low,Yes
F03524,Carrot,Fresh Produce,84.88,0.0,0.81,6.1,High,25,4.8,95.76,Chilled,Refrigerated,Micro_Perforated_PE,46,High,High,Yes
F03525,Onion,Vegetable,91.03,0.0,0.97,5.65,Low,118,20.4,63.83,Ambient,Long_Distance,Breathable_PP,48,High,Medium,Yes
F03526,Cheese,Dairy,36.95,33.66,25.65,5.24,Very_Low,65,4.4,82.95,Chilled,Refrigerated,PA_PE_Vacuum,99,Low,Very_Low,Yes
F03527,Tomato,Fresh Produce,93.68,1.01,0.17,4.23,High,23,4.6,89.1,Chilled,Normal,Micro_Perforated_PE,37,High,High,Yes
F03528,Ground Coffee,Beverage,4.26,17.04,14.69,5.0,Very_Low,392,25.6,53.78,Ambient,Normal,High_Barrier_Laminate,84,Very_Low,Very_Low,No
F03529,Frozen Peas,Frozen Vegetable,80.64,1.48,5.0,5.91,Low,367,-17.8,83.79,Frozen,Long_Distance,PE_Film,76,Medium,Low,Yes
F03530,Milk Powder,Dairy,0.46,26.59,25.6,6.55,Very_Low,365,24.7,64.65,Ambient,Normal,Aluminum_Laminate,102,Very_Low,Very_Low,No
F03531,Potato Chips,Snacks,1.44,29.5,6.7,6.14,Very_Low,179,24.9,76.83,Ambient,Normal,Metallized_PET_PE,84,Low,Very_Low,Yes
F03532,Peanuts,Nuts,6.07,47.33,25.61,6.45,Very_Low,208,24.5,63.1,Ambient,Normal,Metallized_PET_PE,87,Very_Low,Very_Low,No
F03533,Ground Coffee,Beverage,1.95,13.35,14.22,5.05,Very_Low,363,23.9,48.92,Ambient,Long_Distance,High_Barrier_Laminate,93,Very_Low,Very_Low,No
F03534,Butter,Dairy,18.53,81.2,0.35,6.33,Very_Low,121,4.0,82.85,Chilled,Normal,Aluminum_Foil_Laminate,91,Very_Low,Very_Low,No
F03535,Apple,Fresh Produce,89.18,0.0,0.46,3.52,High,58,5.6,90.34,Chilled,Refrigerated,Micro_Perforated_PE,35,High,High,Yes
F03536,Potato Chips,Snacks,1.63,28.92,6.02,6.38,Very_Low,195,24.4,59.22,Ambient,Long_Distance,Metallized_PET_PE,74,Low,Very_Low,Yes
F03537,Wheat Flour,Grain,10.87,1.12,12.93,6.1,Very_Low,178,24.8,50.23,Ambient,Normal,HDPE,84,Low,Low,No
F03538,Butter,Dairy,15.76,81.97,0.65,6.18,Very_Low,122,3.7,74.59,Chilled,Long_Distance,Aluminum_Foil_Laminate,89,Very_Low,Very_Low,No
F03539,Tomato,Fresh Produce,93.66,1.18,0.57,4.4,High,15,3.2,71.53,Chilled,Long_Distance,Micro_Perforated_PE,39,High,High,Yes
F03540,Cheese,Dairy,35.25,31.8,25.5,5.04,Very_Low,63,6.0,84.67,Chilled,Long_Distance,PA_PE_Vacuum,89,Low,Very_Low,Yes
F03541,Bread,Bakery,30.96,4.3,7.75,5.61,Very_Low,6,26.2,72.58,Ambient,Long_Distance,LDPE_Bag,47,Medium,Medium,No
F03542,Potato Chips,Snacks,4.85,28.81,5.82,6.29,Very_Low,172,25.7,66.96,Ambient,Long_Distance,Metallized_PET_PE,86,Low,Very_Low,Yes
F03543,Mango,Fresh Produce,85.7,0.0,1.05,3.88,High,1,11.3,71.47,Chilled,Refrigerated,Breathable_PE,33,High,High,Yes
F03544,Mango,Fresh Produce,88.13,0.0,0.47,4.03,High,9,9.8,77.75,Chilled,Normal,Breathable_PE,38,High,High,Yes
F03545,Peanuts,Nuts,6.23,47.56,24.81,6.54,Very_Low,168,25.1,59.67,Ambient,Normal,Metallized_PET_PE,73,Very_Low,Very_Low,No
F03546,Fresh Chicken,Meat,69.73,9.63,21.76,5.78,Very_Low,7,3.7,86.05,Chilled,Refrigerated,PA_PE_Vacuum,79,Low,Very_Low,Yes
F03547,Coffee Powder,Beverage,1.73,16.19,14.16,4.8,Very_Low,365,24.3,63.65,Ambient,Long_Distance,Metallized_PET_PE,79,Very_Low,Very_Low,No
F03548,Biscuits,Bakery,2.29,17.68,8.31,7.06,Very_Low,198,24.4,70.55,Ambient,Normal,BOPP_PE,64,Low,Low,No
F03549,Coffee Powder,Beverage,0.0,14.67,15.02,5.03,Very_Low,361,25.2,65.91,Ambient,Normal,Metallized_PET_PE,77,Very_Low,Very_Low,No
F03550,Biscuits,Bakery,1.86,17.71,7.3,6.9,Very_Low,190,27.3,42.42,Ambient,Normal,BOPP_PE,57,Low,Low,No
F03551,Fresh Chicken,Meat,70.15,7.28,22.46,5.61,Very_Low,10,5.6,86.55,Chilled,Normal,PA_PE_Vacuum,84,Low,Very_Low,Yes
F03552,Wheat Flour,Grain,13.07,1.99,12.53,6.23,Very_Low,164,23.3,50.26,Ambient,Normal,HDPE,82,Low,Low,No
F03553,Butter,Dairy,16.76,82.9,0.14,6.02,Very_Low,115,4.4,80.0,Chilled,Refrigerated,Aluminum_Foil_Laminate,91,Very_Low,Very_Low,No
F03554,Onion,Vegetable,88.9,0.0,1.25,5.47,Low,113,18.7,61.46,Ambient,Normal,Breathable_PP,62,High,Medium,Yes
F03555,Tomato,Fresh Produce,89.58,0.0,1.6,4.42,High,8,4.9,75.87,Chilled,Long_Distance,Micro_Perforated_PE,44,High,High,Yes
F03556,Tomato,Fresh Produce,95.94,0.0,0.15,4.3,High,19,5.0,87.01,Chilled,Normal,Micro_Perforated_PE,45,High,High,Yes
F03557,Cheese,Dairy,36.77,35.97,23.84,5.19,Very_Low,58,3.4,88.41,Chilled,Long_Distance,PA_PE_Vacuum,86,Low,Very_Low,Yes
F03558,Mango,Fresh Produce,86.03,0.19,0.74,4.17,High,21,8.2,74.97,Chilled,Long_Distance,Breathable_PE,40,High,High,Yes
F03559,Fresh Chicken,Meat,73.46,7.83,22.68,5.9,Very_Low,16,3.5,94.83,Chilled,Long_Distance,PA_PE_Vacuum,104,Low,Very_Low,Yes
F03560,Biscuits,Bakery,4.15,17.49,6.73,6.99,Very_Low,194,24.5,64.53,Ambient,Normal,BOPP_PE,57,Low,Low,No
F03561,Milk Powder,Dairy,2.17,27.93,24.55,6.66,Very_Low,380,25.0,63.62,Ambient,Normal,Aluminum_Laminate,100,Very_Low,Very_Low,No
F03562,Potato Chips,Snacks,0.0,32.67,5.64,6.12,Very_Low,172,25.6,56.48,Ambient,Normal,Metallized_PET_PE,83,Low,Very_Low,Yes
F03563,Wheat Flour,Grain,11.44,1.31,12.85,6.14,Very_Low,173,23.0,65.99,Ambient,Normal,HDPE,80,Low,Low,No
F03564,Cheese,Dairy,35.94,35.35,24.99,5.15,Very_Low,68,4.6,75.73,Chilled,Refrigerated,PA_PE_Vacuum,84,Low,Very_Low,Yes
F03565,Rice,Grain,12.02,0.73,6.8,6.61,Very_Low,364,25.1,71.04,Ambient,Long_Distance,HDPE,77,Low,Low,No
F03566,Wheat Flour,Grain,13.64,0.12,12.93,6.1,Very_Low,177,24.1,61.45,Ambient,Normal,HDPE,76,Low,Low,No
F03567,Cheese,Dairy,34.87,33.71,24.47,5.2,Very_Low,65,3.5,94.25,Chilled,Refrigerated,PA_PE_Vacuum,87,Low,Very_Low,Yes
F03568,Onion,Vegetable,91.6,0.68,1.48,5.35,Low,111,20.5,50.06,Ambient,Long_Distance,Breathable_PP,50,High,Medium,Yes
F03569,Yogurt,Dairy,87.04,2.95,3.89,4.48,Very_Low,17,2.2,79.06,Chilled,Refrigerated,PP_Cup_Foil_Lid,46,Medium,Low,Yes
F03570,Mango,Fresh Produce,81.05,0.14,0.53,4.1,High,7,10.7,93.92,Chilled,Normal,Breathable_PE,35,High,High,Yes
F03571,Mango,Fresh Produce,84.15,2.12,0.73,3.94,High,12,9.9,85.12,Chilled,Long_Distance,Breathable_PE,39,High,High,Yes
F03572,Apple,Fresh Produce,87.44,0.0,0.0,3.45,High,72,4.0,95.0,Chilled,Refrigerated,Micro_Perforated_PE,39,High,High,Yes
F03573,Yogurt,Dairy,86.8,0.13,3.76,4.27,Very_Low,31,3.3,93.74,Chilled,Long_Distance,PP_Cup_Foil_Lid,58,Medium,Low,Yes
F03574,Mango,Fresh Produce,86.7,2.06,0.84,4.13,High,22,9.2,83.21,Chilled,Refrigerated,Breathable_PE,31,High,High,Yes
F03575,Wheat Flour,Grain,10.66,0.27,12.65,5.98,Very_Low,164,25.2,63.03,Ambient,Normal,HDPE,93,Low,Low,No
F03576,Milk Powder,Dairy,7.72,24.67,24.79,6.65,Very_Low,329,25.5,58.34,Ambient,Normal,Aluminum_Laminate,103,Very_Low,Very_Low,No
F03577,Biscuits,Bakery,4.66,16.74,6.5,6.99,Very_Low,171,26.0,55.94,Ambient,Normal,BOPP_PE,70,Low,Low,No
F03578,Onion,Vegetable,93.05,1.44,1.26,5.44,Low,107,19.9,68.02,Ambient,Normal,Breathable_PP,49,High,Medium,Yes
F03579,Potato Chips,Snacks,3.98,31.13,5.91,6.16,Very_Low,182,25.1,64.15,Ambient,Normal,Metallized_PET_PE,71,Low,Very_Low,Yes
F03580,Fresh Chicken,Meat,73.22,6.77,22.76,5.7,Very_Low,2,3.8,90.91,Chilled,Normal,PA_PE_Vacuum,86,Low,Very_Low,Yes
F03581,Rice,Grain,14.13,2.07,6.56,6.48,Very_Low,373,25.5,48.04,Ambient,Long_Distance,HDPE,69,Low,Low,No
F03582,Apple,Fresh Produce,84.66,1.59,0.15,3.4,High,60,4.5,82.43,Chilled,Long_Distance,Micro_Perforated_PE,44,High,High,Yes
F03583,Biscuits,Bakery,3.18,17.44,6.54,6.99,Very_Low,189,25.7,61.76,Ambient,Long_Distance,BOPP_PE,60,Low,Low,No
F03584,Bread,Bakery,37.59,4.87,8.42,5.3,Very_Low,4,24.8,58.59,Ambient,Normal,LDPE_Bag,48,Medium,Medium,No
F03585,Carrot,Fresh Produce,85.82,1.19,0.96,6.0,High,41,4.1,71.08,Chilled,Long_Distance,Micro_Perforated_PE,38,High,High,Yes
F03586,Apple,Fresh Produce,81.16,0.06,0.38,3.25,High,50,4.7,84.55,Chilled,Long_Distance,Micro_Perforated_PE,42,High,High,Yes
F03587,Biscuits,Bakery,2.35,17.44,7.68,6.99,Very_Low,175,25.9,63.25,Ambient,Normal,BOPP_PE,59,Low,Low,No
F03588,Biscuits,Bakery,4.03,18.99,7.13,7.05,Very_Low,186,26.8,51.39,Ambient,Normal,BOPP_PE,69,Low,Low,No
F03589,Potato Chips,Snacks,3.75,27.66,6.28,6.18,Very_Low,193,25.6,67.05,Ambient,Normal,Metallized_PET_PE,83,Low,Very_Low,Yes
F03590,Peanuts,Nuts,4.83,48.72,25.59,6.36,Very_Low,168,25.2,51.99,Ambient,Normal,Metallized_PET_PE,80,Very_Low,Very_Low,No
F03591,Rice,Grain,14.06,0.0,6.77,6.43,Very_Low,369,25.0,53.31,Ambient,Normal,HDPE,77,Low,Low,No
F03592,Cheese,Dairy,32.93,33.96,24.81,5.0,Very_Low,64,2.8,87.57,Chilled,Normal,PA_PE_Vacuum,98,Low,Very_Low,Yes
F03593,Ground Coffee,Beverage,1.38,13.74,12.66,4.91,Very_Low,359,24.7,50.15,Ambient,Normal,High_Barrier_Laminate,92,Very_Low,Very_Low,No
F03594,Frozen Peas,Frozen Vegetable,80.88,0.63,4.89,6.28,Low,338,-19.8,90.63,Frozen,Long_Distance,PE_Film,78,Medium,Low,Yes
F03595,Butter,Dairy,15.62,80.25,0.87,6.02,Very_Low,111,4.7,84.63,Chilled,Long_Distance,Aluminum_Foil_Laminate,96,Very_Low,Very_Low,No
F03596,Rice,Grain,11.31,0.36,6.61,6.75,Very_Low,360,24.5,49.13,Ambient,Long_Distance,HDPE,84,Low,Low,No
F03597,Peanuts,Nuts,6.0,47.56,24.9,6.62,Very_Low,165,25.9,56.09,Ambient,Long_Distance,Metallized_PET_PE,87,Very_Low,Very_Low,No
F03598,Carrot,Fresh Produce,85.79,0.0,1.14,6.12,High,29,4.7,86.28,Chilled,Refrigerated,Micro_Perforated_PE,46,High,High,Yes
F03599,Carrot,Fresh Produce,87.68,0.0,0.26,5.92,High,21,5.0,84.1,Chilled,Normal,Micro_Perforated_PE,33,High,High,Yes
F03600,Coffee Powder,Beverage,2.88,15.06,13.02,4.94,Very_Low,363,25.8,59.4,Ambient,Long_Distance,Metallized_PET_PE,85,Very_Low,Very_Low,No
F03601,Onion,Vegetable,90.28,0.0,0.77,5.27,Low,122,20.4,57.65,Ambient,Normal,Breathable_PP,44,High,Medium,Yes
F03602,Tomato,Fresh Produce,87.4,0.66,0.22,4.27,High,18,5.1,81.34,Chilled,Refrigerated,Micro_Perforated_PE,37,High,High,Yes
F03603,Tomato,Fresh Produce,96.64,0.0,0.69,4.43,High,23,3.9,80.05,Chilled,Normal,Micro_Perforated_PE,35,High,High,Yes
F03604,Ground Coffee,Beverage,2.38,17.14,14.71,5.13,Very_Low,388,26.1,65.0,Ambient,Long_Distance,High_Barrier_Laminate,79,Very_Low,Very_Low,No
F03605,Peanuts,Nuts,3.44,49.21,25.23,6.62,Very_Low,172,26.4,73.95,Ambient,Long_Distance,Metallized_PET_PE,81,Very_Low,Very_Low,No
F03606,Fresh Chicken,Meat,70.33,6.51,21.8,5.92,Very_Low,8,3.3,88.54,Chilled,Long_Distance,PA_PE_Vacuum,94,Low,Very_Low,Yes
F03607,Butter,Dairy,15.98,84.19,1.28,6.17,Very_Low,110,4.8,80.67,Chilled,Long_Distance,Aluminum_Foil_Laminate,89,Very_Low,Very_Low,No
F03608,Cheese,Dairy,35.08,31.94,25.61,5.38,Very_Low,73,3.8,87.36,Chilled,Normal,PA_PE_Vacuum,89,Low,Very_Low,Yes
F03609,Milk Powder,Dairy,2.99,27.2,25.92,6.77,Very_Low,356,24.6,57.09,Ambient,Long_Distance,Aluminum_Laminate,85,Very_Low,Very_Low,No
F03610,Carrot,Fresh Produce,87.22,0.0,0.95,5.96,High,26,5.5,71.58,Chilled,Long_Distance,Micro_Perforated_PE,41,High,High,Yes
F03611,Milk Powder,Dairy,5.71,23.16,27.03,6.52,Very_Low,376,24.8,80.06,Ambient,Long_Distance,Aluminum_Laminate,100,Very_Low,Very_Low,No
F03612,Wheat Flour,Grain,13.56,1.6,13.14,6.05,Very_Low,159,26.0,70.77,Ambient,Normal,HDPE,78,Low,Low,No
F03613,Potato Chips,Snacks,0.94,27.82,5.73,6.32,Very_Low,179,25.5,60.8,Ambient,Long_Distance,Metallized_PET_PE,78,Low,Very_Low,Yes
F03614,Cheese,Dairy,37.41,34.88,25.48,5.29,Very_Low,48,2.0,69.32,Chilled,Refrigerated,PA_PE_Vacuum,87,Low,Very_Low,Yes
F03615,Milk Powder,Dairy,1.07,27.24,26.18,6.76,Very_Low,359,23.6,58.03,Ambient,Long_Distance,Aluminum_Laminate,87,Very_Low,Very_Low,No
F03616,Butter,Dairy,12.05,79.7,0.59,5.99,Very_Low,111,3.6,84.55,Chilled,Normal,Aluminum_Foil_Laminate,91,Very_Low,Very_Low,No
F03617,Coffee Powder,Beverage,0.62,17.11,14.02,4.93,Very_Low,342,25.8,70.56,Ambient,Long_Distance,Metallized_PET_PE,83,Very_Low,Very_Low,No
F03618,Rice,Grain,13.94,0.0,7.36,6.33,Very_Low,347,26.0,61.43,Ambient,Normal,HDPE,81,Low,Low,No
F03619,Ground Coffee,Beverage,4.58,14.21,13.96,5.01,Very_Low,370,24.7,49.56,Ambient,Normal,High_Barrier_Laminate,84,Very_Low,Very_Low,No
F03620,Cheese,Dairy,37.91,30.49,26.49,5.31,Very_Low,51,3.1,81.68,Chilled,Long_Distance,PA_PE_Vacuum,92,Low,Very_Low,Yes
F03621,Coffee Powder,Beverage,0.0,16.84,12.77,5.01,Very_Low,355,24.0,52.45,Ambient,Long_Distance,Metallized_PET_PE,84,Very_Low,Very_Low,No
F03622,Apple,Fresh Produce,84.72,1.6,0.0,3.52,High,60,5.0,74.99,Chilled,Refrigerated,Micro_Perforated_PE,45,High,High,Yes
F03623,Bread,Bakery,36.59,2.62,9.04,5.66,Very_Low,1,24.9,62.93,Ambient,Normal,LDPE_Bag,51,Medium,Medium,No
F03624,Bread,Bakery,35.73,3.29,10.24,5.23,Very_Low,20,25.7,52.54,Ambient,Long_Distance,LDPE_Bag,44,Medium,Medium,No
F03625,Tomato,Fresh Produce,93.02,0.0,0.58,4.31,High,21,3.9,82.94,Chilled,Refrigerated,Micro_Perforated_PE,37,High,High,Yes
F03626,Potato Chips,Snacks,0.22,30.36,5.98,6.08,Very_Low,195,24.1,56.13,Ambient,Normal,Metallized_PET_PE,80,Low,Very_Low,Yes
F03627,Fish,Seafood,74.7,3.51,20.61,6.3,Very_Low,13,1.6,80.75,Chilled,Normal,PA_PE_Vacuum,91,Low,Very_Low,Yes
F03628,Mango,Fresh Produce,85.89,0.0,0.77,3.7,High,17,10.1,84.39,Chilled,Normal,Breathable_PE,45,High,High,Yes
F03629,Bread,Bakery,37.38,5.15,9.79,5.39,Very_Low,10,23.5,41.09,Ambient,Long_Distance,LDPE_Bag,42,Medium,Medium,No
F03630,Ground Coffee,Beverage,3.63,17.61,14.46,4.96,Very_Low,343,24.8,63.1,Ambient,Normal,High_Barrier_Laminate,94,Very_Low,Very_Low,No
F03631,Mango,Fresh Produce,88.25,0.0,1.03,3.93,High,24,10.2,94.37,Chilled,Refrigerated,Breathable_PE,46,High,High,Yes
F03632,Butter,Dairy,18.92,81.89,1.15,6.18,Very_Low,117,5.5,92.32,Chilled,Refrigerated,Aluminum_Foil_Laminate,83,Very_Low,Very_Low,No
F03633,Tomato,Fresh Produce,95.01,0.45,1.1,4.28,High,18,5.3,89.68,Chilled,Long_Distance,Micro_Perforated_PE,53,High,High,Yes
F03634,Mango,Fresh Produce,81.56,0.0,0.59,3.89,High,20,10.3,84.97,Chilled,Long_Distance,Breathable_PE,33,High,High,Yes
F03635,Apple,Fresh Produce,89.06,0.54,0.0,3.52,High,63,5.7,73.16,Chilled,Long_Distance,Micro_Perforated_PE,32,High,High,Yes
F03636,Onion,Vegetable,92.63,0.8,1.26,5.41,Low,123,19.8,54.54,Ambient,Long_Distance,Breathable_PP,53,High,Medium,Yes
F03637,Wheat Flour,Grain,9.98,2.19,12.99,6.07,Very_Low,198,23.1,49.73,Ambient,Long_Distance,HDPE,84,Low,Low,No
F03638,Apple,Fresh Produce,85.93,0.94,0.77,3.63,High,58,5.7,72.01,Chilled,Long_Distance,Micro_Perforated_PE,38,High,High,Yes
F03639,Carrot,Fresh Produce,87.76,0.0,1.06,6.11,High,28,5.4,93.54,Chilled,Normal,Micro_Perforated_PE,36,High,High,Yes
F03640,Yogurt,Dairy,90.0,2.79,4.53,4.38,Very_Low,28,4.0,81.86,Chilled,Normal,PP_Cup_Foil_Lid,56,Medium,Low,Yes
F03641,Coffee Powder,Beverage,4.17,14.33,13.14,4.96,Very_Low,357,23.4,56.59,Ambient,Long_Distance,Metallized_PET_PE,84,Very_Low,Very_Low,No
F03642,Apple,Fresh Produce,83.58,0.48,0.73,3.55,High,64,5.0,83.97,Chilled,Refrigerated,Micro_Perforated_PE,42,High,High,Yes
F03643,Milk Powder,Dairy,3.32,26.91,25.18,6.72,Very_Low,374,25.1,60.05,Ambient,Long_Distance,Aluminum_Laminate,102,Very_Low,Very_Low,No
F03644,Potato Chips,Snacks,3.31,31.77,5.56,6.13,Very_Low,180,24.8,43.65,Ambient,Long_Distance,Metallized_PET_PE,75,Low,Very_Low,Yes
F03645,Fish,Seafood,75.68,4.58,19.23,6.16,Very_Low,10,0.5,88.24,Chilled,Normal,PA_PE_Vacuum,91,Low,Very_Low,Yes
F03646,Butter,Dairy,15.89,83.37,0.98,6.37,Very_Low,102,4.5,89.11,Chilled,Long_Distance,Aluminum_Foil_Laminate,89,Very_Low,Very_Low,No
F03647,Cheese,Dairy,38.02,36.81,25.14,5.14,Very_Low,53,3.2,83.65,Chilled,Long_Distance,PA_PE_Vacuum,92,Low,Very_Low,Yes
F03648,Potato Chips,Snacks,3.46,28.23,6.09,6.14,Very_Low,175,24.5,71.93,Ambient,Normal,Metallized_PET_PE,91,Low,Very_Low,Yes
F03649,Frozen Peas,Frozen Vegetable,78.8,1.02,6.01,6.04,Low,384,-18.8,76.45,Frozen,Long_Distance,PE_Film,68,Medium,Low,Yes
F03650,Fresh Chicken,Meat,69.68,8.45,20.85,5.8,Very_Low,4,5.6,85.89,Chilled,Refrigerated,PA_PE_Vacuum,89,Low,Very_Low,Yes
F03651,Coffee Powder,Beverage,4.53,13.18,15.0,5.02,Very_Low,341,26.1,60.58,Ambient,Normal,Metallized_PET_PE,84,Very_Low,Very_Low,No
F03652,Potato Chips,Snacks,3.86,29.06,6.57,6.08,Very_Low,189,24.0,70.69,Ambient,Long_Distance,Metallized_PET_PE,82,Low,Very_Low,Yes
F03653,Mango,Fresh Produce,81.81,0.0,0.59,3.75,High,34,11.0,93.51,Chilled,Normal,Breathable_PE,47,High,High,Yes
F03654,Frozen Peas,Frozen Vegetable,78.09,1.24,5.52,6.03,Low,361,-17.4,93.47,Frozen,Normal,PE_Film,70,Medium,Low,Yes
F03655,Onion,Vegetable,88.74,0.85,1.02,5.15,Low,129,20.3,70.41,Ambient,Long_Distance,Breathable_PP,49,High,Medium,Yes
F03656,Yogurt,Dairy,90.14,3.0,3.64,4.31,Very_Low,33,5.8,85.03,Chilled,Long_Distance,PP_Cup_Foil_Lid,44,Medium,Low,Yes
F03657,Potato Chips,Snacks,2.57,29.47,6.34,6.31,Very_Low,179,25.0,62.24,Ambient,Normal,Metallized_PET_PE,82,Low,Very_Low,Yes
F03658,Yogurt,Dairy,85.18,1.28,4.4,4.6,Very_Low,30,3.9,87.96,Chilled,Long_Distance,PP_Cup_Foil_Lid,46,Medium,Low,Yes
F03659,Peanuts,Nuts,6.82,49.18,23.41,6.43,Very_Low,183,25.2,58.18,Ambient,Long_Distance,Metallized_PET_PE,74,Very_Low,Very_Low,No
F03660,Frozen Peas,Frozen Vegetable,79.84,0.0,4.97,6.14,Low,363,-18.0,86.37,Frozen,Normal,PE_Film,72,Medium,Low,Yes
F03661,Yogurt,Dairy,89.73,1.98,3.36,4.37,Very_Low,27,4.3,96.17,Chilled,Long_Distance,PP_Cup_Foil_Lid,49,Medium,Low,Yes
F03662,Apple,Fresh Produce,87.41,1.19,0.4,3.39,High,54,4.7,76.92,Chilled,Refrigerated,Micro_Perforated_PE,46,High,High,Yes
F03663,Coffee Powder,Beverage,5.2,16.18,14.83,4.92,Very_Low,311,25.6,58.44,Ambient,Normal,Metallized_PET_PE,84,Very_Low,Very_Low,No
F03664,Coffee Powder,Beverage,5.96,13.99,13.92,5.22,Very_Low,376,24.0,61.94,Ambient,Normal,Metallized_PET_PE,80,Very_Low,Very_Low,No
F03665,Coffee Powder,Beverage,2.85,14.2,13.84,4.8,Very_Low,356,23.9,52.5,Ambient,Long_Distance,Metallized_PET_PE,83,Very_Low,Very_Low,No
F03666,Wheat Flour,Grain,12.83,0.7,12.05,6.17,Very_Low,176,26.1,66.5,Ambient,Long_Distance,HDPE,79,Low,Low,No
F03667,Apple,Fresh Produce,84.33,1.22,0.42,3.73,High,51,5.1,94.63,Chilled,Refrigerated,Micro_Perforated_PE,34,High,High,Yes
F03668,Biscuits,Bakery,4.33,19.17,6.85,6.93,Very_Low,183,24.6,67.17,Ambient,Long_Distance,BOPP_PE,59,Low,Low,No
F03669,Wheat Flour,Grain,13.25,0.98,12.84,5.9,Very_Low,162,25.2,53.87,Ambient,Long_Distance,HDPE,85,Low,Low,No
F03670,Frozen Peas,Frozen Vegetable,79.33,0.38,5.96,6.23,Low,394,-18.5,90.86,Frozen,Long_Distance,PE_Film,68,Medium,Low,Yes
F03671,Biscuits,Bakery,7.27,15.41,7.87,6.88,Very_Low,178,25.8,70.42,Ambient,Long_Distance,BOPP_PE,64,Low,Low,No
F03672,Yogurt,Dairy,87.5,0.85,3.02,4.26,Very_Low,24,4.4,84.76,Chilled,Long_Distance,PP_Cup_Foil_Lid,47,Medium,Low,Yes
F03673,Butter,Dairy,18.32,85.01,1.02,6.34,Very_Low,112,4.0,89.39,Chilled,Normal,Aluminum_Foil_Laminate,80,Very_Low,Very_Low,No
F03674,Coffee Powder,Beverage,6.0,15.57,14.2,5.19,Very_Low,384,25.2,65.28,Ambient,Long_Distance,Metallized_PET_PE,76,Very_Low,Very_Low,No
F03675,Onion,Vegetable,87.32,0.16,1.44,5.6,Low,120,18.8,78.76,Ambient,Long_Distance,Breathable_PP,56,High,Medium,Yes
F03676,Coffee Powder,Beverage,1.36,15.15,13.41,5.12,Very_Low,356,24.3,73.77,Ambient,Normal,Metallized_PET_PE,82,Very_Low,Very_Low,No
F03677,Coffee Powder,Beverage,5.37,13.43,13.34,5.08,Very_Low,376,24.6,57.54,Ambient,Long_Distance,Metallized_PET_PE,78,Very_Low,Very_Low,No
F03678,Fresh Chicken,Meat,74.81,8.84,22.16,5.88,Very_Low,9,5.4,83.05,Chilled,Refrigerated,PA_PE_Vacuum,100,Low,Very_Low,Yes
F03679,Rice,Grain,13.3,0.0,7.51,6.49,Very_Low,374,26.6,45.21,Ambient,Normal,HDPE,78,Low,Low,No
F03680,Coffee Powder,Beverage,2.51,15.78,13.59,4.97,Very_Low,364,24.0,61.71,Ambient,Long_Distance,Metallized_PET_PE,70,Very_Low,Very_Low,No
F03681,Frozen Peas,Frozen Vegetable,83.68,0.68,5.18,5.94,Low,372,-18.2,82.87,Frozen,Long_Distance,PE_Film,68,Medium,Low,Yes
F03682,Ground Coffee,Beverage,0.0,14.86,14.78,5.09,Very_Low,375,24.5,43.67,Ambient,Long_Distance,High_Barrier_Laminate,79,Very_Low,Very_Low,No
F03683,Yogurt,Dairy,88.86,1.75,5.08,4.29,Very_Low,31,3.4,84.51,Chilled,Long_Distance,PP_Cup_Foil_Lid,51,Medium,Low,Yes
F03684,Tomato,Fresh Produce,95.55,0.0,1.12,4.37,High,21,6.0,77.97,Chilled,Long_Distance,Micro_Perforated_PE,42,High,High,Yes
F03685,Fish,Seafood,75.66,5.32,20.11,6.27,Very_Low,1,1.3,79.44,Chilled,Normal,PA_PE_Vacuum,89,Low,Very_Low,Yes
F03686,Fresh Chicken,Meat,73.56,7.56,22.61,6.02,Very_Low,3,4.7,95.77,Chilled,Normal,PA_PE_Vacuum,90,Low,Very_Low,Yes
F03687,Peanuts,Nuts,5.09,48.7,24.04,6.45,Very_Low,184,25.7,62.34,Ambient,Long_Distance,Metallized_PET_PE,85,Very_Low,Very_Low,No
F03688,Fish,Seafood,74.37,5.32,19.69,6.16,Very_Low,1,1.2,72.62,Chilled,Refrigerated,PA_PE_Vacuum,88,Low,Very_Low,Yes
F03689,Carrot,Fresh Produce,84.55,0.0,1.01,6.05,High,32,4.9,86.95,Chilled,Long_Distance,Micro_Perforated_PE,37,High,High,Yes
F03690,Rice,Grain,10.3,1.69,6.41,6.69,Very_Low,364,25.7,49.58,Ambient,Long_Distance,HDPE,84,Low,Low,No
F03691,Apple,Fresh Produce,80.43,0.0,0.83,3.57,High,50,4.6,86.78,Chilled,Normal,Micro_Perforated_PE,45,High,High,Yes
F03692,Carrot,Fresh Produce,85.18,1.36,1.68,5.92,High,25,6.4,81.57,Chilled,Normal,Micro_Perforated_PE,37,High,High,Yes
F03693,Coffee Powder,Beverage,1.88,13.15,13.99,5.1,Very_Low,382,26.1,55.09,Ambient,Normal,Metallized_PET_PE,80,Very_Low,Very_Low,No
F03694,Coffee Powder,Beverage,1.71,15.77,15.04,5.3,Very_Low,365,26.4,54.13,Ambient,Long_Distance,Metallized_PET_PE,78,Very_Low,Very_Low,No
F03695,Carrot,Fresh Produce,83.24,0.73,1.54,6.0,High,29,5.9,82.69,Chilled,Normal,Micro_Perforated_PE,37,High,High,Yes
F03696,Fish,Seafood,76.99,3.45,19.96,6.03,Very_Low,1,2.1,94.89,Chilled,Long_Distance,PA_PE_Vacuum,89,Low,Very_Low,Yes
F03697,Cheese,Dairy,38.42,33.27,25.61,5.27,Very_Low,52,4.4,82.35,Chilled,Long_Distance,PA_PE_Vacuum,88,Low,Very_Low,Yes
F03698,Fresh Chicken,Meat,73.42,6.81,22.31,5.86,Very_Low,9,4.0,89.48,Chilled,Long_Distance,PA_PE_Vacuum,93,Low,Very_Low,Yes
F03699,Fresh Chicken,Meat,72.46,8.85,23.1,5.75,Very_Low,11,4.3,83.34,Chilled,Refrigerated,PA_PE_Vacuum,91,Low,Very_Low,Yes
F03700,Apple,Fresh Produce,90.79,0.48,0.0,3.45,High,64,5.3,90.59,Chilled,Normal,Micro_Perforated_PE,30,High,High,Yes
F03701,Peanuts,Nuts,6.87,52.37,25.9,6.52,Very_Low,192,24.2,50.07,Ambient,Long_Distance,Metallized_PET_PE,70,Very_Low,Very_Low,No
F03702,Onion,Vegetable,87.75,0.43,1.95,5.47,Low,130,19.7,70.54,Ambient,Long_Distance,Breathable_PP,45,High,Medium,Yes
F03703,Fish,Seafood,73.96,5.87,21.11,6.17,Very_Low,1,2.3,78.3,Chilled,Refrigerated,PA_PE_Vacuum,91,Low,Very_Low,Yes
F03704,Carrot,Fresh Produce,86.04,1.55,0.6,6.04,High,29,6.0,85.97,Chilled,Long_Distance,Micro_Perforated_PE,37,High,High,Yes
F03705,Rice,Grain,11.13,1.38,7.12,6.48,Very_Low,379,23.0,56.92,Ambient,Long_Distance,HDPE,80,Low,Low,No
F03706,Carrot,Fresh Produce,87.37,0.0,0.39,6.01,High,28,5.1,93.99,Chilled,Refrigerated,Micro_Perforated_PE,39,High,High,Yes
F03707,Carrot,Fresh Produce,87.63,0.0,1.38,5.8,High,21,5.5,90.06,Chilled,Long_Distance,Micro_Perforated_PE,34,High,High,Yes
F03708,Cheese,Dairy,40.28,32.59,24.17,5.19,Very_Low,65,3.5,94.26,Chilled,Normal,PA_PE_Vacuum,95,Low,Very_Low,Yes
F03709,Peanuts,Nuts,6.14,46.05,24.78,6.35,Very_Low,160,25.1,69.85,Ambient,Normal,Metallized_PET_PE,85,Very_Low,Very_Low,No
F03710,Fresh Chicken,Meat,77.6,7.0,22.97,5.93,Very_Low,7,6.1,84.76,Chilled,Normal,PA_PE_Vacuum,105,Low,Very_Low,Yes
F03711,Apple,Fresh Produce,88.5,0.94,0.67,3.37,High,50,6.1,77.78,Chilled,Long_Distance,Micro_Perforated_PE,34,High,High,Yes
F03712,Fresh Chicken,Meat,71.4,8.62,23.93,5.75,Very_Low,22,2.5,82.38,Chilled,Normal,PA_PE_Vacuum,84,Low,Very_Low,Yes
F03713,Frozen Peas,Frozen Vegetable,80.87,0.0,5.52,6.43,Low,375,-18.4,86.46,Frozen,Long_Distance,PE_Film,69,Medium,Low,Yes
F03714,Bread,Bakery,36.53,4.71,8.64,5.16,Very_Low,5,24.9,43.44,Ambient,Long_Distance,LDPE_Bag,51,Medium,Medium,No
F03715,Carrot,Fresh Produce,85.52,0.21,0.0,6.05,High,21,3.3,80.83,Chilled,Refrigerated,Micro_Perforated_PE,44,High,High,Yes
F03716,Wheat Flour,Grain,10.47,1.05,11.97,6.12,Very_Low,189,24.5,63.01,Ambient,Normal,HDPE,76,Low,Low,No
F03717,Cheese,Dairy,34.33,32.13,25.66,5.29,Very_Low,38,2.6,81.78,Chilled,Long_Distance,PA_PE_Vacuum,101,Low,Very_Low,Yes
F03718,Milk Powder,Dairy,7.16,25.4,24.83,6.6,Very_Low,358,23.8,58.21,Ambient,Normal,Aluminum_Laminate,106,Very_Low,Very_Low,No
F03719,Biscuits,Bakery,5.71,18.66,6.84,6.98,Very_Low,174,26.0,52.19,Ambient,Normal,BOPP_PE,53,Low,Low,No
F03720,Frozen Peas,Frozen Vegetable,79.94,0.22,5.33,5.99,Low,373,-17.3,93.28,Frozen,Normal,PE_Film,71,Medium,Low,Yes
F03721,Potato Chips,Snacks,4.42,29.24,6.44,6.29,Very_Low,179,25.1,60.76,Ambient,Long_Distance,Metallized_PET_PE,87,Low,Very_Low,Yes
F03722,Biscuits,Bakery,1.47,18.26,6.33,7.13,Very_Low,191,23.9,43.37,Ambient,Long_Distance,BOPP_PE,67,Low,Low,No
F03723,Fresh Chicken,Meat,66.97,7.73,23.82,5.85,Very_Low,8,3.6,82.08,Chilled,Long_Distance,PA_PE_Vacuum,94,Low,Very_Low,Yes
F03724,Bread,Bakery,36.03,4.34,9.91,5.76,Very_Low,1,24.6,67.19,Ambient,Normal,LDPE_Bag,62,Medium,Medium,No
F03725,Tomato,Fresh Produce,91.57,1.21,0.24,4.23,High,8,5.4,81.4,Chilled,Long_Distance,Micro_Perforated_PE,50,High,High,Yes
F03726,Ground Coffee,Beverage,1.77,14.06,14.25,5.2,Very_Low,342,23.4,59.87,Ambient,Normal,High_Barrier_Laminate,94,Very_Low,Very_Low,No
F03727,Biscuits,Bakery,3.36,17.2,7.1,6.86,Very_Low,174,27.0,42.73,Ambient,Normal,BOPP_PE,57,Low,Low,No
F03728,Milk Powder,Dairy,4.84,23.76,25.21,6.66,Very_Low,365,24.3,58.51,Ambient,Long_Distance,Aluminum_Laminate,110,Very_Low,Very_Low,No
F03729,Rice,Grain,16.25,0.0,6.64,6.47,Very_Low,386,26.4,48.74,Ambient,Long_Distance,HDPE,70,Low,Low,No
F03730,Coffee Powder,Beverage,2.63,14.42,13.17,5.11,Very_Low,368,25.0,53.54,Ambient,Long_Distance,Metallized_PET_PE,88,Very_Low,Very_Low,No
F03731,Wheat Flour,Grain,12.09,0.17,11.96,6.19,Very_Low,167,25.0,67.9,Ambient,Long_Distance,HDPE,79,Low,Low,No
F03732,Fresh Chicken,Meat,71.21,8.86,22.55,5.64,Very_Low,15,3.5,84.63,Chilled,Long_Distance,PA_PE_Vacuum,92,Low,Very_Low,Yes
F03733,Wheat Flour,Grain,13.54,1.83,12.69,6.06,Very_Low,172,24.0,51.44,Ambient,Long_Distance,HDPE,87,Low,Low,No
F03734,Cheese,Dairy,34.93,32.06,23.55,5.13,Very_Low,59,4.4,95.63,Chilled,Long_Distance,PA_PE_Vacuum,86,Low,Very_Low,Yes
F03735,Potato Chips,Snacks,5.73,29.88,6.28,6.3,Very_Low,168,25.9,64.83,Ambient,Long_Distance,Metallized_PET_PE,79,Low,Very_Low,Yes
F03736,Fresh Chicken,Meat,68.14,7.63,23.77,5.82,Very_Low,15,4.2,89.53,Chilled,Long_Distance,PA_PE_Vacuum,99,Low,Very_Low,Yes
F03737,Potato Chips,Snacks,1.71,29.86,5.53,5.96,Very_Low,167,24.7,70.9,Ambient,Long_Distance,Metallized_PET_PE,72,Low,Very_Low,Yes
F03738,Frozen Peas,Frozen Vegetable,77.93,1.09,4.48,6.17,Low,362,-17.5,86.72,Frozen,Normal,PE_Film,72,Medium,Low,Yes
F03739,Tomato,Fresh Produce,93.09,0.0,0.7,4.23,High,18,5.8,82.2,Chilled,Long_Distance,Micro_Perforated_PE,49,High,High,Yes
F03740,Butter,Dairy,17.8,79.96,0.39,6.07,Very_Low,134,3.3,86.59,Chilled,Refrigerated,Aluminum_Foil_Laminate,94,Very_Low,Very_Low,No
F03741,Yogurt,Dairy,90.11,3.1,3.41,4.16,Very_Low,37,4.9,82.33,Chilled,Long_Distance,PP_Cup_Foil_Lid,50,Medium,Low,Yes
F03742,Carrot,Fresh Produce,90.02,0.0,1.24,6.05,High,37,6.8,86.31,Chilled,Normal,Micro_Perforated_PE,37,High,High,Yes
F03743,Yogurt,Dairy,90.56,3.96,3.77,4.61,Very_Low,25,3.4,83.41,Chilled,Long_Distance,PP_Cup_Foil_Lid,47,Medium,Low,Yes
F03744,Fish,Seafood,77.87,5.85,20.65,6.24,Very_Low,7,0.5,70.1,Chilled,Long_Distance,PA_PE_Vacuum,93,Low,Very_Low,Yes
F03745,Wheat Flour,Grain,12.94,1.87,13.6,5.99,Very_Low,159,25.2,63.41,Ambient,Normal,HDPE,92,Low,Low,No
F03746,Carrot,Fresh Produce,85.45,0.0,0.85,6.01,High,44,5.2,91.5,Chilled,Long_Distance,Micro_Perforated_PE,45,High,High,Yes
F03747,Ground Coffee,Beverage,6.03,15.8,14.99,5.21,Very_Low,359,25.1,64.2,Ambient,Long_Distance,High_Barrier_Laminate,91,Very_Low,Very_Low,No
F03748,Fish,Seafood,73.26,5.4,20.4,6.11,Very_Low,2,2.2,81.29,Chilled,Normal,PA_PE_Vacuum,96,Low,Very_Low,Yes
F03749,Milk Powder,Dairy,5.4,24.63,26.52,6.6,Very_Low,399,25.7,57.15,Ambient,Long_Distance,Aluminum_Laminate,96,Very_Low,Very_Low,No
F03750,Bread,Bakery,40.42,4.55,8.74,5.7,Very_Low,9,25.8,72.38,Ambient,Long_Distance,LDPE_Bag,49,Medium,Medium,No
F03751,Peanuts,Nuts,3.41,46.78,24.23,6.63,Very_Low,169,25.6,54.87,Ambient,Long_Distance,Metallized_PET_PE,86,Very_Low,Very_Low,No
F03752,Apple,Fresh Produce,85.57,1.05,0.54,3.45,High,64,4.8,86.87,Chilled,Long_Distance,Micro_Perforated_PE,36,High,High,Yes
F03753,Carrot,Fresh Produce,85.92,0.65,1.46,5.97,High,35,2.9,78.1,Chilled,Long_Distance,Micro_Perforated_PE,39,High,High,Yes
F03754,Mango,Fresh Produce,80.07,0.86,0.69,3.99,High,17,10.6,94.16,Chilled,Refrigerated,Breathable_PE,42,High,High,Yes
F03755,Cheese,Dairy,37.22,34.49,25.17,5.31,Very_Low,53,3.4,69.9,Chilled,Refrigerated,PA_PE_Vacuum,88,Low,Very_Low,Yes
F03756,Tomato,Fresh Produce,93.58,0.0,1.05,4.29,High,13,5.5,75.79,Chilled,Refrigerated,Micro_Perforated_PE,33,High,High,Yes
F03757,Wheat Flour,Grain,11.21,0.34,12.68,6.0,Very_Low,187,26.3,54.84,Ambient,Normal,HDPE,76,Low,Low,No
F03758,Coffee Powder,Beverage,2.67,13.68,14.01,4.73,Very_Low,359,24.4,64.27,Ambient,Long_Distance,Metallized_PET_PE,79,Very_Low,Very_Low,No
F03759,Wheat Flour,Grain,10.31,3.11,12.94,6.09,Very_Low,166,25.3,52.23,Ambient,Long_Distance,HDPE,87,Low,Low,No
F03760,Bread,Bakery,38.87,4.72,9.38,5.47,Very_Low,23,26.4,53.25,Ambient,Normal,LDPE_Bag,55,Medium,Medium,No
F03761,Onion,Vegetable,86.06,2.01,1.44,5.6,Low,127,20.2,68.93,Ambient,Normal,Breathable_PP,45,High,Medium,Yes
F03762,Potato Chips,Snacks,0.0,30.78,6.44,6.33,Very_Low,161,25.7,67.39,Ambient,Long_Distance,Metallized_PET_PE,72,Low,Very_Low,Yes
F03763,Apple,Fresh Produce,86.1,0.27,0.4,3.46,High,49,6.0,82.44,Chilled,Long_Distance,Micro_Perforated_PE,45,High,High,Yes
F03764,Potato Chips,Snacks,3.85,31.34,5.53,6.4,Very_Low,174,24.3,73.51,Ambient,Long_Distance,Metallized_PET_PE,82,Low,Very_Low,Yes
F03765,Coffee Powder,Beverage,3.43,14.62,13.98,5.2,Very_Low,367,24.6,59.65,Ambient,Normal,Metallized_PET_PE,72,Very_Low,Very_Low,No
F03766,Rice,Grain,10.35,0.0,7.3,6.54,Very_Low,354,23.9,51.74,Ambient,Normal,HDPE,86,Low,Low,No
F03767,Fish,Seafood,69.43,5.44,19.63,5.87,Very_Low,8,1.7,73.62,Chilled,Refrigerated,PA_PE_Vacuum,95,Low,Very_Low,Yes
F03768,Bread,Bakery,39.71,5.07,8.76,5.42,Very_Low,9,25.8,61.28,Ambient,Long_Distance,LDPE_Bag,54,Medium,Medium,No
F03769,Wheat Flour,Grain,12.32,0.77,13.16,6.1,Very_Low,179,26.4,58.9,Ambient,Long_Distance,HDPE,78,Low,Low,No
F03770,Milk Powder,Dairy,4.02,26.47,25.68,6.46,Very_Low,338,24.8,57.52,Ambient,Normal,Aluminum_Laminate,100,Very_Low,Very_Low,No
F03771,Tomato,Fresh Produce,94.8,0.22,0.68,4.29,High,11,5.1,89.52,Chilled,Long_Distance,Micro_Perforated_PE,46,High,High,Yes
F03772,Carrot,Fresh Produce,82.44,0.73,0.77,5.9,High,35,4.5,79.52,Chilled,Long_Distance,Micro_Perforated_PE,25,High,High,Yes
F03773,Frozen Peas,Frozen Vegetable,76.42,0.71,6.13,6.02,Low,372,-17.5,93.54,Frozen,Normal,PE_Film,69,Medium,Low,Yes
F03774,Peanuts,Nuts,3.44,51.89,25.88,6.71,Very_Low,161,24.3,69.17,Ambient,Normal,Metallized_PET_PE,71,Very_Low,Very_Low,No
F03775,Fish,Seafood,74.01,5.02,19.76,6.22,Very_Low,1,1.6,72.25,Chilled,Refrigerated,PA_PE_Vacuum,99,Low,Very_Low,Yes
F03776,Bread,Bakery,39.46,3.64,9.8,5.59,Very_Low,1,25.8,53.26,Ambient,Long_Distance,LDPE_Bag,51,Medium,Medium,No
F03777,Carrot,Fresh Produce,89.35,0.22,0.6,5.77,High,30,4.5,76.8,Chilled,Long_Distance,Micro_Perforated_PE,50,High,High,Yes
F03778,Biscuits,Bakery,1.55,16.67,6.2,7.04,Very_Low,182,24.9,48.05,Ambient,Normal,BOPP_PE,68,Low,Low,No
F03779,Cheese,Dairy,37.8,32.57,24.9,5.0,Very_Low,57,2.4,81.5,Chilled,Normal,PA_PE_Vacuum,85,Low,Very_Low,Yes
F03780,Yogurt,Dairy,85.47,2.43,4.1,4.52,Very_Low,20,4.1,95.7,Chilled,Refrigerated,PP_Cup_Foil_Lid,50,Medium,Low,Yes
F03781,Fresh Chicken,Meat,68.77,8.58,22.83,5.87,Very_Low,1,3.9,80.72,Chilled,Long_Distance,PA_PE_Vacuum,95,Low,Very_Low,Yes
F03782,Yogurt,Dairy,85.32,1.53,3.97,4.39,Very_Low,20,4.4,77.11,Chilled,Refrigerated,PP_Cup_Foil_Lid,39,Medium,Low,Yes
F03783,Frozen Peas,Frozen Vegetable,81.21,0.3,4.83,6.16,Low,347,-17.4,77.53,Frozen,Normal,PE_Film,72,Medium,Low,Yes
F03784,Coffee Powder,Beverage,3.43,13.77,14.11,4.93,Very_Low,394,24.2,54.95,Ambient,Long_Distance,Metallized_PET_PE,90,Very_Low,Very_Low,No
F03785,Butter,Dairy,17.17,82.28,0.39,6.23,Very_Low,118,4.1,95.66,Chilled,Long_Distance,Aluminum_Foil_Laminate,88,Very_Low,Very_Low,No
F03786,Cheese,Dairy,37.51,33.04,26.01,5.28,Very_Low,71,4.6,74.59,Chilled,Refrigerated,PA_PE_Vacuum,87,Low,Very_Low,Yes
F03787,Milk Powder,Dairy,3.62,25.16,25.3,6.59,Very_Low,343,25.2,59.99,Ambient,Normal,Aluminum_Laminate,103,Very_Low,Very_Low,No
F03788,Mango,Fresh Produce,87.24,0.24,0.0,3.96,High,30,10.0,75.42,Chilled,Normal,Breathable_PE,35,High,High,Yes
F03789,Potato Chips,Snacks,0.69,30.19,6.84,6.29,Very_Low,186,24.1,46.8,Ambient,Normal,Metallized_PET_PE,75,Low,Very_Low,Yes
F03790,Fish,Seafood,77.91,5.54,21.4,6.25,Very_Low,1,1.1,93.45,Chilled,Refrigerated,PA_PE_Vacuum,90,Low,Very_Low,Yes
F03791,Milk Powder,Dairy,3.67,24.06,26.94,6.43,Very_Low,404,26.2,53.12,Ambient,Long_Distance,Aluminum_Laminate,94,Very_Low,Very_Low,No
F03792,Wheat Flour,Grain,10.54,0.55,12.74,6.22,Very_Low,185,23.6,67.04,Ambient,Normal,HDPE,79,Low,Low,No
F03793,Potato Chips,Snacks,2.14,31.02,5.57,6.25,Very_Low,187,25.7,49.4,Ambient,Long_Distance,Metallized_PET_PE,79,Low,Very_Low,Yes
F03794,Apple,Fresh Produce,90.93,0.09,0.27,3.41,High,65,5.9,81.44,Chilled,Refrigerated,Micro_Perforated_PE,39,High,High,Yes
F03795,Wheat Flour,Grain,12.26,0.73,13.14,6.14,Very_Low,187,25.8,62.14,Ambient,Normal,HDPE,71,Low,Low,No
F03796,Cheese,Dairy,37.04,35.71,24.36,5.2,Very_Low,58,4.0,89.11,Chilled,Long_Distance,PA_PE_Vacuum,84,Low,Very_Low,Yes
F03797,Onion,Vegetable,85.5,1.03,1.39,5.2,Low,132,21.1,59.73,Ambient,Long_Distance,Breathable_PP,52,High,Medium,Yes
F03798,Onion,Vegetable,88.89,0.0,1.85,5.5,Low,115,19.9,46.39,Ambient,Long_Distance,Breathable_PP,50,High,Medium,Yes
F03799,Milk Powder,Dairy,0.2,27.02,25.55,6.57,Very_Low,357,25.4,76.54,Ambient,Long_Distance,Aluminum_Laminate,94,Very_Low,Very_Low,No
F03800,Tomato,Fresh Produce,94.8,0.28,0.99,4.31,High,26,5.4,83.95,Chilled,Normal,Micro_Perforated_PE,41,High,High,Yes
F03801,Frozen Peas,Frozen Vegetable,81.47,1.8,4.51,6.46,Low,387,-17.6,88.79,Frozen,Long_Distance,PE_Film,72,Medium,Low,Yes
F03802,Yogurt,Dairy,83.72,1.42,3.66,4.61,Very_Low,18,4.5,89.9,Chilled,Refrigerated,PP_Cup_Foil_Lid,46,Medium,Low,Yes
F03803,Apple,Fresh Produce,90.53,2.41,0.46,3.68,High,66,4.2,84.25,Chilled,Long_Distance,Micro_Perforated_PE,41,High,High,Yes
F03804,Fish,Seafood,76.9,4.04,18.86,6.25,Very_Low,3,2.1,85.74,Chilled,Refrigerated,PA_PE_Vacuum,90,Low,Very_Low,Yes
F03805,Carrot,Fresh Produce,90.16,0.67,0.27,5.9,High,36,5.1,84.27,Chilled,Long_Distance,Micro_Perforated_PE,47,High,High,Yes
F03806,Frozen Peas,Frozen Vegetable,80.12,0.0,5.85,6.21,Low,406,-16.4,73.04,Frozen,Normal,PE_Film,65,Medium,Low,Yes
F03807,Ground Coffee,Beverage,2.06,13.93,13.63,5.08,Very_Low,367,24.4,57.5,Ambient,Long_Distance,High_Barrier_Laminate,91,Very_Low,Very_Low,No
F03808,Tomato,Fresh Produce,92.93,0.0,1.17,4.3,High,16,5.3,74.43,Chilled,Long_Distance,Micro_Perforated_PE,49,High,High,Yes
F03809,Carrot,Fresh Produce,84.84,1.49,1.18,6.06,High,34,6.0,84.86,Chilled,Normal,Micro_Perforated_PE,36,High,High,Yes
F03810,Frozen Peas,Frozen Vegetable,80.25,0.14,4.89,6.15,Low,382,-16.9,75.59,Frozen,Long_Distance,PE_Film,76,Medium,Low,Yes
F03811,Tomato,Fresh Produce,95.56,0.1,1.03,4.24,High,6,5.3,80.74,Chilled,Long_Distance,Micro_Perforated_PE,50,High,High,Yes
F03812,Mango,Fresh Produce,79.9,2.74,0.96,3.81,High,13,8.5,93.24,Chilled,Normal,Breathable_PE,49,High,High,Yes
F03813,Butter,Dairy,16.87,83.03,1.01,6.31,Very_Low,114,4.3,84.68,Chilled,Normal,Aluminum_Foil_Laminate,88,Very_Low,Very_Low,No
F03814,Apple,Fresh Produce,88.97,0.0,0.05,3.51,High,66,3.9,88.15,Chilled,Long_Distance,Micro_Perforated_PE,38,High,High,Yes
F03815,Onion,Vegetable,89.26,0.0,0.6,5.67,Low,117,19.9,55.08,Ambient,Normal,Breathable_PP,58,High,Medium,Yes
F03816,Wheat Flour,Grain,15.06,1.65,13.35,5.93,Very_Low,169,24.8,64.18,Ambient,Long_Distance,HDPE,77,Low,Low,No
F03817,Wheat Flour,Grain,9.85,2.37,12.87,6.1,Very_Low,186,24.8,54.08,Ambient,Normal,HDPE,77,Low,Low,No
F03818,Biscuits,Bakery,5.18,19.89,7.49,7.13,Very_Low,190,25.0,69.11,Ambient,Normal,BOPP_PE,68,Low,Low,No
F03819,Fresh Chicken,Meat,73.87,6.27,22.65,5.72,Very_Low,10,4.5,86.38,Chilled,Refrigerated,PA_PE_Vacuum,88,Low,Very_Low,Yes
F03820,Biscuits,Bakery,3.89,19.14,7.43,7.04,Very_Low,202,25.2,43.16,Ambient,Long_Distance,BOPP_PE,67,Low,Low,No
F03821,Fish,Seafood,71.8,6.07,20.81,6.25,Very_Low,3,-0.1,94.31,Chilled,Refrigerated,PA_PE_Vacuum,94,Low,Very_Low,Yes
F03822,Carrot,Fresh Produce,89.35,0.0,0.39,6.02,High,44,5.2,81.78,Chilled,Long_Distance,Micro_Perforated_PE,38,High,High,Yes
F03823,Fish,Seafood,78.53,4.34,19.84,6.32,Very_Low,12,1.9,75.96,Chilled,Normal,PA_PE_Vacuum,88,Low,Very_Low,Yes
F03824,Peanuts,Nuts,9.18,45.1,24.55,6.44,Very_Low,157,25.3,56.96,Ambient,Normal,Metallized_PET_PE,79,Very_Low,Very_Low,No
F03825,Potato Chips,Snacks,0.0,30.25,6.49,6.12,Very_Low,175,25.1,49.56,Ambient,Long_Distance,Metallized_PET_PE,78,Low,Very_Low,Yes
F03826,Potato Chips,Snacks,2.0,31.54,5.69,6.18,Very_Low,180,25.6,43.97,Ambient,Long_Distance,Metallized_PET_PE,76,Low,Very_Low,Yes
F03827,Onion,Vegetable,89.54,1.77,1.52,5.42,Low,116,20.3,59.64,Ambient,Normal,Breathable_PP,48,High,Medium,Yes
F03828,Milk Powder,Dairy,4.48,27.82,26.53,6.86,Very_Low,366,26.0,44.87,Ambient,Long_Distance,Aluminum_Laminate,93,Very_Low,Very_Low,No
F03829,Potato Chips,Snacks,3.68,28.16,6.35,5.99,Very_Low,161,25.0,71.27,Ambient,Long_Distance,Metallized_PET_PE,69,Low,Very_Low,Yes
F03830,Coffee Powder,Beverage,2.79,17.05,14.99,4.95,Very_Low,363,25.3,50.7,Ambient,Normal,Metallized_PET_PE,76,Very_Low,Very_Low,No
F03831,Coffee Powder,Beverage,7.06,13.1,13.74,5.1,Very_Low,356,23.1,46.09,Ambient,Long_Distance,Metallized_PET_PE,81,Very_Low,Very_Low,No
F03832,Onion,Vegetable,88.17,0.0,1.95,5.44,Low,123,21.5,56.69,Ambient,Normal,Breathable_PP,52,High,Medium,Yes
F03833,Bread,Bakery,31.15,3.74,9.45,5.61,Very_Low,11,23.6,63.67,Ambient,Long_Distance,LDPE_Bag,48,Medium,Medium,No
F03834,Rice,Grain,12.35,0.85,6.36,6.53,Very_Low,392,25.3,44.17,Ambient,Long_Distance,HDPE,75,Low,Low,No
F03835,Fish,Seafood,77.03,5.23,20.81,6.04,Very_Low,3,2.3,77.36,Chilled,Refrigerated,PA_PE_Vacuum,92,Low,Very_Low,Yes
F03836,Ground Coffee,Beverage,1.35,15.5,13.97,5.22,Very_Low,366,25.6,47.99,Ambient,Long_Distance,High_Barrier_Laminate,87,Very_Low,Very_Low,No
F03837,Fresh Chicken,Meat,69.92,7.87,23.02,5.54,Very_Low,12,3.4,79.17,Chilled,Long_Distance,PA_PE_Vacuum,89,Low,Very_Low,Yes
F03838,Potato Chips,Snacks,0.24,28.96,6.09,6.1,Very_Low,174,24.3,73.3,Ambient,Normal,Metallized_PET_PE,93,Low,Very_Low,Yes
F03839,Mango,Fresh Produce,82.41,0.94,1.18,3.98,High,23,10.5,82.11,Chilled,Long_Distance,Breathable_PE,37,High,High,Yes
F03840,Coffee Powder,Beverage,2.38,15.04,14.05,4.94,Very_Low,312,26.0,59.09,Ambient,Normal,Metallized_PET_PE,84,Very_Low,Very_Low,No
F03841,Yogurt,Dairy,90.62,3.78,3.98,4.25,Very_Low,33,5.1,95.09,Chilled,Refrigerated,PP_Cup_Foil_Lid,57,Medium,Low,Yes
F03842,Yogurt,Dairy,91.43,5.2,3.51,4.29,Very_Low,32,5.4,95.06,Chilled,Long_Distance,PP_Cup_Foil_Lid,50,Medium,Low,Yes
F03843,Onion,Vegetable,84.33,0.0,1.08,5.73,Low,111,19.2,62.59,Ambient,Normal,Breathable_PP,57,High,Medium,Yes
F03844,Potato Chips,Snacks,0.91,31.63,6.51,6.25,Very_Low,197,26.2,65.85,Ambient,Normal,Metallized_PET_PE,85,Low,Very_Low,Yes
F03845,Carrot,Fresh Produce,89.52,0.0,1.22,5.81,High,32,5.8,89.33,Chilled,Long_Distance,Micro_Perforated_PE,33,High,High,Yes
F03846,Yogurt,Dairy,89.31,4.36,4.06,4.21,Very_Low,26,3.2,95.41,Chilled,Refrigerated,PP_Cup_Foil_Lid,55,Medium,Low,Yes
F03847,Ground Coffee,Beverage,6.58,14.53,15.18,5.01,Very_Low,384,25.4,47.05,Ambient,Long_Distance,High_Barrier_Laminate,85,Very_Low,Very_Low,No
F03848,Milk Powder,Dairy,0.41,27.3,28.1,6.69,Very_Low,372,24.6,51.14,Ambient,Long_Distance,Aluminum_Laminate,101,Very_Low,Very_Low,No
F03849,Coffee Powder,Beverage,0.0,14.76,14.42,5.19,Very_Low,372,25.0,54.04,Ambient,Long_Distance,Metallized_PET_PE,81,Very_Low,Very_Low,No
F03850,Fish,Seafood,78.52,3.04,19.77,6.3,Very_Low,9,2.0,77.45,Chilled,Normal,PA_PE_Vacuum,86,Low,Very_Low,Yes
F03851,Peanuts,Nuts,7.47,52.83,24.84,6.48,Very_Low,157,23.8,63.39,Ambient,Normal,Metallized_PET_PE,81,Very_Low,Very_Low,No
F03852,Mango,Fresh Produce,80.78,0.0,1.28,4.05,High,14,10.2,72.69,Chilled,Refrigerated,Breathable_PE,37,High,High,Yes
F03853,Tomato,Fresh Produce,93.21,0.0,1.1,4.49,High,1,5.2,70.99,Chilled,Long_Distance,Micro_Perforated_PE,39,High,High,Yes
F03854,Mango,Fresh Produce,86.39,0.0,0.84,4.05,High,20,9.2,87.52,Chilled,Normal,Breathable_PE,38,High,High,Yes
F03855,Butter,Dairy,14.86,83.67,1.34,6.21,Very_Low,118,3.9,70.63,Chilled,Long_Distance,Aluminum_Foil_Laminate,93,Very_Low,Very_Low,No
F03856,Onion,Vegetable,91.24,0.0,1.34,5.53,Low,126,19.7,59.5,Ambient,Normal,Breathable_PP,49,High,Medium,Yes
F03857,Yogurt,Dairy,89.88,3.23,4.02,4.29,Very_Low,38,4.6,83.51,Chilled,Long_Distance,PP_Cup_Foil_Lid,47,Medium,Low,Yes
F03858,Frozen Peas,Frozen Vegetable,81.41,0.0,5.18,6.28,Low,366,-16.8,94.16,Frozen,Long_Distance,PE_Film,69,Medium,Low,Yes
F03859,Yogurt,Dairy,89.85,2.0,4.08,4.36,Very_Low,19,3.9,84.89,Chilled,Refrigerated,PP_Cup_Foil_Lid,42,Medium,Low,Yes
F03860,Fresh Chicken,Meat,76.03,6.79,22.36,5.67,Very_Low,2,2.9,74.75,Chilled,Long_Distance,PA_PE_Vacuum,93,Low,Very_Low,Yes
F03861,Fish,Seafood,75.44,5.03,19.77,6.39,Very_Low,20,1.7,74.45,Chilled,Normal,PA_PE_Vacuum,85,Low,Very_Low,Yes
F03862,Biscuits,Bakery,3.28,17.83,7.56,6.97,Very_Low,195,24.9,62.79,Ambient,Normal,BOPP_PE,62,Low,Low,No
F03863,Fresh Chicken,Meat,72.74,6.75,24.18,5.67,Very_Low,9,3.3,95.28,Chilled,Normal,PA_PE_Vacuum,86,Low,Very_Low,Yes
F03864,Mango,Fresh Produce,85.14,1.34,0.44,3.94,High,19,10.0,94.96,Chilled,Refrigerated,Breathable_PE,42,High,High,Yes
F03865,Carrot,Fresh Produce,87.85,1.27,0.65,5.91,High,29,4.5,78.74,Chilled,Long_Distance,Micro_Perforated_PE,24,High,High,Yes
F03866,Biscuits,Bakery,5.68,18.03,6.76,6.89,Very_Low,195,24.9,49.22,Ambient,Long_Distance,BOPP_PE,57,Low,Low,No
F03867,Yogurt,Dairy,87.18,4.11,3.68,4.28,Very_Low,32,3.8,95.21,Chilled,Normal,PP_Cup_Foil_Lid,51,Medium,Low,Yes
F03868,Mango,Fresh Produce,85.99,0.0,1.7,3.88,High,17,11.0,82.67,Chilled,Long_Distance,Breathable_PE,40,High,High,Yes
F03869,Coffee Powder,Beverage,5.3,14.74,14.33,5.01,Very_Low,388,25.9,46.5,Ambient,Long_Distance,Metallized_PET_PE,87,Very_Low,Very_Low,No
F03870,Fish,Seafood,72.09,4.73,20.97,5.95,Very_Low,1,2.1,85.43,Chilled,Long_Distance,PA_PE_Vacuum,90,Low,Very_Low,Yes
F03871,Mango,Fresh Produce,85.37,0.0,0.72,4.16,High,15,10.7,82.05,Chilled,Refrigerated,Breathable_PE,36,High,High,Yes
F03872,Wheat Flour,Grain,11.22,1.77,13.08,6.1,Very_Low,174,24.9,54.03,Ambient,Normal,HDPE,82,Low,Low,No
F03873,Yogurt,Dairy,86.45,3.19,5.14,4.22,Very_Low,37,4.3,81.18,Chilled,Refrigerated,PP_Cup_Foil_Lid,44,Medium,Low,Yes
F03874,Onion,Vegetable,89.36,0.0,0.87,5.67,Low,113,20.0,61.64,Ambient,Normal,Breathable_PP,50,High,Medium,Yes
F03875,Onion,Vegetable,92.57,0.41,0.92,5.58,Low,114,19.4,35.18,Ambient,Long_Distance,Breathable_PP,55,High,Medium,Yes
F03876,Fresh Chicken,Meat,73.18,9.22,22.52,5.97,Very_Low,1,5.3,84.1,Chilled,Normal,PA_PE_Vacuum,102,Low,Very_Low,Yes
F03877,Frozen Peas,Frozen Vegetable,80.18,0.08,5.13,6.08,Low,352,-18.8,93.05,Frozen,Long_Distance,PE_Film,69,Medium,Low,Yes
F03878,Bread,Bakery,33.2,3.03,9.02,5.73,Very_Low,7,24.2,58.79,Ambient,Long_Distance,LDPE_Bag,52,Medium,Medium,No
F03879,Bread,Bakery,35.67,3.86,8.67,5.59,Very_Low,8,26.1,68.42,Ambient,Long_Distance,LDPE_Bag,52,Medium,Medium,No
F03880,Onion,Vegetable,92.04,0.11,0.79,5.48,Low,128,19.7,54.54,Ambient,Long_Distance,Breathable_PP,52,High,Medium,Yes
F03881,Carrot,Fresh Produce,91.26,1.2,0.84,5.9,High,27,4.7,83.17,Chilled,Normal,Micro_Perforated_PE,31,High,High,Yes
F03882,Fish,Seafood,75.21,5.06,19.87,6.13,Very_Low,1,2.5,81.86,Chilled,Refrigerated,PA_PE_Vacuum,83,Low,Very_Low,Yes
F03883,Milk Powder,Dairy,3.94,24.15,25.86,6.51,Very_Low,350,25.4,53.55,Ambient,Normal,Aluminum_Laminate,92,Very_Low,Very_Low,No
F03884,Cheese,Dairy,32.83,33.67,24.58,5.07,Very_Low,61,4.0,80.02,Chilled,Refrigerated,PA_PE_Vacuum,82,Low,Very_Low,Yes
F03885,Tomato,Fresh Produce,94.72,0.9,0.97,4.3,High,12,5.3,76.24,Chilled,Long_Distance,Micro_Perforated_PE,41,High,High,Yes
F03886,Milk Powder,Dairy,2.17,26.04,27.51,6.49,Very_Low,377,24.3,70.07,Ambient,Normal,Aluminum_Laminate,97,Very_Low,Very_Low,No
F03887,Potato Chips,Snacks,0.0,30.02,6.18,6.16,Very_Low,174,25.6,51.62,Ambient,Long_Distance,Metallized_PET_PE,85,Low,Very_Low,Yes
F03888,Carrot,Fresh Produce,83.13,1.31,0.99,5.93,High,36,5.2,95.44,Chilled,Refrigerated,Micro_Perforated_PE,37,High,High,Yes
F03889,Carrot,Fresh Produce,82.33,0.0,1.03,6.1,High,29,5.6,81.23,Chilled,Normal,Micro_Perforated_PE,36,High,High,Yes
F03890,Frozen Peas,Frozen Vegetable,75.82,0.0,4.97,6.18,Low,368,-18.0,86.59,Frozen,Normal,PE_Film,74,Medium,Low,Yes
F03891,Milk Powder,Dairy,7.52,24.95,25.82,6.63,Very_Low,339,25.3,58.26,Ambient,Normal,Aluminum_Laminate,100,Very_Low,Very_Low,No
F03892,Peanuts,Nuts,2.73,48.16,26.11,6.45,Very_Low,183,24.5,56.76,Ambient,Long_Distance,Metallized_PET_PE,82,Very_Low,Very_Low,No
F03893,Carrot,Fresh Produce,88.24,0.08,0.67,5.8,High,39,5.7,92.54,Chilled,Long_Distance,Micro_Perforated_PE,44,High,High,Yes
F03894,Potato Chips,Snacks,3.1,29.8,6.7,6.35,Very_Low,167,24.8,60.49,Ambient,Long_Distance,Metallized_PET_PE,90,Low,Very_Low,Yes
F03895,Butter,Dairy,15.84,82.2,0.29,6.25,Very_Low,103,4.8,83.71,Chilled,Normal,Aluminum_Foil_Laminate,90,Very_Low,Very_Low,No
F03896,Peanuts,Nuts,5.57,46.29,26.73,6.5,Very_Low,190,24.4,62.98,Ambient,Normal,Metallized_PET_PE,87,Very_Low,Very_Low,No
F03897,Potato Chips,Snacks,0.0,27.65,6.78,6.11,Very_Low,168,25.5,72.27,Ambient,Normal,Metallized_PET_PE,90,Low,Very_Low,Yes
F03898,Fish,Seafood,75.19,5.7,19.83,6.17,Very_Low,3,2.7,75.01,Chilled,Refrigerated,PA_PE_Vacuum,89,Low,Very_Low,Yes
F03899,Rice,Grain,11.25,1.63,7.85,6.97,Very_Low,374,24.9,45.31,Ambient,Long_Distance,HDPE,85,Low,Low,No
F03900,Apple,Fresh Produce,81.96,0.0,0.01,3.43,High,60,3.7,94.14,Chilled,Normal,Micro_Perforated_PE,49,High,High,Yes
F03901,Mango,Fresh Produce,84.57,0.19,1.36,3.76,High,24,10.3,74.84,Chilled,Normal,Breathable_PE,44,High,High,Yes
F03902,Biscuits,Bakery,5.72,18.8,6.95,7.05,Very_Low,191,25.3,49.51,Ambient,Normal,BOPP_PE,61,Low,Low,No
F03903,Milk Powder,Dairy,6.62,26.53,25.85,6.76,Very_Low,331,26.5,60.96,Ambient,Long_Distance,Aluminum_Laminate,100,Very_Low,Very_Low,No
F03904,Potato Chips,Snacks,1.35,29.72,5.6,6.11,Very_Low,185,25.4,53.94,Ambient,Normal,Metallized_PET_PE,72,Low,Very_Low,Yes
F03905,Apple,Fresh Produce,88.47,1.56,0.29,3.55,High,62,7.1,90.29,Chilled,Refrigerated,Micro_Perforated_PE,36,High,High,Yes
F03906,Butter,Dairy,13.89,83.34,1.37,6.06,Very_Low,123,4.6,72.24,Chilled,Normal,Aluminum_Foil_Laminate,82,Very_Low,Very_Low,No
F03907,Butter,Dairy,15.91,84.21,0.96,6.06,Very_Low,119,3.3,81.01,Chilled,Refrigerated,Aluminum_Foil_Laminate,92,Very_Low,Very_Low,No
F03908,Milk Powder,Dairy,6.32,25.05,25.82,6.67,Very_Low,327,24.8,62.62,Ambient,Long_Distance,Aluminum_Laminate,104,Very_Low,Very_Low,No
F03909,Carrot,Fresh Produce,87.78,1.73,1.19,6.18,High,30,5.8,90.27,Chilled,Refrigerated,Micro_Perforated_PE,46,High,High,Yes
F03910,Ground Coffee,Beverage,7.09,15.52,14.61,4.84,Very_Low,357,26.1,64.04,Ambient,Normal,High_Barrier_Laminate,81,Very_Low,Very_Low,No
F03911,Carrot,Fresh Produce,90.8,0.0,0.76,6.01,High,33,4.1,94.44,Chilled,Long_Distance,Micro_Perforated_PE,48,High,High,Yes
F03912,Wheat Flour,Grain,11.33,3.07,12.71,5.97,Very_Low,175,24.5,61.71,Ambient,Normal,HDPE,71,Low,Low,No
F03913,Yogurt,Dairy,90.39,1.79,4.23,4.28,Very_Low,29,3.9,89.06,Chilled,Normal,PP_Cup_Foil_Lid,53,Medium,Low,Yes
F03914,Tomato,Fresh Produce,99.32,0.0,0.79,4.19,High,22,6.1,94.71,Chilled,Refrigerated,Micro_Perforated_PE,42,High,High,Yes
F03915,Biscuits,Bakery,1.56,18.19,6.56,6.86,Very_Low,176,24.7,62.08,Ambient,Long_Distance,BOPP_PE,67,Low,Low,No
F03916,Ground Coffee,Beverage,1.96,14.39,12.98,4.98,Very_Low,376,23.0,55.21,Ambient,Long_Distance,High_Barrier_Laminate,82,Very_Low,Very_Low,No
F03917,Yogurt,Dairy,86.68,3.36,4.14,4.38,Very_Low,21,4.9,95.16,Chilled,Long_Distance,PP_Cup_Foil_Lid,48,Medium,Low,Yes
F03918,Frozen Peas,Frozen Vegetable,77.15,0.15,5.59,6.08,Low,365,-17.3,82.73,Frozen,Normal,PE_Film,73,Medium,Low,Yes
F03919,Frozen Peas,Frozen Vegetable,80.59,0.0,5.03,5.97,Low,409,-16.8,73.5,Frozen,Normal,PE_Film,65,Medium,Low,Yes
F03920,Potato Chips,Snacks,3.19,29.21,5.56,6.41,Very_Low,169,25.3,71.85,Ambient,Long_Distance,Metallized_PET_PE,83,Low,Very_Low,Yes
F03921,Mango,Fresh Produce,79.28,1.79,0.61,3.83,High,31,10.7,86.83,Chilled,Long_Distance,Breathable_PE,36,High,High,Yes
F03922,Yogurt,Dairy,86.39,1.71,3.95,4.19,Very_Low,43,4.0,85.68,Chilled,Refrigerated,PP_Cup_Foil_Lid,51,Medium,Low,Yes
F03923,Apple,Fresh Produce,86.02,2.0,0.0,3.7,High,65,4.4,75.38,Chilled,Normal,Micro_Perforated_PE,39,High,High,Yes
F03924,Wheat Flour,Grain,8.57,1.76,12.51,6.38,Very_Low,168,26.7,50.63,Ambient,Long_Distance,HDPE,83,Low,Low,No
F03925,Ground Coffee,Beverage,1.54,14.28,13.32,4.89,Very_Low,361,25.2,53.57,Ambient,Normal,High_Barrier_Laminate,92,Very_Low,Very_Low,No
F03926,Carrot,Fresh Produce,89.52,0.0,0.77,6.02,High,34,4.9,94.98,Chilled,Refrigerated,Micro_Perforated_PE,41,High,High,Yes
F03927,Biscuits,Bakery,1.05,15.69,7.67,7.04,Very_Low,170,25.7,63.59,Ambient,Normal,BOPP_PE,57,Low,Low,No
F03928,Milk Powder,Dairy,6.92,27.37,26.74,6.71,Very_Low,344,25.0,63.11,Ambient,Long_Distance,Aluminum_Laminate,101,Very_Low,Very_Low,No
F03929,Tomato,Fresh Produce,91.69,0.0,0.17,4.14,High,15,4.6,84.26,Chilled,Long_Distance,Micro_Perforated_PE,42,High,High,Yes
F03930,Coffee Powder,Beverage,2.59,15.21,14.55,5.14,Very_Low,356,24.2,46.1,Ambient,Long_Distance,Metallized_PET_PE,80,Very_Low,Very_Low,No
F03931,Fish,Seafood,79.01,6.77,20.15,6.02,Very_Low,1,3.8,89.09,Chilled,Normal,PA_PE_Vacuum,82,Low,Very_Low,Yes
F03932,Ground Coffee,Beverage,4.77,16.21,13.48,4.97,Very_Low,344,24.2,65.93,Ambient,Long_Distance,High_Barrier_Laminate,94,Very_Low,Very_Low,No
F03933,Yogurt,Dairy,85.34,2.89,3.61,4.29,Very_Low,34,4.4,85.15,Chilled,Normal,PP_Cup_Foil_Lid,51,Medium,Low,Yes
F03934,Onion,Vegetable,89.61,1.41,1.12,5.55,Low,121,19.5,58.75,Ambient,Normal,Breathable_PP,51,High,Medium,Yes
F03935,Biscuits,Bakery,4.12,18.72,6.51,6.97,Very_Low,193,26.5,60.54,Ambient,Long_Distance,BOPP_PE,58,Low,Low,No
F03936,Bread,Bakery,35.06,5.81,9.29,5.49,Very_Low,5,25.4,54.54,Ambient,Long_Distance,LDPE_Bag,56,Medium,Medium,No
F03937,Frozen Peas,Frozen Vegetable,75.8,0.0,5.08,5.96,Low,356,-18.8,84.47,Frozen,Normal,PE_Film,68,Medium,Low,Yes
F03938,Cheese,Dairy,36.0,31.41,25.77,5.12,Very_Low,70,3.0,79.45,Chilled,Normal,PA_PE_Vacuum,86,Low,Very_Low,Yes
F03939,Cheese,Dairy,38.8,31.87,27.08,5.24,Very_Low,68,3.9,82.74,Chilled,Long_Distance,PA_PE_Vacuum,88,Low,Very_Low,Yes
F03940,Yogurt,Dairy,83.85,2.98,3.52,4.49,Very_Low,36,3.1,80.98,Chilled,Refrigerated,PP_Cup_Foil_Lid,44,Medium,Low,Yes
F03941,Fish,Seafood,73.07,3.84,20.55,6.08,Very_Low,2,2.3,81.01,Chilled,Normal,PA_PE_Vacuum,81,Low,Very_Low,Yes
F03942,Onion,Vegetable,90.87,0.0,1.08,5.54,Low,124,18.6,58.4,Ambient,Normal,Breathable_PP,45,High,Medium,Yes
F03943,Biscuits,Bakery,6.05,19.75,5.98,6.92,Very_Low,181,26.3,67.68,Ambient,Long_Distance,BOPP_PE,59,Low,Low,No
F03944,Mango,Fresh Produce,86.81,0.0,0.89,4.03,High,31,9.3,72.95,Chilled,Refrigerated,Breathable_PE,43,High,High,Yes
F03945,Wheat Flour,Grain,12.29,1.69,13.34,6.05,Very_Low,203,24.8,52.89,Ambient,Normal,HDPE,78,Low,Low,No
F03946,Coffee Powder,Beverage,4.07,14.73,12.79,4.93,Very_Low,395,25.6,60.46,Ambient,Long_Distance,Metallized_PET_PE,80,Very_Low,Very_Low,No
F03947,Ground Coffee,Beverage,3.02,15.04,14.34,4.8,Very_Low,345,25.7,71.87,Ambient,Long_Distance,High_Barrier_Laminate,86,Very_Low,Very_Low,No
F03948,Mango,Fresh Produce,85.04,1.82,0.69,3.96,High,20,10.8,87.81,Chilled,Normal,Breathable_PE,39,High,High,Yes
F03949,Rice,Grain,14.74,0.0,7.16,6.16,Very_Low,397,24.2,44.72,Ambient,Long_Distance,HDPE,78,Low,Low,No
F03950,Potato Chips,Snacks,2.73,30.63,5.16,6.05,Very_Low,184,25.4,70.15,Ambient,Long_Distance,Metallized_PET_PE,69,Low,Very_Low,Yes
F03951,Yogurt,Dairy,83.74,1.08,3.96,4.51,Very_Low,20,4.5,84.11,Chilled,Normal,PP_Cup_Foil_Lid,54,Medium,Low,Yes
F03952,Biscuits,Bakery,3.99,19.23,5.98,7.08,Very_Low,204,26.6,62.79,Ambient,Long_Distance,BOPP_PE,64,Low,Low,No
F03953,Milk Powder,Dairy,3.88,27.74,26.39,6.71,Very_Low,362,25.3,47.85,Ambient,Normal,Aluminum_Laminate,97,Very_Low,Very_Low,No
F03954,Cheese,Dairy,36.0,28.7,25.89,5.25,Very_Low,56,4.3,73.29,Chilled,Normal,PA_PE_Vacuum,89,Low,Very_Low,Yes
F03955,Cheese,Dairy,37.65,33.02,24.59,5.14,Very_Low,55,4.5,84.35,Chilled,Long_Distance,PA_PE_Vacuum,89,Low,Very_Low,Yes
F03956,Cheese,Dairy,34.69,33.07,25.08,5.0,Very_Low,58,4.3,81.27,Chilled,Normal,PA_PE_Vacuum,88,Low,Very_Low,Yes
F03957,Tomato,Fresh Produce,94.06,0.3,0.0,4.15,High,13,4.8,89.27,Chilled,Normal,Micro_Perforated_PE,37,High,High,Yes
F03958,Milk Powder,Dairy,5.21,26.49,26.78,6.69,Very_Low,385,24.9,55.78,Ambient,Long_Distance,Aluminum_Laminate,109,Very_Low,Very_Low,No
F03959,Carrot,Fresh Produce,91.34,0.0,1.26,5.99,High,35,5.1,88.48,Chilled,Normal,Micro_Perforated_PE,47,High,High,Yes
F03960,Bread,Bakery,39.7,2.92,9.25,5.7,Very_Low,19,25.3,58.75,Ambient,Long_Distance,LDPE_Bag,59,Medium,Medium,No
F03961,Coffee Powder,Beverage,3.93,14.9,14.1,4.83,Very_Low,395,24.5,59.88,Ambient,Long_Distance,Metallized_PET_PE,79,Very_Low,Very_Low,No
F03962,Onion,Vegetable,87.01,1.3,0.91,5.57,Low,117,19.0,68.03,Ambient,Normal,Breathable_PP,45,High,Medium,Yes
F03963,Frozen Peas,Frozen Vegetable,82.61,0.62,5.39,6.14,Low,344,-19.4,83.1,Frozen,Long_Distance,PE_Film,73,Medium,Low,Yes
F03964,Peanuts,Nuts,8.64,49.12,25.64,6.46,Very_Low,173,25.2,51.07,Ambient,Normal,Metallized_PET_PE,82,Very_Low,Very_Low,No
F03965,Frozen Peas,Frozen Vegetable,81.3,0.31,5.73,5.92,Low,377,-16.8,83.36,Frozen,Long_Distance,PE_Film,68,Medium,Low,Yes
F03966,Wheat Flour,Grain,13.55,0.0,13.53,6.2,Very_Low,189,24.5,60.97,Ambient,Normal,HDPE,84,Low,Low,No
F03967,Butter,Dairy,15.86,82.5,1.05,6.28,Very_Low,119,2.9,77.62,Chilled,Long_Distance,Aluminum_Foil_Laminate,90,Very_Low,Very_Low,No
F03968,Biscuits,Bakery,5.57,19.13,7.05,6.86,Very_Low,184,24.7,61.73,Ambient,Long_Distance,BOPP_PE,64,Low,Low,No
F03969,Coffee Powder,Beverage,2.19,14.63,14.23,4.89,Very_Low,315,25.8,58.05,Ambient,Normal,Metallized_PET_PE,85,Very_Low,Very_Low,No
F03970,Yogurt,Dairy,86.07,2.36,4.07,4.55,Very_Low,27,4.9,94.08,Chilled,Long_Distance,PP_Cup_Foil_Lid,55,Medium,Low,Yes
F03971,Rice,Grain,16.19,0.0,7.48,6.42,Very_Low,377,25.5,46.83,Ambient,Long_Distance,HDPE,76,Low,Low,No
F03972,Fresh Chicken,Meat,72.67,8.84,22.06,5.64,Very_Low,12,3.7,84.84,Chilled,Long_Distance,PA_PE_Vacuum,93,Low,Very_Low,Yes
F03973,Onion,Vegetable,88.91,0.0,0.61,5.57,Low,116,19.9,52.29,Ambient,Long_Distance,Breathable_PP,47,High,Medium,Yes
F03974,Peanuts,Nuts,5.22,48.22,25.79,6.45,Very_Low,199,25.5,62.51,Ambient,Normal,Metallized_PET_PE,86,Very_Low,Very_Low,No
F03975,Bread,Bakery,36.36,4.69,8.95,5.57,Very_Low,1,25.2,65.69,Ambient,Long_Distance,LDPE_Bag,47,Medium,Medium,No
F03976,Tomato,Fresh Produce,95.97,0.69,0.63,4.26,High,8,4.6,93.89,Chilled,Normal,Micro_Perforated_PE,44,High,High,Yes
F03977,Potato Chips,Snacks,2.46,32.66,5.77,6.2,Very_Low,170,24.6,59.62,Ambient,Normal,Metallized_PET_PE,73,Low,Very_Low,Yes
F03978,Ground Coffee,Beverage,1.87,15.8,13.13,4.87,Very_Low,341,24.3,64.01,Ambient,Normal,High_Barrier_Laminate,95,Very_Low,Very_Low,No
F03979,Bread,Bakery,37.6,4.38,8.05,5.52,Very_Low,4,25.5,61.28,Ambient,Long_Distance,LDPE_Bag,53,Medium,Medium,No
F03980,Fish,Seafood,73.72,5.29,20.73,6.07,Very_Low,8,1.1,80.96,Chilled,Normal,PA_PE_Vacuum,84,Low,Very_Low,Yes
F03981,Bread,Bakery,36.12,4.59,9.44,5.28,Very_Low,15,25.4,53.83,Ambient,Long_Distance,LDPE_Bag,44,Medium,Medium,No
F03982,Rice,Grain,13.12,1.26,8.42,6.56,Very_Low,374,24.3,62.94,Ambient,Long_Distance,HDPE,78,Low,Low,No
F03983,Carrot,Fresh Produce,88.37,0.0,0.5,5.93,High,35,4.6,75.13,Chilled,Refrigerated,Micro_Perforated_PE,34,High,High,Yes
F03984,Onion,Vegetable,95.85,0.0,1.48,5.53,Low,120,19.5,56.09,Ambient,Normal,Breathable_PP,42,High,Medium,Yes
F03985,Rice,Grain,9.1,0.59,7.03,6.4,Very_Low,345,25.6,76.58,Ambient,Long_Distance,HDPE,75,Low,Low,No
F03986,Fish,Seafood,75.19,5.51,19.88,6.04,Very_Low,2,0.9,95.07,Chilled,Normal,PA_PE_Vacuum,91,Low,Very_Low,Yes
F03987,Wheat Flour,Grain,12.0,3.17,12.78,5.93,Very_Low,195,24.1,37.95,Ambient,Long_Distance,HDPE,78,Low,Low,No
F03988,Frozen Peas,Frozen Vegetable,79.58,0.0,5.05,6.19,Low,330,-18.4,94.73,Frozen,Normal,PE_Film,74,Medium,Low,Yes
F03989,Biscuits,Bakery,6.85,18.59,7.27,6.84,Very_Low,176,24.9,62.49,Ambient,Long_Distance,BOPP_PE,66,Low,Low,No
F03990,Frozen Peas,Frozen Vegetable,82.48,0.0,5.15,6.22,Low,401,-16.1,71.7,Frozen,Normal,PE_Film,66,Medium,Low,Yes
F03991,Tomato,Fresh Produce,95.59,1.65,0.38,4.39,High,19,4.4,90.38,Chilled,Normal,Micro_Perforated_PE,39,High,High,Yes
F03992,Fish,Seafood,72.23,7.2,20.15,6.49,Very_Low,3,2.3,85.9,Chilled,Long_Distance,PA_PE_Vacuum,90,Low,Very_Low,Yes
F03993,Yogurt,Dairy,87.1,1.13,4.17,4.14,Very_Low,23,3.8,81.06,Chilled,Long_Distance,PP_Cup_Foil_Lid,51,Medium,Low,Yes
F03994,Fish,Seafood,73.06,4.65,19.46,6.23,Very_Low,1,2.4,88.09,Chilled,Long_Distance,PA_PE_Vacuum,93,Low,Very_Low,Yes
F03995,Mango,Fresh Produce,85.22,0.0,0.83,4.17,High,25,10.9,93.88,Chilled,Normal,Breathable_PE,36,High,High,Yes
F03996,Milk Powder,Dairy,6.29,23.01,27.24,6.79,Very_Low,379,24.1,57.17,Ambient,Long_Distance,Aluminum_Laminate,105,Very_Low,Very_Low,No
F03997,Yogurt,Dairy,87.51,1.46,4.56,4.48,Very_Low,29,5.2,85.22,Chilled,Long_Distance,PP_Cup_Foil_Lid,47,Medium,Low,Yes
F03998,Fish,Seafood,72.37,5.47,19.87,6.04,Very_Low,16,0.4,85.95,Chilled,Normal,PA_PE_Vacuum,100,Low,Very_Low,Yes
F03999,Carrot,Fresh Produce,89.33,0.68,0.56,5.96,High,33,5.6,71.11,Chilled,Long_Distance,Micro_Perforated_PE,44,High,High,Yes
F04000,Frozen Peas,Frozen Vegetable,82.17,1.31,6.2,6.4,Low,361,-18.5,72.99,Frozen,Long_Distance,PE_Film,76,Medium,Low,Yes
F04001,Potato Chips,Snacks,0.0,29.91,5.9,6.35,Very_Low,168,25.1,58.87,Ambient,Normal,Metallized_PET_PE,81,Low,Very_Low,Yes
F04002,Carrot,Fresh Produce,92.23,0.69,0.74,5.8,High,25,4.3,85.08,Chilled,Refrigerated,Micro_Perforated_PE,39,High,High,Yes
F04003,Yogurt,Dairy,87.17,3.16,4.01,4.23,Very_Low,23,3.3,83.72,Chilled,Long_Distance,PP_Cup_Foil_Lid,47,Medium,Low,Yes
F04004,Mango,Fresh Produce,84.42,0.19,1.14,3.96,High,19,8.6,84.61,Chilled,Long_Distance,Breathable_PE,37,High,High,Yes
F04005,Onion,Vegetable,93.25,1.15,1.19,5.58,Low,119,19.0,43.8,Ambient,Long_Distance,Breathable_PP,52,High,Medium,Yes
F04006,Frozen Peas,Frozen Vegetable,80.68,0.41,5.82,6.14,Low,341,-18.3,84.61,Frozen,Normal,PE_Film,78,Medium,Low,Yes
F04007,Fresh Chicken,Meat,72.9,8.47,21.77,5.75,Very_Low,1,5.7,66.58,Chilled,Long_Distance,PA_PE_Vacuum,89,Low,Very_Low,Yes
F04008,Rice,Grain,10.31,0.0,7.59,6.61,Very_Low,347,24.7,57.73,Ambient,Long_Distance,HDPE,75,Low,Low,No
F04009,Ground Coffee,Beverage,0.0,14.29,13.96,4.9,Very_Low,342,25.2,63.71,Ambient,Normal,High_Barrier_Laminate,80,Very_Low,Very_Low,No
F04010,Potato Chips,Snacks,4.34,28.98,6.52,6.1,Very_Low,163,24.8,72.11,Ambient,Normal,Metallized_PET_PE,92,Low,Very_Low,Yes
F04011,Wheat Flour,Grain,14.29,0.76,12.61,6.1,Very_Low,186,25.0,65.94,Ambient,Long_Distance,HDPE,78,Low,Low,No
F04012,Biscuits,Bakery,4.25,16.4,7.35,6.88,Very_Low,192,24.9,56.23,Ambient,Normal,BOPP_PE,56,Low,Low,No
F04013,Cheese,Dairy,36.86,32.66,24.7,5.27,Very_Low,55,3.6,79.21,Chilled,Long_Distance,PA_PE_Vacuum,103,Low,Very_Low,Yes
F04014,Carrot,Fresh Produce,96.3,0.19,0.82,5.86,High,31,4.8,86.06,Chilled,Refrigerated,Micro_Perforated_PE,38,High,High,Yes
F04015,Rice,Grain,12.24,0.28,6.9,6.63,Very_Low,382,25.3,61.87,Ambient,Long_Distance,HDPE,80,Low,Low,No
F04016,Ground Coffee,Beverage,2.23,16.82,13.77,5.22,Very_Low,372,24.6,63.07,Ambient,Long_Distance,High_Barrier_Laminate,88,Very_Low,Very_Low,No
F04017,Fresh Chicken,Meat,72.29,9.49,22.87,5.57,Very_Low,1,4.7,85.93,Chilled,Normal,PA_PE_Vacuum,86,Low,Very_Low,Yes
F04018,Tomato,Fresh Produce,97.19,0.03,0.92,4.12,High,7,3.4,75.05,Chilled,Refrigerated,Micro_Perforated_PE,39,High,High,Yes
F04019,Rice,Grain,11.63,1.16,7.28,6.57,Very_Low,370,24.6,67.85,Ambient,Normal,HDPE,81,Low,Low,No
F04020,Ground Coffee,Beverage,1.81,13.3,13.9,5.0,Very_Low,354,24.7,69.65,Ambient,Long_Distance,High_Barrier_Laminate,92,Very_Low,Very_Low,No
F04021,Yogurt,Dairy,85.02,4.13,4.7,4.55,Very_Low,50,3.0,85.99,Chilled,Refrigerated,PP_Cup_Foil_Lid,53,Medium,Low,Yes
F04022,Tomato,Fresh Produce,99.75,0.0,1.19,4.26,High,17,4.1,83.7,Chilled,Refrigerated,Micro_Perforated_PE,25,High,High,Yes
F04023,Coffee Powder,Beverage,4.14,14.35,13.81,4.87,Very_Low,364,24.7,64.42,Ambient,Long_Distance,Metallized_PET_PE,81,Very_Low,Very_Low,No
F04024,Milk Powder,Dairy,4.97,23.49,25.38,6.5,Very_Low,342,24.5,52.91,Ambient,Normal,Aluminum_Laminate,92,Very_Low,Very_Low,No
F04025,Biscuits,Bakery,2.09,15.25,7.04,6.93,Very_Low,178,24.8,73.31,Ambient,Long_Distance,BOPP_PE,53,Low,Low,No
F04026,Bread,Bakery,40.67,4.94,8.22,5.69,Very_Low,13,23.6,60.27,Ambient,Long_Distance,LDPE_Bag,58,Medium,Medium,No
F04027,Biscuits,Bakery,3.8,19.42,7.0,7.02,Very_Low,184,25.7,65.56,Ambient,Long_Distance,BOPP_PE,59,Low,Low,No
F04028,Milk Powder,Dairy,2.58,25.6,27.17,6.45,Very_Low,364,23.7,69.03,Ambient,Long_Distance,Aluminum_Laminate,98,Very_Low,Very_Low,No
F04029,Biscuits,Bakery,5.73,19.56,7.34,6.97,Very_Low,190,24.6,67.16,Ambient,Long_Distance,BOPP_PE,60,Low,Low,No
F04030,Milk Powder,Dairy,2.77,26.32,25.66,6.94,Very_Low,350,24.2,57.1,Ambient,Normal,Aluminum_Laminate,92,Very_Low,Very_Low,No
F04031,Biscuits,Bakery,0.7,17.49,6.93,6.99,Very_Low,189,24.0,72.9,Ambient,Long_Distance,BOPP_PE,52,Low,Low,No
F04032,Cheese,Dairy,34.95,32.39,25.03,5.25,Very_Low,53,4.3,85.13,Chilled,Long_Distance,PA_PE_Vacuum,86,Low,Very_Low,Yes
F04033,Apple,Fresh Produce,86.14,0.18,1.43,3.44,High,74,4.7,82.2,Chilled,Long_Distance,Micro_Perforated_PE,43,High,High,Yes
F04034,Yogurt,Dairy,90.0,1.99,4.63,4.24,Very_Low,22,4.8,94.36,Chilled,Refrigerated,PP_Cup_Foil_Lid,58,Medium,Low,Yes
F04035,Bread,Bakery,36.1,3.33,8.87,5.67,Very_Low,12,23.6,66.88,Ambient,Long_Distance,LDPE_Bag,54,Medium,Medium,No
F04036,Fresh Chicken,Meat,67.26,8.74,22.42,5.89,Very_Low,1,4.5,80.89,Chilled,Long_Distance,PA_PE_Vacuum,94,Low,Very_Low,Yes
F04037,Fresh Chicken,Meat,68.01,8.42,23.24,5.8,Very_Low,18,4.1,86.61,Chilled,Refrigerated,PA_PE_Vacuum,94,Low,Very_Low,Yes
F04038,Potato Chips,Snacks,3.67,30.28,5.92,6.35,Very_Low,169,26.1,68.0,Ambient,Long_Distance,Metallized_PET_PE,73,Low,Very_Low,Yes
F04039,Peanuts,Nuts,9.37,46.63,23.75,6.43,Very_Low,182,24.7,58.92,Ambient,Normal,Metallized_PET_PE,77,Very_Low,Very_Low,No
F04040,Ground Coffee,Beverage,5.92,17.98,13.2,4.89,Very_Low,368,25.0,48.8,Ambient,Long_Distance,High_Barrier_Laminate,95,Very_Low,Very_Low,No
F04041,Ground Coffee,Beverage,5.19,14.89,13.66,4.74,Very_Low,346,25.7,61.44,Ambient,Normal,High_Barrier_Laminate,97,Very_Low,Very_Low,No
F04042,Yogurt,Dairy,88.58,3.16,3.36,4.39,Very_Low,31,2.8,91.94,Chilled,Refrigerated,PP_Cup_Foil_Lid,48,Medium,Low,Yes
F04043,Bread,Bakery,35.17,2.88,8.23,5.4,Very_Low,4,24.6,55.3,Ambient,Long_Distance,LDPE_Bag,55,Medium,Medium,No
F04044,Butter,Dairy,16.33,83.68,0.6,6.13,Very_Low,124,3.7,73.73,Chilled,Long_Distance,Aluminum_Foil_Laminate,90,Very_Low,Very_Low,No
F04045,Peanuts,Nuts,4.72,49.81,25.79,6.68,Very_Low,186,24.1,66.19,Ambient,Long_Distance,Metallized_PET_PE,85,Very_Low,Very_Low,No
F04046,Coffee Powder,Beverage,4.79,13.31,13.64,4.94,Very_Low,349,25.1,60.41,Ambient,Long_Distance,Metallized_PET_PE,86,Very_Low,Very_Low,No
F04047,Coffee Powder,Beverage,0.0,15.46,15.63,4.99,Very_Low,359,25.3,51.06,Ambient,Normal,Metallized_PET_PE,75,Very_Low,Very_Low,No
F04048,Carrot,Fresh Produce,85.49,0.0,1.51,6.18,High,23,4.7,91.0,Chilled,Long_Distance,Micro_Perforated_PE,44,High,High,Yes
F04049,Peanuts,Nuts,5.74,47.44,25.64,6.37,Very_Low,179,25.3,53.35,Ambient,Normal,Metallized_PET_PE,79,Very_Low,Very_Low,No
F04050,Biscuits,Bakery,6.6,18.9,6.95,7.01,Very_Low,183,25.5,61.92,Ambient,Long_Distance,BOPP_PE,61,Low,Low,No
F04051,Onion,Vegetable,91.03,0.0,1.24,5.43,Low,131,20.4,51.21,Ambient,Long_Distance,Breathable_PP,52,High,Medium,Yes
F04052,Biscuits,Bakery,2.14,16.75,7.52,6.96,Very_Low,159,24.9,51.36,Ambient,Normal,BOPP_PE,55,Low,Low,No
F04053,Potato Chips,Snacks,0.39,29.85,4.91,6.06,Very_Low,170,25.4,49.5,Ambient,Long_Distance,Metallized_PET_PE,78,Low,Very_Low,Yes
F04054,Tomato,Fresh Produce,93.32,0.68,0.71,4.49,High,18,3.4,71.17,Chilled,Long_Distance,Micro_Perforated_PE,40,High,High,Yes
F04055,Frozen Peas,Frozen Vegetable,83.92,2.14,4.76,6.36,Low,387,-18.7,89.41,Frozen,Long_Distance,PE_Film,73,Medium,Low,Yes
F04056,Yogurt,Dairy,83.8,3.14,3.18,4.55,Very_Low,32,4.0,90.49,Chilled,Refrigerated,PP_Cup_Foil_Lid,43,Medium,Low,Yes
F04057,Carrot,Fresh Produce,84.64,0.51,0.48,6.07,High,27,4.4,95.95,Chilled,Refrigerated,Micro_Perforated_PE,40,High,High,Yes
F04058,Milk Powder,Dairy,2.96,23.8,24.91,6.53,Very_Low,336,25.2,68.62,Ambient,Long_Distance,Aluminum_Laminate,93,Very_Low,Very_Low,No
F04059,Potato Chips,Snacks,2.6,30.61,6.42,6.12,Very_Low,191,24.6,54.06,Ambient,Normal,Metallized_PET_PE,73,Low,Very_Low,Yes
F04060,Milk Powder,Dairy,4.23,24.94,27.69,6.66,Very_Low,320,24.1,45.48,Ambient,Long_Distance,Aluminum_Laminate,96,Very_Low,Very_Low,No
F04061,Tomato,Fresh Produce,92.8,0.0,0.0,4.25,High,11,4.9,89.64,Chilled,Long_Distance,Micro_Perforated_PE,54,High,High,Yes
F04062,Apple,Fresh Produce,86.21,0.81,0.47,3.57,High,58,4.2,81.53,Chilled,Long_Distance,Micro_Perforated_PE,41,High,High,Yes
F04063,Fish,Seafood,69.26,5.2,20.36,5.9,Very_Low,4,3.2,84.01,Chilled,Refrigerated,PA_PE_Vacuum,82,Low,Very_Low,Yes
F04064,Yogurt,Dairy,91.33,1.66,4.13,4.53,Very_Low,24,4.2,93.09,Chilled,Normal,PP_Cup_Foil_Lid,50,Medium,Low,Yes
F04065,Yogurt,Dairy,84.27,4.71,4.07,4.27,Very_Low,17,5.8,74.53,Chilled,Long_Distance,PP_Cup_Foil_Lid,45,Medium,Low,Yes
F04066,Wheat Flour,Grain,11.42,0.86,11.94,5.87,Very_Low,197,23.8,83.56,Ambient,Long_Distance,HDPE,73,Low,Low,No
F04067,Tomato,Fresh Produce,92.09,0.89,0.99,4.24,High,17,4.1,75.1,Chilled,Refrigerated,Micro_Perforated_PE,31,High,High,Yes
F04068,Peanuts,Nuts,2.83,49.51,25.47,6.43,Very_Low,204,25.9,65.05,Ambient,Long_Distance,Metallized_PET_PE,88,Very_Low,Very_Low,No
F04069,Rice,Grain,10.55,2.28,7.0,6.57,Very_Low,394,27.2,61.91,Ambient,Long_Distance,HDPE,88,Low,Low,No
F04070,Fresh Chicken,Meat,75.29,7.47,24.05,5.71,Very_Low,12,4.0,85.93,Chilled,Refrigerated,PA_PE_Vacuum,95,Low,Very_Low,Yes
F04071,Yogurt,Dairy,86.98,1.07,4.1,4.58,Very_Low,34,3.8,89.84,Chilled,Normal,PP_Cup_Foil_Lid,48,Medium,Low,Yes
F04072,Wheat Flour,Grain,9.85,2.27,12.91,6.37,Very_Low,175,24.8,64.4,Ambient,Long_Distance,HDPE,77,Low,Low,No
F04073,Rice,Grain,9.39,2.25,7.06,6.33,Very_Low,347,24.8,60.95,Ambient,Normal,HDPE,80,Low,Low,No
F04074,Peanuts,Nuts,5.93,51.91,23.41,6.48,Very_Low,174,23.1,50.73,Ambient,Normal,Metallized_PET_PE,76,Very_Low,Very_Low,No
F04075,Carrot,Fresh Produce,86.41,0.91,0.47,6.08,High,32,5.1,94.01,Chilled,Long_Distance,Micro_Perforated_PE,44,High,High,Yes
F04076,Tomato,Fresh Produce,99.03,0.26,0.9,4.21,High,8,5.0,86.82,Chilled,Long_Distance,Micro_Perforated_PE,42,High,High,Yes
F04077,Apple,Fresh Produce,82.36,0.0,0.54,3.41,High,56,4.2,90.37,Chilled,Normal,Micro_Perforated_PE,35,High,High,Yes
F04078,Milk Powder,Dairy,2.61,25.34,25.51,6.67,Very_Low,319,24.4,69.54,Ambient,Long_Distance,Aluminum_Laminate,94,Very_Low,Very_Low,No
F04079,Frozen Peas,Frozen Vegetable,80.42,0.0,5.21,6.16,Low,392,-18.0,75.62,Frozen,Long_Distance,PE_Film,76,Medium,Low,Yes
F04080,Biscuits,Bakery,5.87,17.16,7.09,6.95,Very_Low,167,25.7,53.61,Ambient,Normal,BOPP_PE,69,Low,Low,No
F04081,Yogurt,Dairy,85.42,3.17,3.66,4.42,Very_Low,20,4.0,81.75,Chilled,Refrigerated,PP_Cup_Foil_Lid,53,Medium,Low,Yes
F04082,Fish,Seafood,84.16,5.24,19.36,5.93,Very_Low,9,2.7,89.61,Chilled,Normal,PA_PE_Vacuum,83,Low,Very_Low,Yes
F04083,Ground Coffee,Beverage,5.37,13.91,14.59,5.08,Very_Low,399,25.2,64.31,Ambient,Normal,High_Barrier_Laminate,89,Very_Low,Very_Low,No
F04084,Ground Coffee,Beverage,2.9,17.57,13.15,4.71,Very_Low,376,27.0,59.04,Ambient,Long_Distance,High_Barrier_Laminate,91,Very_Low,Very_Low,No
F04085,Carrot,Fresh Produce,83.74,1.45,1.04,5.98,High,24,5.6,80.58,Chilled,Normal,Micro_Perforated_PE,38,High,High,Yes
F04086,Apple,Fresh Produce,86.88,1.21,0.0,3.74,High,61,5.4,94.91,Chilled,Refrigerated,Micro_Perforated_PE,36,High,High,Yes
F04087,Apple,Fresh Produce,85.05,1.82,0.59,3.45,High,56,6.3,88.95,Chilled,Long_Distance,Micro_Perforated_PE,42,High,High,Yes
F04088,Rice,Grain,14.97,0.67,6.97,6.54,Very_Low,366,24.7,70.64,Ambient,Long_Distance,HDPE,75,Low,Low,No
F04089,Potato Chips,Snacks,6.05,28.59,5.56,6.0,Very_Low,188,25.3,48.78,Ambient,Long_Distance,Metallized_PET_PE,82,Low,Very_Low,Yes
F04090,Frozen Peas,Frozen Vegetable,76.15,0.0,5.64,6.13,Low,320,-17.7,87.89,Frozen,Normal,PE_Film,71,Medium,Low,Yes
F04091,Apple,Fresh Produce,88.21,0.0,0.0,3.44,High,60,4.5,85.25,Chilled,Normal,Micro_Perforated_PE,34,High,High,Yes
F04092,Fresh Chicken,Meat,72.25,7.23,21.6,6.07,Very_Low,2,3.9,81.24,Chilled,Refrigerated,PA_PE_Vacuum,92,Low,Very_Low,Yes
F04093,Rice,Grain,13.36,0.17,7.48,6.63,Very_Low,351,24.8,56.05,Ambient,Long_Distance,HDPE,76,Low,Low,No
F04094,Wheat Flour,Grain,13.27,1.82,12.93,6.15,Very_Low,173,25.3,65.97,Ambient,Long_Distance,HDPE,78,Low,Low,No
F04095,Ground Coffee,Beverage,0.59,16.03,14.94,4.98,Very_Low,377,26.2,46.38,Ambient,Long_Distance,High_Barrier_Laminate,87,Very_Low,Very_Low,No
F04096,Apple,Fresh Produce,88.04,1.06,0.39,3.5,High,66,5.0,85.89,Chilled,Refrigerated,Micro_Perforated_PE,35,High,High,Yes
F04097,Butter,Dairy,14.53,81.5,2.13,6.26,Very_Low,117,4.4,95.8,Chilled,Long_Distance,Aluminum_Foil_Laminate,88,Very_Low,Very_Low,No
F04098,Butter,Dairy,17.69,77.44,1.19,6.28,Very_Low,113,5.1,85.85,Chilled,Normal,Aluminum_Foil_Laminate,98,Very_Low,Very_Low,No
F04099,Tomato,Fresh Produce,94.16,1.39,0.38,4.32,High,21,5.1,83.67,Chilled,Refrigerated,Micro_Perforated_PE,43,High,High,Yes
F04100,Frozen Peas,Frozen Vegetable,82.44,0.14,5.93,6.07,Low,338,-20.1,90.83,Frozen,Normal,PE_Film,78,Medium,Low,Yes
F04101,Fresh Chicken,Meat,73.17,8.75,20.94,5.6,Very_Low,11,4.1,87.07,Chilled,Refrigerated,PA_PE_Vacuum,90,Low,Very_Low,Yes
F04102,Fish,Seafood,74.91,5.91,19.75,6.17,Very_Low,3,2.6,79.9,Chilled,Normal,PA_PE_Vacuum,95,Low,Very_Low,Yes
F04103,Fish,Seafood,76.21,3.42,18.59,6.36,Very_Low,6,2.6,73.08,Chilled,Normal,PA_PE_Vacuum,86,Low,Very_Low,Yes
F04104,Apple,Fresh Produce,85.05,2.56,0.25,3.59,High,62,4.1,75.23,Chilled,Refrigerated,Micro_Perforated_PE,50,High,High,Yes
F04105,Milk Powder,Dairy,4.53,26.07,24.37,6.58,Very_Low,385,24.6,65.22,Ambient,Normal,Aluminum_Laminate,99,Very_Low,Very_Low,No
F04106,Tomato,Fresh Produce,99.25,1.12,1.01,4.3,High,20,5.3,86.54,Chilled,Long_Distance,Micro_Perforated_PE,42,High,High,Yes
F04107,Rice,Grain,12.74,1.53,7.2,6.53,Very_Low,384,25.6,44.32,Ambient,Long_Distance,HDPE,76,Low,Low,No
F04108,Fresh Chicken,Meat,72.33,7.04,22.52,5.7,Very_Low,14,4.4,83.72,Chilled,Normal,PA_PE_Vacuum,84,Low,Very_Low,Yes
F04109,Frozen Peas,Frozen Vegetable,80.29,0.59,5.36,6.11,Low,337,-17.4,78.14,Frozen,Normal,PE_Film,73,Medium,Low,Yes
F04110,Yogurt,Dairy,89.79,3.88,4.26,4.54,Very_Low,41,3.9,94.17,Chilled,Refrigerated,PP_Cup_Foil_Lid,43,Medium,Low,Yes
F04111,Rice,Grain,9.44,0.0,8.06,6.49,Very_Low,375,24.7,57.7,Ambient,Long_Distance,HDPE,77,Low,Low,No
F04112,Apple,Fresh Produce,89.71,0.42,0.0,3.45,High,55,6.7,89.6,Chilled,Refrigerated,Micro_Perforated_PE,35,High,High,Yes
F04113,Potato Chips,Snacks,3.27,31.57,5.84,6.15,Very_Low,177,24.6,65.11,Ambient,Long_Distance,Metallized_PET_PE,68,Low,Very_Low,Yes
F04114,Yogurt,Dairy,85.7,4.03,3.52,4.46,Very_Low,22,2.2,85.58,Chilled,Long_Distance,PP_Cup_Foil_Lid,53,Medium,Low,Yes
F04115,Onion,Vegetable,89.95,0.0,1.1,5.63,Low,128,20.1,46.28,Ambient,Normal,Breathable_PP,38,High,Medium,Yes
F04116,Milk Powder,Dairy,5.17,28.96,24.4,6.54,Very_Low,394,23.2,65.88,Ambient,Long_Distance,Aluminum_Laminate,93,Very_Low,Very_Low,No
F04117,Apple,Fresh Produce,81.42,1.34,0.76,3.56,High,55,4.1,84.74,Chilled,Refrigerated,Micro_Perforated_PE,41,High,High,Yes
F04118,Mango,Fresh Produce,83.05,0.55,1.47,4.21,High,25,10.1,82.88,Chilled,Refrigerated,Breathable_PE,35,High,High,Yes
F04119,Tomato,Fresh Produce,94.37,0.0,1.34,4.43,High,22,5.8,74.36,Chilled,Long_Distance,Micro_Perforated_PE,42,High,High,Yes
F04120,Biscuits,Bakery,2.66,16.3,6.67,6.95,Very_Low,157,25.2,53.44,Ambient,Normal,BOPP_PE,55,Low,Low,No
F04121,Tomato,Fresh Produce,96.09,0.73,0.51,4.35,High,13,4.7,87.21,Chilled,Normal,Micro_Perforated_PE,46,High,High,Yes
F04122,Mango,Fresh Produce,83.28,1.88,0.31,3.85,High,24,7.9,84.8,Chilled,Normal,Breathable_PE,42,High,High,Yes
F04123,Bread,Bakery,40.04,3.84,9.93,5.47,Very_Low,2,26.8,63.52,Ambient,Long_Distance,LDPE_Bag,48,Medium,Medium,No
F04124,Wheat Flour,Grain,10.65,0.72,12.13,6.09,Very_Low,170,24.6,78.16,Ambient,Long_Distance,HDPE,77,Low,Low,No
F04125,Potato Chips,Snacks,3.51,30.97,5.93,6.17,Very_Low,168,22.3,83.05,Ambient,Long_Distance,Metallized_PET_PE,76,Low,Very_Low,Yes
F04126,Ground Coffee,Beverage,0.14,15.26,13.76,5.14,Very_Low,380,25.2,59.61,Ambient,Long_Distance,High_Barrier_Laminate,99,Very_Low,Very_Low,No
F04127,Potato Chips,Snacks,1.5,28.51,5.85,6.12,Very_Low,168,24.5,72.82,Ambient,Normal,Metallized_PET_PE,91,Low,Very_Low,Yes
F04128,Ground Coffee,Beverage,3.0,14.22,14.2,4.95,Very_Low,371,24.7,49.69,Ambient,Normal,High_Barrier_Laminate,93,Very_Low,Very_Low,No
F04129,Fish,Seafood,76.56,4.75,19.71,6.33,Very_Low,10,2.5,92.6,Chilled,Refrigerated,PA_PE_Vacuum,92,Low,Very_Low,Yes
F04130,Frozen Peas,Frozen Vegetable,78.89,0.0,5.35,6.12,Low,342,-18.9,92.16,Frozen,Normal,PE_Film,76,Medium,Low,Yes
F04131,Tomato,Fresh Produce,93.37,0.73,0.74,4.26,High,22,3.7,75.21,Chilled,Refrigerated,Micro_Perforated_PE,42,High,High,Yes
F04132,Ground Coffee,Beverage,4.41,14.93,14.06,5.19,Very_Low,368,24.6,62.27,Ambient,Long_Distance,High_Barrier_Laminate,90,Very_Low,Very_Low,No
F04133,Ground Coffee,Beverage,5.33,15.82,13.66,5.16,Very_Low,410,25.2,64.77,Ambient,Long_Distance,High_Barrier_Laminate,92,Very_Low,Very_Low,No
F04134,Tomato,Fresh Produce,94.59,0.0,0.89,4.19,High,6,5.2,82.19,Chilled,Long_Distance,Micro_Perforated_PE,50,High,High,Yes
F04135,Frozen Peas,Frozen Vegetable,77.66,0.94,5.21,6.34,Low,378,-18.8,92.58,Frozen,Normal,PE_Film,76,Medium,Low,Yes
F04136,Fish,Seafood,78.51,5.79,19.98,6.22,Very_Low,14,3.1,85.65,Chilled,Long_Distance,PA_PE_Vacuum,93,Low,Very_Low,Yes
F04137,Butter,Dairy,14.59,81.7,1.03,6.31,Very_Low,123,4.7,95.74,Chilled,Long_Distance,Aluminum_Foil_Laminate,91,Very_Low,Very_Low,No
F04138,Fish,Seafood,72.0,5.81,19.38,6.28,Very_Low,1,2.3,76.56,Chilled,Normal,PA_PE_Vacuum,86,Low,Very_Low,Yes
F04139,Milk Powder,Dairy,0.0,24.91,26.93,6.54,Very_Low,392,24.9,80.77,Ambient,Long_Distance,Aluminum_Laminate,99,Very_Low,Very_Low,No
F04140,Tomato,Fresh Produce,93.62,0.74,0.93,4.13,High,1,4.7,91.19,Chilled,Refrigerated,Micro_Perforated_PE,34,High,High,Yes
F04141,Fresh Chicken,Meat,71.29,7.82,22.57,5.82,Very_Low,9,2.9,95.78,Chilled,Long_Distance,PA_PE_Vacuum,105,Low,Very_Low,Yes
F04142,Fish,Seafood,76.09,4.33,19.55,6.28,Very_Low,15,1.2,95.36,Chilled,Refrigerated,PA_PE_Vacuum,91,Low,Very_Low,Yes
F04143,Fresh Chicken,Meat,73.71,5.98,22.47,5.83,Very_Low,2,3.4,66.59,Chilled,Long_Distance,PA_PE_Vacuum,91,Low,Very_Low,Yes
F04144,Ground Coffee,Beverage,3.61,13.89,14.34,4.86,Very_Low,347,25.0,62.21,Ambient,Normal,High_Barrier_Laminate,92,Very_Low,Very_Low,No
F04145,Onion,Vegetable,87.93,0.0,0.86,5.58,Low,127,20.1,35.93,Ambient,Long_Distance,Breathable_PP,55,High,Medium,Yes
F04146,Wheat Flour,Grain,13.67,1.97,13.2,5.87,Very_Low,168,25.5,71.33,Ambient,Normal,HDPE,83,Low,Low,No
F04147,Ground Coffee,Beverage,6.23,14.03,13.48,4.89,Very_Low,397,25.5,59.39,Ambient,Normal,High_Barrier_Laminate,95,Very_Low,Very_Low,No
F04148,Frozen Peas,Frozen Vegetable,84.89,0.47,5.37,5.93,Low,366,-18.5,80.67,Frozen,Long_Distance,PE_Film,72,Medium,Low,Yes
F04149,Yogurt,Dairy,86.71,2.9,3.87,4.18,Very_Low,20,4.0,86.73,Chilled,Refrigerated,PP_Cup_Foil_Lid,52,Medium,Low,Yes
F04150,Apple,Fresh Produce,85.98,0.88,1.36,3.58,High,57,4.8,85.8,Chilled,Refrigerated,Micro_Perforated_PE,33,High,High,Yes
F04151,Onion,Vegetable,86.77,0.69,1.86,5.4,Low,121,21.3,53.3,Ambient,Long_Distance,Breathable_PP,46,High,Medium,Yes
F04152,Carrot,Fresh Produce,84.23,0.3,1.59,6.08,High,14,6.9,76.84,Chilled,Normal,Micro_Perforated_PE,43,High,High,Yes
F04153,Milk Powder,Dairy,2.23,26.49,26.77,6.49,Very_Low,359,23.4,69.67,Ambient,Long_Distance,Aluminum_Laminate,98,Very_Low,Very_Low,No
F04154,Frozen Peas,Frozen Vegetable,76.49,0.53,5.01,6.13,Low,379,-18.2,77.84,Frozen,Long_Distance,PE_Film,68,Medium,Low,Yes
F04155,Yogurt,Dairy,85.24,4.45,4.63,4.18,Very_Low,26,3.6,81.15,Chilled,Refrigerated,PP_Cup_Foil_Lid,44,Medium,Low,Yes
F04156,Peanuts,Nuts,9.89,48.82,23.26,6.5,Very_Low,157,24.8,65.34,Ambient,Normal,Metallized_PET_PE,82,Very_Low,Very_Low,No
F04157,Biscuits,Bakery,2.58,17.36,7.31,7.19,Very_Low,181,24.6,66.94,Ambient,Normal,BOPP_PE,60,Low,Low,No
F04158,Potato Chips,Snacks,4.6,30.77,6.61,6.41,Very_Low,178,24.9,71.3,Ambient,Long_Distance,Metallized_PET_PE,85,Low,Very_Low,Yes
F04159,Bread,Bakery,38.65,4.96,9.29,5.65,Very_Low,23,23.5,59.04,Ambient,Long_Distance,LDPE_Bag,59,Medium,Medium,No
F04160,Potato Chips,Snacks,0.0,31.13,6.6,6.21,Very_Low,171,25.4,50.11,Ambient,Long_Distance,Metallized_PET_PE,79,Low,Very_Low,Yes
F04161,Coffee Powder,Beverage,2.21,15.09,13.67,5.04,Very_Low,364,24.7,53.82,Ambient,Normal,Metallized_PET_PE,71,Very_Low,Very_Low,No
F04162,Coffee Powder,Beverage,4.71,16.66,15.05,4.81,Very_Low,381,24.7,61.81,Ambient,Long_Distance,Metallized_PET_PE,79,Very_Low,Very_Low,No
F04163,Mango,Fresh Produce,82.1,0.58,0.62,4.1,High,32,9.5,84.87,Chilled,Long_Distance,Breathable_PE,37,High,High,Yes
F04164,Potato Chips,Snacks,2.6,30.73,6.9,6.28,Very_Low,156,25.1,69.22,Ambient,Long_Distance,Metallized_PET_PE,74,Low,Very_Low,Yes
F04165,Bread,Bakery,38.95,5.41,9.45,5.51,Very_Low,14,24.3,66.25,Ambient,Long_Distance,LDPE_Bag,47,Medium,Medium,No
F04166,Ground Coffee,Beverage,1.03,14.9,15.14,4.95,Very_Low,369,24.9,53.11,Ambient,Normal,High_Barrier_Laminate,90,Very_Low,Very_Low,No
F04167,Frozen Peas,Frozen Vegetable,78.41,1.31,5.67,5.84,Low,388,-16.8,84.13,Frozen,Long_Distance,PE_Film,76,Medium,Low,Yes
F04168,Onion,Vegetable,84.24,1.11,1.33,5.58,Low,138,18.5,36.99,Ambient,Long_Distance,Breathable_PP,54,High,Medium,Yes
F04169,Tomato,Fresh Produce,100.0,0.0,1.53,4.37,High,17,4.2,95.63,Chilled,Long_Distance,Micro_Perforated_PE,42,High,High,Yes
F04170,Coffee Powder,Beverage,4.49,16.86,14.14,5.09,Very_Low,382,24.1,65.92,Ambient,Long_Distance,Metallized_PET_PE,78,Very_Low,Very_Low,No
F04171,Milk Powder,Dairy,5.29,23.14,26.62,6.53,Very_Low,347,25.4,63.52,Ambient,Long_Distance,Aluminum_Laminate,94,Very_Low,Very_Low,No
F04172,Milk Powder,Dairy,1.59,23.39,27.65,6.73,Very_Low,316,24.0,45.18,Ambient,Long_Distance,Aluminum_Laminate,94,Very_Low,Very_Low,No
F04173,Onion,Vegetable,87.56,0.0,0.68,5.48,Low,125,18.8,62.51,Ambient,Normal,Breathable_PP,62,High,Medium,Yes
F04174,Yogurt,Dairy,85.06,2.49,4.01,4.23,Very_Low,36,4.5,81.99,Chilled,Long_Distance,PP_Cup_Foil_Lid,52,Medium,Low,Yes
F04175,Cheese,Dairy,35.11,33.43,24.91,5.17,Very_Low,56,4.7,84.03,Chilled,Long_Distance,PA_PE_Vacuum,87,Low,Very_Low,Yes
F04176,Coffee Powder,Beverage,5.41,14.05,14.89,4.85,Very_Low,370,24.9,62.57,Ambient,Long_Distance,Metallized_PET_PE,79,Very_Low,Very_Low,No
F04177,Biscuits,Bakery,5.44,17.69,6.74,6.88,Very_Low,168,24.5,73.15,Ambient,Long_Distance,BOPP_PE,53,Low,Low,No
F04178,Tomato,Fresh Produce,92.66,0.12,0.52,4.41,High,14,3.8,83.37,Chilled,Normal,Micro_Perforated_PE,42,High,High,Yes
F04179,Frozen Peas,Frozen Vegetable,73.59,2.38,6.07,6.07,Low,373,-17.1,90.32,Frozen,Normal,PE_Film,64,Medium,Low,Yes
F04180,Butter,Dairy,15.67,84.93,0.94,6.17,Very_Low,132,2.5,81.45,Chilled,Normal,Aluminum_Foil_Laminate,86,Very_Low,Very_Low,No
F04181,Cheese,Dairy,38.48,32.73,25.65,5.27,Very_Low,68,3.0,70.49,Chilled,Refrigerated,PA_PE_Vacuum,87,Low,Very_Low,Yes
F04182,Wheat Flour,Grain,9.61,2.72,13.69,6.15,Very_Low,184,24.5,54.21,Ambient,Normal,HDPE,76,Low,Low,No
F04183,Rice,Grain,13.67,0.02,7.73,6.58,Very_Low,382,24.8,63.64,Ambient,Long_Distance,HDPE,79,Low,Low,No
F04184,Milk Powder,Dairy,2.02,25.73,25.92,6.37,Very_Low,381,26.3,54.75,Ambient,Long_Distance,Aluminum_Laminate,86,Very_Low,Very_Low,No
F04185,Milk Powder,Dairy,4.89,23.74,26.31,6.63,Very_Low,361,24.7,61.51,Ambient,Normal,Aluminum_Laminate,104,Very_Low,Very_Low,No
F04186,Cheese,Dairy,35.54,33.6,25.61,5.22,Very_Low,64,4.9,72.34,Chilled,Normal,PA_PE_Vacuum,92,Low,Very_Low,Yes
F04187,Ground Coffee,Beverage,2.02,13.8,13.22,5.08,Very_Low,398,24.7,62.94,Ambient,Long_Distance,High_Barrier_Laminate,92,Very_Low,Very_Low,No
F04188,Apple,Fresh Produce,89.68,0.0,0.0,3.28,High,58,5.7,75.37,Chilled,Long_Distance,Micro_Perforated_PE,25,High,High,Yes
F04189,Bread,Bakery,38.97,5.32,9.18,5.53,Very_Low,2,25.1,53.91,Ambient,Normal,LDPE_Bag,54,Medium,Medium,No
F04190,Coffee Powder,Beverage,1.68,16.06,13.76,4.8,Very_Low,356,24.9,53.95,Ambient,Long_Distance,Metallized_PET_PE,83,Very_Low,Very_Low,No
F04191,Rice,Grain,13.58,1.74,6.7,6.65,Very_Low,347,23.9,53.23,Ambient,Normal,HDPE,75,Low,Low,No
F04192,Apple,Fresh Produce,86.38,1.37,0.06,3.47,High,54,5.2,94.78,Chilled,Refrigerated,Micro_Perforated_PE,37,High,High,Yes
F04193,Onion,Vegetable,91.29,0.0,1.7,5.54,Low,123,19.9,46.58,Ambient,Normal,Breathable_PP,39,High,Medium,Yes
F04194,Mango,Fresh Produce,86.6,0.43,0.0,4.19,High,20,10.2,76.57,Chilled,Long_Distance,Breathable_PE,40,High,High,Yes
F04195,Bread,Bakery,37.96,4.5,9.63,5.55,Very_Low,14,25.6,58.06,Ambient,Normal,LDPE_Bag,58,Medium,Medium,No
F04196,Carrot,Fresh Produce,84.36,0.07,0.3,6.28,High,21,5.0,69.83,Chilled,Refrigerated,Micro_Perforated_PE,36,High,High,Yes
F04197,Potato Chips,Snacks,0.93,30.02,5.57,6.39,Very_Low,192,26.0,64.25,Ambient,Normal,Metallized_PET_PE,86,Low,Very_Low,Yes
F04198,Carrot,Fresh Produce,87.06,0.12,1.59,6.14,High,29,5.8,85.8,Chilled,Normal,Micro_Perforated_PE,37,High,High,Yes
F04199,Ground Coffee,Beverage,4.88,15.91,13.79,5.1,Very_Low,393,24.8,69.12,Ambient,Normal,High_Barrier_Laminate,90,Very_Low,Very_Low,No
F04200,Potato Chips,Snacks,2.93,31.36,7.04,6.11,Very_Low,178,25.2,63.29,Ambient,Long_Distance,Metallized_PET_PE,75,Low,Very_Low,Yes
F04201,Ground Coffee,Beverage,2.18,16.51,14.16,5.09,Very_Low,392,23.5,60.24,Ambient,Normal,High_Barrier_Laminate,98,Very_Low,Very_Low,No
F04202,Fresh Chicken,Meat,72.85,8.56,21.77,5.64,Very_Low,8,3.8,94.93,Chilled,Refrigerated,PA_PE_Vacuum,91,Low,Very_Low,Yes
F04203,Bread,Bakery,40.69,3.21,8.89,5.74,Very_Low,2,24.9,58.8,Ambient,Long_Distance,LDPE_Bag,57,Medium,Medium,No
F04204,Ground Coffee,Beverage,2.84,15.39,14.69,5.13,Very_Low,376,24.1,59.51,Ambient,Long_Distance,High_Barrier_Laminate,98,Very_Low,Very_Low,No
F04205,Tomato,Fresh Produce,95.72,0.0,1.16,4.13,High,21,5.1,94.09,Chilled,Refrigerated,Micro_Perforated_PE,44,High,High,Yes
F04206,Frozen Peas,Frozen Vegetable,75.45,0.78,5.36,6.08,Low,359,-20.0,86.0,Frozen,Long_Distance,PE_Film,63,Medium,Low,Yes
F04207,Apple,Fresh Produce,89.06,1.07,0.0,3.36,High,49,5.1,90.62,Chilled,Normal,Micro_Perforated_PE,33,High,High,Yes
F04208,Butter,Dairy,13.03,83.8,0.87,6.31,Very_Low,109,3.7,81.77,Chilled,Normal,Aluminum_Foil_Laminate,91,Very_Low,Very_Low,No
F04209,Onion,Vegetable,86.86,0.0,1.9,5.65,Low,124,20.9,60.44,Ambient,Normal,Breathable_PP,53,High,Medium,Yes
F04210,Fish,Seafood,77.17,4.39,20.15,6.29,Very_Low,1,0.7,84.46,Chilled,Long_Distance,PA_PE_Vacuum,95,Low,Very_Low,Yes
F04211,Fish,Seafood,70.01,5.23,19.59,6.13,Very_Low,2,1.9,85.46,Chilled,Refrigerated,PA_PE_Vacuum,85,Low,Very_Low,Yes
F04212,Butter,Dairy,18.01,82.26,1.44,6.18,Very_Low,134,2.8,80.87,Chilled,Refrigerated,Aluminum_Foil_Laminate,90,Very_Low,Very_Low,No
F04213,Mango,Fresh Produce,85.79,0.0,0.96,3.91,High,18,9.8,72.18,Chilled,Refrigerated,Breathable_PE,43,High,High,Yes
F04214,Mango,Fresh Produce,83.09,0.0,0.23,3.89,High,29,9.9,92.5,Chilled,Normal,Breathable_PE,50,High,High,Yes
F04215,Carrot,Fresh Produce,86.93,0.59,0.75,6.13,High,22,3.9,83.89,Chilled,Long_Distance,Micro_Perforated_PE,35,High,High,Yes
F04216,Coffee Powder,Beverage,0.0,15.5,14.84,5.0,Very_Low,362,24.9,47.25,Ambient,Normal,Metallized_PET_PE,71,Very_Low,Very_Low,No
F04217,Frozen Peas,Frozen Vegetable,81.55,2.34,5.23,6.2,Low,346,-18.7,95.52,Frozen,Normal,PE_Film,75,Medium,Low,Yes
F04218,Fresh Chicken,Meat,76.39,8.33,23.29,5.72,Very_Low,7,4.4,83.78,Chilled,Normal,PA_PE_Vacuum,95,Low,Very_Low,Yes
F04219,Onion,Vegetable,88.77,0.67,1.93,5.47,Low,107,20.3,57.19,Ambient,Normal,Breathable_PP,43,High,Medium,Yes
F04220,Tomato,Fresh Produce,95.99,1.24,0.5,4.36,High,17,6.4,94.21,Chilled,Long_Distance,Micro_Perforated_PE,41,High,High,Yes
F04221,Fish,Seafood,78.64,2.87,20.3,5.97,Very_Low,7,1.9,94.49,Chilled,Long_Distance,PA_PE_Vacuum,91,Low,Very_Low,Yes
F04222,Tomato,Fresh Produce,98.02,0.0,1.27,4.05,High,28,5.3,73.64,Chilled,Long_Distance,Micro_Perforated_PE,32,High,High,Yes
F04223,Wheat Flour,Grain,11.52,1.45,12.51,5.84,Very_Low,180,24.5,56.33,Ambient,Long_Distance,HDPE,83,Low,Low,No
F04224,Wheat Flour,Grain,11.66,3.18,13.38,6.31,Very_Low,185,25.6,52.42,Ambient,Long_Distance,HDPE,84,Low,Low,No
F04225,Cheese,Dairy,37.77,33.22,25.65,5.1,Very_Low,55,3.9,78.24,Chilled,Normal,PA_PE_Vacuum,87,Low,Very_Low,Yes
F04226,Onion,Vegetable,88.42,0.34,0.9,5.6,Low,113,19.6,57.97,Ambient,Long_Distance,Breathable_PP,45,High,Medium,Yes
F04227,Yogurt,Dairy,87.87,2.69,4.03,4.18,Very_Low,23,4.6,82.06,Chilled,Long_Distance,PP_Cup_Foil_Lid,51,Medium,Low,Yes
F04228,Carrot,Fresh Produce,91.29,0.61,0.75,6.12,High,27,5.1,72.23,Chilled,Normal,Micro_Perforated_PE,47,High,High,Yes
F04229,Bread,Bakery,35.55,3.32,8.85,5.61,Very_Low,5,24.9,58.74,Ambient,Normal,LDPE_Bag,41,Medium,Medium,No
F04230,Butter,Dairy,11.14,75.94,1.3,6.29,Very_Low,124,5.1,87.03,Chilled,Normal,Aluminum_Foil_Laminate,99,Very_Low,Very_Low,No
F04231,Butter,Dairy,17.51,82.25,1.55,6.16,Very_Low,114,4.3,94.16,Chilled,Refrigerated,Aluminum_Foil_Laminate,84,Very_Low,Very_Low,No
F04232,Fish,Seafood,75.16,6.22,20.27,6.1,Very_Low,14,1.7,93.57,Chilled,Refrigerated,PA_PE_Vacuum,95,Low,Very_Low,Yes
F04233,Onion,Vegetable,86.58,0.0,0.85,5.67,Low,112,19.6,62.78,Ambient,Normal,Breathable_PP,55,High,Medium,Yes
F04234,Peanuts,Nuts,6.79,50.22,24.71,6.47,Very_Low,181,25.1,62.75,Ambient,Long_Distance,Metallized_PET_PE,80,Very_Low,Very_Low,No
F04235,Mango,Fresh Produce,81.41,0.89,1.15,3.81,High,22,10.4,80.46,Chilled,Long_Distance,Breathable_PE,42,High,High,Yes
F04236,Butter,Dairy,19.03,80.4,0.6,6.42,Very_Low,112,3.9,83.61,Chilled,Long_Distance,Aluminum_Foil_Laminate,100,Very_Low,Very_Low,No
F04237,Cheese,Dairy,36.9,33.64,25.23,5.35,Very_Low,67,4.3,87.07,Chilled,Normal,PA_PE_Vacuum,93,Low,Very_Low,Yes
F04238,Biscuits,Bakery,3.57,18.06,7.07,6.85,Very_Low,205,25.7,58.38,Ambient,Normal,BOPP_PE,55,Low,Low,No
F04239,Fish,Seafood,75.78,4.37,20.15,6.16,Very_Low,11,2.4,89.89,Chilled,Refrigerated,PA_PE_Vacuum,95,Low,Very_Low,Yes
F04240,Peanuts,Nuts,4.91,50.92,25.32,6.28,Very_Low,167,25.4,54.9,Ambient,Normal,Metallized_PET_PE,73,Very_Low,Very_Low,No
F04241,Potato Chips,Snacks,0.0,27.52,6.66,5.98,Very_Low,190,25.7,68.31,Ambient,Normal,Metallized_PET_PE,89,Low,Very_Low,Yes
F04242,Coffee Powder,Beverage,4.57,16.63,12.47,4.97,Very_Low,355,25.5,62.74,Ambient,Normal,Metallized_PET_PE,81,Very_Low,Very_Low,No
F04243,Carrot,Fresh Produce,87.22,0.53,1.43,6.06,High,24,4.7,85.77,Chilled,Normal,Micro_Perforated_PE,37,High,High,Yes
F04244,Ground Coffee,Beverage,0.94,13.38,13.47,4.96,Very_Low,349,24.4,46.22,Ambient,Normal,High_Barrier_Laminate,84,Very_Low,Very_Low,No
F04245,Ground Coffee,Beverage,6.51,14.39,13.97,5.13,Very_Low,349,25.4,49.79,Ambient,Long_Distance,High_Barrier_Laminate,87,Very_Low,Very_Low,No
F04246,Coffee Powder,Beverage,2.25,15.63,14.77,5.02,Very_Low,376,24.4,67.75,Ambient,Normal,Metallized_PET_PE,87,Very_Low,Very_Low,No
F04247,Mango,Fresh Produce,89.38,0.0,0.0,4.06,High,26,11.4,76.92,Chilled,Normal,Breathable_PE,37,High,High,Yes
F04248,Bread,Bakery,39.29,5.2,8.98,5.59,Very_Low,8,24.1,58.73,Ambient,Long_Distance,LDPE_Bag,57,Medium,Medium,No
F04249,Yogurt,Dairy,83.49,2.01,3.58,4.36,Very_Low,33,4.5,87.57,Chilled,Normal,PP_Cup_Foil_Lid,51,Medium,Low,Yes
F04250,Potato Chips,Snacks,3.3,32.83,5.97,6.18,Very_Low,170,26.0,50.81,Ambient,Long_Distance,Metallized_PET_PE,79,Low,Very_Low,Yes
F04251,Frozen Peas,Frozen Vegetable,80.7,1.31,5.28,6.07,Low,371,-16.3,92.33,Frozen,Long_Distance,PE_Film,71,Medium,Low,Yes
F04252,Ground Coffee,Beverage,1.39,14.34,14.28,5.1,Very_Low,399,24.8,64.47,Ambient,Long_Distance,High_Barrier_Laminate,81,Very_Low,Very_Low,No
F04253,Butter,Dairy,16.27,83.31,0.31,6.21,Very_Low,110,4.7,81.11,Chilled,Long_Distance,Aluminum_Foil_Laminate,89,Very_Low,Very_Low,No
F04254,Apple,Fresh Produce,87.4,1.11,0.0,3.58,High,48,4.7,84.87,Chilled,Long_Distance,Micro_Perforated_PE,29,High,High,Yes
F04255,Bread,Bakery,34.55,3.96,8.4,5.43,Very_Low,1,24.6,58.38,Ambient,Long_Distance,LDPE_Bag,54,Medium,Medium,No
F04256,Potato Chips,Snacks,0.0,30.97,6.25,6.02,Very_Low,189,26.5,56.94,Ambient,Normal,Metallized_PET_PE,79,Low,Very_Low,Yes
F04257,Bread,Bakery,39.62,3.59,8.23,5.3,Very_Low,1,23.7,72.35,Ambient,Long_Distance,LDPE_Bag,59,Medium,Medium,No
F04258,Butter,Dairy,16.36,79.74,0.39,6.34,Very_Low,127,3.7,89.05,Chilled,Long_Distance,Aluminum_Foil_Laminate,95,Very_Low,Very_Low,No
F04259,Peanuts,Nuts,8.67,49.62,23.93,6.41,Very_Low,195,25.9,62.81,Ambient,Long_Distance,Metallized_PET_PE,85,Very_Low,Very_Low,No
F04260,Mango,Fresh Produce,86.78,0.99,0.9,4.21,High,22,9.3,77.03,Chilled,Long_Distance,Breathable_PE,40,High,High,Yes
F04261,Bread,Bakery,34.53,3.06,9.53,5.68,Very_Low,11,24.2,58.96,Ambient,Long_Distance,LDPE_Bag,51,Medium,Medium,No
F04262,Fresh Chicken,Meat,71.98,8.02,22.68,5.91,Very_Low,1,3.6,93.96,Chilled,Long_Distance,PA_PE_Vacuum,104,Low,Very_Low,Yes
F04263,Rice,Grain,9.24,0.87,7.7,6.31,Very_Low,382,26.0,52.74,Ambient,Normal,HDPE,81,Low,Low,No
F04264,Tomato,Fresh Produce,93.95,0.0,1.25,4.36,High,7,4.1,89.23,Chilled,Normal,Micro_Perforated_PE,37,High,High,Yes
F04265,Rice,Grain,12.02,0.0,6.96,6.49,Very_Low,364,25.9,46.31,Ambient,Long_Distance,HDPE,77,Low,Low,No
F04266,Ground Coffee,Beverage,3.84,13.23,13.36,5.16,Very_Low,408,25.3,63.54,Ambient,Long_Distance,High_Barrier_Laminate,92,Very_Low,Very_Low,No
F04267,Biscuits,Bakery,6.35,17.88,7.57,6.94,Very_Low,174,24.4,69.47,Ambient,Long_Distance,BOPP_PE,55,Low,Low,No
F04268,Peanuts,Nuts,10.7,48.59,24.07,6.41,Very_Low,179,25.5,62.44,Ambient,Long_Distance,Metallized_PET_PE,83,Very_Low,Very_Low,No
F04269,Tomato,Fresh Produce,93.49,0.59,0.3,4.27,High,10,6.1,92.28,Chilled,Refrigerated,Micro_Perforated_PE,45,High,High,Yes
F04270,Bread,Bakery,41.19,5.01,8.3,5.46,Very_Low,6,25.5,54.48,Ambient,Long_Distance,LDPE_Bag,55,Medium,Medium,No
F04271,Carrot,Fresh Produce,94.16,0.0,0.82,6.03,High,24,3.9,83.32,Chilled,Refrigerated,Micro_Perforated_PE,38,High,High,Yes
F04272,Carrot,Fresh Produce,83.8,0.19,0.59,5.92,High,35,5.9,81.52,Chilled,Long_Distance,Micro_Perforated_PE,24,High,High,Yes
F04273,Yogurt,Dairy,86.83,2.3,5.09,4.29,Very_Low,30,3.9,94.82,Chilled,Refrigerated,PP_Cup_Foil_Lid,57,Medium,Low,Yes
F04274,Cheese,Dairy,36.25,32.9,24.46,5.16,Very_Low,69,4.7,90.62,Chilled,Refrigerated,PA_PE_Vacuum,91,Low,Very_Low,Yes
F04275,Carrot,Fresh Produce,88.61,1.33,1.04,6.16,High,29,4.3,86.29,Chilled,Normal,Micro_Perforated_PE,36,High,High,Yes
F04276,Biscuits,Bakery,4.44,18.28,7.23,6.81,Very_Low,172,25.2,68.22,Ambient,Long_Distance,BOPP_PE,57,Low,Low,No
F04277,Bread,Bakery,37.4,5.1,10.09,5.52,Very_Low,6,25.1,62.72,Ambient,Normal,LDPE_Bag,50,Medium,Medium,No
F04278,Fish,Seafood,73.58,6.05,20.4,6.04,Very_Low,2,2.0,84.97,Chilled,Long_Distance,PA_PE_Vacuum,88,Low,Very_Low,Yes
F04279,Apple,Fresh Produce,83.83,1.65,0.25,3.41,High,48,3.5,87.81,Chilled,Normal,Micro_Perforated_PE,47,High,High,Yes
F04280,Frozen Peas,Frozen Vegetable,75.66,0.52,6.28,5.97,Low,373,-17.9,93.3,Frozen,Normal,PE_Film,69,Medium,Low,Yes
F04281,Carrot,Fresh Produce,87.91,0.0,1.11,6.13,High,46,5.4,71.06,Chilled,Normal,Micro_Perforated_PE,46,High,High,Yes
F04282,Mango,Fresh Produce,84.0,1.03,0.34,3.76,High,28,11.0,75.14,Chilled,Normal,Breathable_PE,45,High,High,Yes
F04283,Ground Coffee,Beverage,4.08,14.83,13.72,5.08,Very_Low,422,24.4,64.49,Ambient,Long_Distance,High_Barrier_Laminate,95,Very_Low,Very_Low,No
F04284,Cheese,Dairy,38.72,33.79,24.75,5.01,Very_Low,64,4.4,80.85,Chilled,Normal,PA_PE_Vacuum,88,Low,Very_Low,Yes
F04285,Potato Chips,Snacks,0.0,28.89,6.41,5.99,Very_Low,183,24.1,62.2,Ambient,Long_Distance,Metallized_PET_PE,85,Low,Very_Low,Yes
F04286,Ground Coffee,Beverage,3.58,13.46,13.46,5.03,Very_Low,374,23.1,55.76,Ambient,Long_Distance,High_Barrier_Laminate,86,Very_Low,Very_Low,No
F04287,Apple,Fresh Produce,87.32,1.43,1.35,3.63,High,65,3.3,86.65,Chilled,Long_Distance,Micro_Perforated_PE,42,High,High,Yes
F04288,Bread,Bakery,40.22,3.16,8.76,5.78,Very_Low,1,24.6,57.84,Ambient,Long_Distance,LDPE_Bag,61,Medium,Medium,No
F04289,Butter,Dairy,15.54,83.38,1.21,6.1,Very_Low,125,4.3,92.1,Chilled,Long_Distance,Aluminum_Foil_Laminate,87,Very_Low,Very_Low,No
F04290,Peanuts,Nuts,6.09,51.33,24.17,6.53,Very_Low,191,25.0,49.77,Ambient,Long_Distance,Metallized_PET_PE,68,Very_Low,Very_Low,No
F04291,Peanuts,Nuts,5.99,49.38,25.09,6.64,Very_Low,180,24.1,64.37,Ambient,Long_Distance,Metallized_PET_PE,70,Very_Low,Very_Low,No
F04292,Cheese,Dairy,38.02,32.93,23.95,5.27,Very_Low,63,4.0,94.49,Chilled,Normal,PA_PE_Vacuum,75,Low,Very_Low,Yes
F04293,Mango,Fresh Produce,87.58,1.87,0.41,4.34,High,5,9.6,88.96,Chilled,Long_Distance,Breathable_PE,42,High,High,Yes
F04294,Apple,Fresh Produce,86.93,0.0,0.28,3.65,High,61,4.8,86.0,Chilled,Long_Distance,Micro_Perforated_PE,39,High,High,Yes
F04295,Potato Chips,Snacks,0.31,31.36,6.51,6.19,Very_Low,176,24.7,49.07,Ambient,Long_Distance,Metallized_PET_PE,83,Low,Very_Low,Yes
F04296,Ground Coffee,Beverage,3.92,14.28,14.33,4.99,Very_Low,379,25.9,70.16,Ambient,Long_Distance,High_Barrier_Laminate,92,Very_Low,Very_Low,No
F04297,Milk Powder,Dairy,2.08,25.03,25.05,6.45,Very_Low,370,25.5,54.49,Ambient,Long_Distance,Aluminum_Laminate,85,Very_Low,Very_Low,No
F04298,Wheat Flour,Grain,13.85,2.03,13.47,5.84,Very_Low,176,24.1,56.74,Ambient,Long_Distance,HDPE,84,Low,Low,No
F04299,Onion,Vegetable,90.57,0.64,1.04,5.31,Low,119,20.3,72.77,Ambient,Normal,Breathable_PP,40,High,Medium,Yes
F04300,Frozen Peas,Frozen Vegetable,76.51,0.0,5.64,6.33,Low,396,-18.4,83.57,Frozen,Normal,PE_Film,69,Medium,Low,Yes
F04301,Mango,Fresh Produce,83.13,1.85,0.96,3.84,High,20,11.1,90.19,Chilled,Refrigerated,Breathable_PE,47,High,High,Yes
F04302,Fresh Chicken,Meat,71.12,7.61,23.02,5.56,Very_Low,1,3.7,81.39,Chilled,Refrigerated,PA_PE_Vacuum,88,Low,Very_Low,Yes
F04303,Fish,Seafood,74.28,5.08,20.34,6.19,Very_Low,5,2.0,90.57,Chilled,Refrigerated,PA_PE_Vacuum,96,Low,Very_Low,Yes
F04304,Carrot,Fresh Produce,90.04,0.0,1.2,6.17,High,16,5.2,87.59,Chilled,Long_Distance,Micro_Perforated_PE,42,High,High,Yes
F04305,Fish,Seafood,69.39,3.95,20.45,5.98,Very_Low,3,1.5,85.12,Chilled,Long_Distance,PA_PE_Vacuum,90,Low,Very_Low,Yes
F04306,Coffee Powder,Beverage,1.05,16.17,14.12,4.67,Very_Low,383,26.2,49.76,Ambient,Long_Distance,Metallized_PET_PE,82,Very_Low,Very_Low,No
F04307,Milk Powder,Dairy,3.17,26.3,25.39,6.57,Very_Low,348,25.7,59.71,Ambient,Normal,Aluminum_Laminate,103,Very_Low,Very_Low,No
F04308,Peanuts,Nuts,4.59,50.05,24.09,6.53,Very_Low,161,23.7,62.95,Ambient,Normal,Metallized_PET_PE,82,Very_Low,Very_Low,No
F04309,Wheat Flour,Grain,6.47,2.39,13.28,6.06,Very_Low,172,25.3,49.49,Ambient,Normal,HDPE,84,Low,Low,No
F04310,Rice,Grain,7.93,0.78,6.91,6.27,Very_Low,381,26.3,47.89,Ambient,Long_Distance,HDPE,76,Low,Low,No
F04311,Frozen Peas,Frozen Vegetable,75.66,0.47,5.59,6.08,Low,378,-18.2,92.32,Frozen,Normal,PE_Film,69,Medium,Low,Yes
F04312,Peanuts,Nuts,5.79,50.19,26.14,6.58,Very_Low,198,23.9,62.56,Ambient,Normal,Metallized_PET_PE,86,Very_Low,Very_Low,No
F04313,Butter,Dairy,15.1,79.43,1.06,5.99,Very_Low,120,3.8,76.1,Chilled,Refrigerated,Aluminum_Foil_Laminate,89,Very_Low,Very_Low,No
F04314,Onion,Vegetable,85.12,0.0,1.56,5.38,Low,126,22.0,55.84,Ambient,Normal,Breathable_PP,44,High,Medium,Yes
F04315,Biscuits,Bakery,6.12,17.56,6.8,6.7,Very_Low,170,24.5,53.37,Ambient,Long_Distance,BOPP_PE,55,Low,Low,No
F04316,Coffee Powder,Beverage,5.04,15.19,14.52,5.03,Very_Low,347,23.9,58.81,Ambient,Normal,Metallized_PET_PE,83,Very_Low,Very_Low,No
F04317,Carrot,Fresh Produce,88.14,0.0,1.64,6.11,High,23,4.3,84.0,Chilled,Long_Distance,Micro_Perforated_PE,34,High,High,Yes
F04318,Butter,Dairy,15.67,82.41,0.85,6.23,Very_Low,122,3.8,94.91,Chilled,Long_Distance,Aluminum_Foil_Laminate,89,Very_Low,Very_Low,No
F04319,Fresh Chicken,Meat,71.25,7.33,23.0,5.7,Very_Low,3,2.9,82.41,Chilled,Normal,PA_PE_Vacuum,81,Low,Very_Low,Yes
F04320,Coffee Powder,Beverage,1.67,16.25,14.47,4.99,Very_Low,359,25.0,49.66,Ambient,Normal,Metallized_PET_PE,91,Very_Low,Very_Low,No
F04321,Butter,Dairy,13.28,84.1,0.5,6.35,Very_Low,140,3.8,85.4,Chilled,Normal,Aluminum_Foil_Laminate,87,Very_Low,Very_Low,No
F04322,Milk Powder,Dairy,3.82,27.21,25.72,6.5,Very_Low,387,25.5,64.4,Ambient,Normal,Aluminum_Laminate,111,Very_Low,Very_Low,No
F04323,Rice,Grain,13.48,0.0,6.95,6.51,Very_Low,362,25.3,67.44,Ambient,Normal,HDPE,88,Low,Low,No
F04324,Frozen Peas,Frozen Vegetable,82.98,0.04,4.96,5.97,Low,376,-17.2,82.14,Frozen,Long_Distance,PE_Film,71,Medium,Low,Yes
F04325,Bread,Bakery,38.19,4.84,9.76,5.6,Very_Low,7,24.1,53.25,Ambient,Normal,LDPE_Bag,55,Medium,Medium,No
F04326,Onion,Vegetable,89.64,0.14,1.06,5.52,Low,123,19.2,46.67,Ambient,Long_Distance,Breathable_PP,49,High,Medium,Yes
F04327,Ground Coffee,Beverage,0.0,15.49,14.59,5.16,Very_Low,373,23.7,63.18,Ambient,Normal,High_Barrier_Laminate,94,Very_Low,Very_Low,No
F04328,Apple,Fresh Produce,88.71,1.58,0.27,3.48,High,76,4.9,72.8,Chilled,Long_Distance,Micro_Perforated_PE,33,High,High,Yes
F04329,Potato Chips,Snacks,1.44,32.28,5.83,6.0,Very_Low,166,25.8,56.64,Ambient,Long_Distance,Metallized_PET_PE,81,Low,Very_Low,Yes
F04330,Bread,Bakery,42.14,3.55,8.94,5.59,Very_Low,8,25.8,63.13,Ambient,Normal,LDPE_Bag,49,Medium,Medium,No
F04331,Peanuts,Nuts,6.68,49.14,25.33,6.42,Very_Low,171,24.5,63.23,Ambient,Long_Distance,Metallized_PET_PE,68,Very_Low,Very_Low,No
F04332,Fish,Seafood,75.99,4.69,20.37,6.3,Very_Low,7,2.0,90.1,Chilled,Long_Distance,PA_PE_Vacuum,86,Low,Very_Low,Yes
F04333,Butter,Dairy,16.46,76.86,1.56,6.39,Very_Low,118,4.4,89.53,Chilled,Normal,Aluminum_Foil_Laminate,93,Very_Low,Very_Low,No
F04334,Cheese,Dairy,38.34,32.9,25.05,5.23,Very_Low,66,3.8,95.38,Chilled,Refrigerated,PA_PE_Vacuum,91,Low,Very_Low,Yes
F04335,Yogurt,Dairy,91.21,3.48,4.36,4.4,Very_Low,36,5.1,73.15,Chilled,Long_Distance,PP_Cup_Foil_Lid,54,Medium,Low,Yes
F04336,Fish,Seafood,69.65,4.49,19.63,6.11,Very_Low,1,1.3,95.01,Chilled,Normal,PA_PE_Vacuum,93,Low,Very_Low,Yes
F04337,Apple,Fresh Produce,87.17,0.0,0.15,3.54,High,53,6.7,79.82,Chilled,Normal,Micro_Perforated_PE,42,High,High,Yes
F04338,Biscuits,Bakery,6.2,17.71,7.28,7.28,Very_Low,178,23.7,69.3,Ambient,Normal,BOPP_PE,69,Low,Low,No
F04339,Apple,Fresh Produce,78.74,0.82,1.1,3.39,High,51,5.5,89.88,Chilled,Normal,Micro_Perforated_PE,35,High,High,Yes
F04340,Butter,Dairy,17.45,85.17,0.46,5.93,Very_Low,110,4.6,79.7,Chilled,Normal,Aluminum_Foil_Laminate,75,Very_Low,Very_Low,No
F04341,Rice,Grain,10.23,0.0,6.99,6.31,Very_Low,371,24.9,52.24,Ambient,Normal,HDPE,81,Low,Low,No
F04342,Biscuits,Bakery,4.38,19.42,7.7,6.88,Very_Low,185,24.3,54.33,Ambient,Long_Distance,BOPP_PE,63,Low,Low,No
F04343,Butter,Dairy,15.17,82.24,0.67,6.27,Very_Low,111,3.9,81.2,Chilled,Long_Distance,Aluminum_Foil_Laminate,95,Very_Low,Very_Low,No
F04344,Biscuits,Bakery,6.08,18.4,7.7,6.89,Very_Low,181,24.8,60.06,Ambient,Normal,BOPP_PE,54,Low,Low,No
F04345,Carrot,Fresh Produce,89.61,0.0,1.34,6.09,High,23,3.9,75.74,Chilled,Normal,Micro_Perforated_PE,42,High,High,Yes
F04346,Rice,Grain,13.83,0.0,6.27,6.62,Very_Low,349,24.5,78.67,Ambient,Normal,HDPE,77,Low,Low,No
F04347,Yogurt,Dairy,88.57,2.07,4.51,4.27,Very_Low,23,2.4,84.73,Chilled,Long_Distance,PP_Cup_Foil_Lid,47,Medium,Low,Yes
F04348,Wheat Flour,Grain,10.46,1.22,12.82,5.88,Very_Low,188,24.0,46.76,Ambient,Long_Distance,HDPE,73,Low,Low,No
F04349,Mango,Fresh Produce,86.71,2.11,0.87,3.91,High,12,10.4,76.16,Chilled,Refrigerated,Breathable_PE,44,High,High,Yes
F04350,Fish,Seafood,73.96,4.39,20.28,6.26,Very_Low,1,1.1,85.92,Chilled,Long_Distance,PA_PE_Vacuum,94,Low,Very_Low,Yes
F04351,Rice,Grain,12.19,1.49,7.59,6.87,Very_Low,388,25.4,46.09,Ambient,Long_Distance,HDPE,83,Low,Low,No
F04352,Carrot,Fresh Produce,85.0,0.0,0.13,6.12,High,22,5.0,92.09,Chilled,Normal,Micro_Perforated_PE,48,High,High,Yes
F04353,Apple,Fresh Produce,88.15,0.79,1.21,3.44,High,50,5.1,71.24,Chilled,Normal,Micro_Perforated_PE,43,High,High,Yes
F04354,Carrot,Fresh Produce,87.11,0.16,1.58,6.01,High,27,4.4,93.44,Chilled,Refrigerated,Micro_Perforated_PE,45,High,High,Yes
F04355,Tomato,Fresh Produce,96.55,0.27,1.4,4.42,High,9,6.2,92.29,Chilled,Long_Distance,Micro_Perforated_PE,39,High,High,Yes
F04356,Frozen Peas,Frozen Vegetable,74.86,0.64,5.54,6.18,Low,343,-16.9,87.47,Frozen,Normal,PE_Film,72,Medium,Low,Yes
F04357,Ground Coffee,Beverage,0.45,14.32,13.75,5.07,Very_Low,350,23.6,58.86,Ambient,Normal,High_Barrier_Laminate,92,Very_Low,Very_Low,No
F04358,Fish,Seafood,74.19,5.32,19.29,6.07,Very_Low,11,1.8,84.38,Chilled,Refrigerated,PA_PE_Vacuum,86,Low,Very_Low,Yes
F04359,Bread,Bakery,33.67,5.08,8.16,5.59,Very_Low,7,25.7,53.86,Ambient,Normal,LDPE_Bag,40,Medium,Medium,No
F04360,Wheat Flour,Grain,8.64,0.58,13.49,5.85,Very_Low,191,23.9,55.34,Ambient,Long_Distance,HDPE,83,Low,Low,No
F04361,Biscuits,Bakery,1.22,18.74,7.21,6.92,Very_Low,185,24.7,67.83,Ambient,Long_Distance,BOPP_PE,51,Low,Low,No
F04362,Tomato,Fresh Produce,97.12,0.0,0.92,4.45,High,6,5.3,87.56,Chilled,Long_Distance,Micro_Perforated_PE,45,High,High,Yes
F04363,Peanuts,Nuts,5.05,49.31,25.16,6.46,Very_Low,197,25.5,65.66,Ambient,Normal,Metallized_PET_PE,76,Very_Low,Very_Low,No
F04364,Peanuts,Nuts,7.92,49.56,25.83,6.55,Very_Low,195,24.8,47.58,Ambient,Long_Distance,Metallized_PET_PE,86,Very_Low,Very_Low,No
F04365,Tomato,Fresh Produce,97.52,0.0,0.68,4.04,High,18,4.9,74.05,Chilled,Long_Distance,Micro_Perforated_PE,30,High,High,Yes
F04366,Apple,Fresh Produce,90.36,0.47,0.35,3.61,High,53,5.4,80.25,Chilled,Normal,Micro_Perforated_PE,45,High,High,Yes
F04367,Wheat Flour,Grain,13.76,1.7,12.78,5.96,Very_Low,180,25.1,56.67,Ambient,Long_Distance,HDPE,79,Low,Low,No
F04368,Rice,Grain,10.28,0.0,7.21,6.43,Very_Low,340,25.2,75.88,Ambient,Long_Distance,HDPE,76,Low,Low,No
F04369,Peanuts,Nuts,2.62,48.38,24.4,6.49,Very_Low,182,24.9,56.95,Ambient,Long_Distance,Metallized_PET_PE,83,Very_Low,Very_Low,No
F04370,Ground Coffee,Beverage,0.0,13.58,13.93,5.32,Very_Low,394,25.5,54.63,Ambient,Normal,High_Barrier_Laminate,93,Very_Low,Very_Low,No
F04371,Cheese,Dairy,36.08,31.25,26.23,5.42,Very_Low,67,4.0,89.03,Chilled,Normal,PA_PE_Vacuum,88,Low,Very_Low,Yes
F04372,Mango,Fresh Produce,89.9,0.6,1.12,4.0,High,25,9.5,73.26,Chilled,Refrigerated,Breathable_PE,43,High,High,Yes
F04373,Tomato,Fresh Produce,95.1,0.68,0.91,4.26,High,23,4.2,69.48,Chilled,Refrigerated,Micro_Perforated_PE,49,High,High,Yes
F04374,Coffee Powder,Beverage,3.38,15.98,14.3,4.82,Very_Low,403,25.3,74.88,Ambient,Normal,Metallized_PET_PE,92,Very_Low,Very_Low,No
F04375,Bread,Bakery,41.54,2.86,8.57,5.36,Very_Low,1,25.1,73.12,Ambient,Long_Distance,LDPE_Bag,59,Medium,Medium,No
F04376,Wheat Flour,Grain,12.35,0.85,12.43,6.07,Very_Low,190,25.8,59.55,Ambient,Long_Distance,HDPE,80,Low,Low,No
F04377,Coffee Powder,Beverage,3.59,15.53,13.68,5.17,Very_Low,373,24.5,64.73,Ambient,Long_Distance,Metallized_PET_PE,77,Very_Low,Very_Low,No
F04378,Carrot,Fresh Produce,90.16,1.35,0.57,5.88,High,35,5.1,78.91,Chilled,Long_Distance,Micro_Perforated_PE,49,High,High,Yes
F04379,Bread,Bakery,37.49,4.3,9.34,5.55,Very_Low,1,25.4,48.75,Ambient,Normal,LDPE_Bag,58,Medium,Medium,No
F04380,Coffee Powder,Beverage,2.92,14.14,12.8,5.07,Very_Low,379,24.9,67.82,Ambient,Long_Distance,Metallized_PET_PE,84,Very_Low,Very_Low,No
F04381,Fish,Seafood,73.31,6.44,17.84,6.27,Very_Low,1,2.6,84.47,Chilled,Refrigerated,PA_PE_Vacuum,90,Low,Very_Low,Yes
F04382,Onion,Vegetable,87.28,0.0,0.93,5.57,Low,123,20.1,56.61,Ambient,Long_Distance,Breathable_PP,55,High,Medium,Yes
F04383,Frozen Peas,Frozen Vegetable,82.13,0.27,5.27,6.11,Low,352,-18.8,89.62,Frozen,Normal,PE_Film,59,Medium,Low,Yes
F04384,Fish,Seafood,76.86,3.61,20.59,6.02,Very_Low,1,1.9,84.43,Chilled,Long_Distance,PA_PE_Vacuum,89,Low,Very_Low,Yes
F04385,Butter,Dairy,16.46,80.6,1.95,6.2,Very_Low,125,3.3,75.19,Chilled,Normal,Aluminum_Foil_Laminate,88,Very_Low,Very_Low,No
F04386,Carrot,Fresh Produce,88.22,1.16,0.55,6.14,High,24,5.1,89.27,Chilled,Refrigerated,Micro_Perforated_PE,46,High,High,Yes
F04387,Onion,Vegetable,91.18,0.0,1.34,5.56,Low,124,19.9,57.29,Ambient,Long_Distance,Breathable_PP,53,High,Medium,Yes
F04388,Milk Powder,Dairy,3.77,27.72,27.14,6.51,Very_Low,390,25.0,70.69,Ambient,Normal,Aluminum_Laminate,98,Very_Low,Very_Low,No
F04389,Fresh Chicken,Meat,73.76,7.83,22.71,5.56,Very_Low,1,3.2,75.45,Chilled,Long_Distance,PA_PE_Vacuum,92,Low,Very_Low,Yes
F04390,Peanuts,Nuts,8.39,49.57,24.03,6.82,Very_Low,177,23.7,71.52,Ambient,Normal,Metallized_PET_PE,89,Very_Low,Very_Low,No
F04391,Frozen Peas,Frozen Vegetable,75.85,0.73,5.82,6.32,Low,423,-18.6,89.52,Frozen,Long_Distance,PE_Film,63,Medium,Low,Yes
F04392,Frozen Peas,Frozen Vegetable,73.84,0.0,5.73,6.15,Low,333,-17.7,87.67,Frozen,Normal,PE_Film,73,Medium,Low,Yes
F04393,Potato Chips,Snacks,1.64,31.82,6.28,6.06,Very_Low,177,23.6,50.43,Ambient,Normal,Metallized_PET_PE,85,Low,Very_Low,Yes
F04394,Wheat Flour,Grain,12.34,1.9,12.64,6.43,Very_Low,180,25.2,50.05,Ambient,Long_Distance,HDPE,83,Low,Low,No
F04395,Mango,Fresh Produce,82.32,0.0,1.56,3.83,High,28,9.5,84.88,Chilled,Long_Distance,Breathable_PE,35,High,High,Yes
F04396,Frozen Peas,Frozen Vegetable,79.46,1.96,5.63,6.11,Low,345,-17.7,85.65,Frozen,Normal,PE_Film,78,Medium,Low,Yes
F04397,Tomato,Fresh Produce,89.79,0.76,0.99,4.11,High,19,6.3,84.94,Chilled,Refrigerated,Micro_Perforated_PE,43,High,High,Yes
F04398,Bread,Bakery,36.14,5.39,9.26,5.32,Very_Low,13,26.0,58.24,Ambient,Normal,LDPE_Bag,54,Medium,Medium,No
F04399,Carrot,Fresh Produce,91.42,0.0,0.1,6.19,High,33,5.3,79.15,Chilled,Refrigerated,Micro_Perforated_PE,35,High,High,Yes
F04400,Apple,Fresh Produce,89.41,0.0,0.4,3.46,High,69,3.9,90.86,Chilled,Refrigerated,Micro_Perforated_PE,33,High,High,Yes
F04401,Fresh Chicken,Meat,71.44,9.5,23.1,5.69,Very_Low,8,4.3,82.83,Chilled,Normal,PA_PE_Vacuum,85,Low,Very_Low,Yes
F04402,Wheat Flour,Grain,13.66,0.0,13.1,6.36,Very_Low,187,25.1,63.53,Ambient,Normal,HDPE,81,Low,Low,No
F04403,Yogurt,Dairy,89.36,2.66,3.57,4.37,Very_Low,32,4.6,84.1,Chilled,Long_Distance,PP_Cup_Foil_Lid,45,Medium,Low,Yes
F04404,Yogurt,Dairy,89.22,3.37,3.89,4.54,Very_Low,21,3.7,80.24,Chilled,Long_Distance,PP_Cup_Foil_Lid,47,Medium,Low,Yes
F04405,Peanuts,Nuts,5.64,46.01,24.7,6.42,Very_Low,183,24.2,58.78,Ambient,Long_Distance,Metallized_PET_PE,82,Very_Low,Very_Low,No
F04406,Fresh Chicken,Meat,68.48,7.51,22.62,5.84,Very_Low,14,3.9,85.62,Chilled,Refrigerated,PA_PE_Vacuum,78,Low,Very_Low,Yes
F04407,Onion,Vegetable,86.85,1.48,0.54,5.38,Low,120,21.0,53.51,Ambient,Long_Distance,Breathable_PP,49,High,Medium,Yes
F04408,Biscuits,Bakery,4.52,18.17,8.14,7.04,Very_Low,170,24.4,48.65,Ambient,Normal,BOPP_PE,55,Low,Low,No
F04409,Potato Chips,Snacks,0.0,30.87,5.17,6.19,Very_Low,189,23.8,62.47,Ambient,Long_Distance,Metallized_PET_PE,78,Low,Very_Low,Yes
F04410,Yogurt,Dairy,92.15,3.24,3.39,4.42,Very_Low,33,5.2,92.23,Chilled,Long_Distance,PP_Cup_Foil_Lid,54,Medium,Low,Yes
F04411,Coffee Powder,Beverage,4.0,16.32,13.88,4.77,Very_Low,366,25.0,62.93,Ambient,Long_Distance,Metallized_PET_PE,79,Very_Low,Very_Low,No
F04412,Fresh Chicken,Meat,69.72,8.6,23.42,5.57,Very_Low,5,3.1,77.41,Chilled,Normal,PA_PE_Vacuum,90,Low,Very_Low,Yes
F04413,Milk Powder,Dairy,5.05,26.21,26.23,6.46,Very_Low,371,24.7,71.16,Ambient,Normal,Aluminum_Laminate,105,Very_Low,Very_Low,No
F04414,Rice,Grain,14.37,0.65,8.2,6.31,Very_Low,353,24.3,48.1,Ambient,Long_Distance,HDPE,78,Low,Low,No
F04415,Wheat Flour,Grain,11.13,1.78,13.27,6.13,Very_Low,180,25.0,62.71,Ambient,Normal,HDPE,78,Low,Low,No
F04416,Fresh Chicken,Meat,71.01,8.97,21.72,5.95,Very_Low,1,3.8,82.79,Chilled,Refrigerated,PA_PE_Vacuum,91,Low,Very_Low,Yes
F04417,Ground Coffee,Beverage,5.84,16.45,13.32,4.9,Very_Low,342,24.6,63.15,Ambient,Normal,High_Barrier_Laminate,94,Very_Low,Very_Low,No
F04418,Carrot,Fresh Produce,91.4,0.0,0.99,5.88,High,36,6.8,86.5,Chilled,Long_Distance,Micro_Perforated_PE,38,High,High,Yes
F04419,Butter,Dairy,15.58,80.47,1.05,5.96,Very_Low,119,4.4,84.44,Chilled,Long_Distance,Aluminum_Foil_Laminate,95,Very_Low,Very_Low,No
F04420,Fresh Chicken,Meat,72.18,8.51,25.23,5.86,Very_Low,9,3.4,89.73,Chilled,Normal,PA_PE_Vacuum,96,Low,Very_Low,Yes
F04421,Cheese,Dairy,35.55,33.7,23.85,5.04,Very_Low,48,4.2,80.64,Chilled,Normal,PA_PE_Vacuum,89,Low,Very_Low,Yes
F04422,Onion,Vegetable,88.66,0.0,0.72,5.52,Low,111,19.2,55.16,Ambient,Long_Distance,Breathable_PP,51,High,Medium,Yes
F04423,Milk Powder,Dairy,2.35,26.05,25.89,6.41,Very_Low,353,25.1,79.7,Ambient,Normal,Aluminum_Laminate,95,Very_Low,Very_Low,No
F04424,Tomato,Fresh Produce,100.0,0.57,1.08,4.27,High,14,5.1,85.39,Chilled,Refrigerated,Micro_Perforated_PE,38,High,High,Yes
F04425,Cheese,Dairy,38.46,32.92,26.19,5.2,Very_Low,78,3.0,82.53,Chilled,Long_Distance,PA_PE_Vacuum,89,Low,Very_Low,Yes
F04426,Ground Coffee,Beverage,1.11,15.67,13.5,5.26,Very_Low,408,25.3,56.83,Ambient,Long_Distance,High_Barrier_Laminate,89,Very_Low,Very_Low,No
F04427,Fish,Seafood,82.24,5.43,20.09,5.93,Very_Low,11,3.0,91.56,Chilled,Normal,PA_PE_Vacuum,83,Low,Very_Low,Yes
F04428,Carrot,Fresh Produce,87.12,2.48,1.12,5.98,High,17,3.4,77.44,Chilled,Normal,Micro_Perforated_PE,34,High,High,Yes
F04429,Fish,Seafood,76.49,4.98,19.63,6.11,Very_Low,1,2.9,81.24,Chilled,Normal,PA_PE_Vacuum,95,Low,Very_Low,Yes
F04430,Biscuits,Bakery,5.32,18.54,6.25,6.87,Very_Low,158,25.9,66.69,Ambient,Long_Distance,BOPP_PE,64,Low,Low,No
F04431,Bread,Bakery,33.06,4.37,9.12,5.7,Very_Low,8,25.7,55.87,Ambient,Normal,LDPE_Bag,40,Medium,Medium,No
F04432,Carrot,Fresh Produce,87.05,2.27,0.35,6.03,High,37,4.9,85.12,Chilled,Long_Distance,Micro_Perforated_PE,45,High,High,Yes
F04433,Cheese,Dairy,40.21,32.88,24.9,5.12,Very_Low,61,5.5,91.81,Chilled,Normal,PA_PE_Vacuum,89,Low,Very_Low,Yes
F04434,Tomato,Fresh Produce,96.33,0.0,0.67,4.11,High,2,5.5,86.19,Chilled,Refrigerated,Micro_Perforated_PE,46,High,High,Yes
F04435,Mango,Fresh Produce,81.88,0.0,1.01,4.0,High,30,9.8,95.92,Chilled,Refrigerated,Breathable_PE,41,High,High,Yes
F04436,Fish,Seafood,75.87,5.11,21.05,6.27,Very_Low,14,2.5,87.13,Chilled,Long_Distance,PA_PE_Vacuum,87,Low,Very_Low,Yes
F04437,Fish,Seafood,72.95,3.83,19.15,6.29,Very_Low,15,1.7,90.56,Chilled,Long_Distance,PA_PE_Vacuum,93,Low,Very_Low,Yes
F04438,Wheat Flour,Grain,14.58,0.0,12.7,5.84,Very_Low,169,25.3,72.51,Ambient,Normal,HDPE,82,Low,Low,No
F04439,Onion,Vegetable,91.83,0.0,1.71,5.62,Low,112,19.8,56.78,Ambient,Long_Distance,Breathable_PP,51,High,Medium,Yes
F04440,Fresh Chicken,Meat,72.81,5.75,25.71,5.78,Very_Low,1,3.3,90.56,Chilled,Normal,PA_PE_Vacuum,98,Low,Very_Low,Yes
F04441,Ground Coffee,Beverage,3.32,14.78,12.28,5.03,Very_Low,378,23.8,50.34,Ambient,Normal,High_Barrier_Laminate,93,Very_Low,Very_Low,No
F04442,Tomato,Fresh Produce,98.07,0.0,1.47,4.12,High,18,4.5,93.26,Chilled,Long_Distance,Micro_Perforated_PE,43,High,High,Yes
F04443,Ground Coffee,Beverage,1.55,13.59,14.31,5.09,Very_Low,326,24.8,57.14,Ambient,Normal,High_Barrier_Laminate,85,Very_Low,Very_Low,No
F04444,Onion,Vegetable,88.61,0.0,2.1,5.45,Low,117,20.6,73.27,Ambient,Normal,Breathable_PP,39,High,Medium,Yes
F04445,Tomato,Fresh Produce,95.72,0.0,0.76,4.33,High,8,5.3,86.84,Chilled,Refrigerated,Micro_Perforated_PE,47,High,High,Yes
F04446,Bread,Bakery,42.88,2.8,9.51,5.35,Very_Low,13,25.3,75.02,Ambient,Long_Distance,LDPE_Bag,58,Medium,Medium,No
F04447,Cheese,Dairy,35.93,34.84,23.94,5.33,Very_Low,60,3.8,81.12,Chilled,Long_Distance,PA_PE_Vacuum,91,Low,Very_Low,Yes
F04448,Fresh Chicken,Meat,69.45,9.51,23.78,5.94,Very_Low,4,4.9,95.43,Chilled,Normal,PA_PE_Vacuum,88,Low,Very_Low,Yes
F04449,Onion,Vegetable,82.97,1.78,2.03,5.26,Low,119,21.7,59.58,Ambient,Long_Distance,Breathable_PP,52,High,Medium,Yes
F04450,Fish,Seafood,71.12,5.19,20.17,6.19,Very_Low,1,2.1,80.52,Chilled,Normal,PA_PE_Vacuum,97,Low,Very_Low,Yes
F04451,Tomato,Fresh Produce,95.66,0.51,0.34,4.32,High,22,4.8,82.42,Chilled,Refrigerated,Micro_Perforated_PE,43,High,High,Yes
F04452,Ground Coffee,Beverage,1.0,14.78,14.54,4.87,Very_Low,360,25.0,47.38,Ambient,Long_Distance,High_Barrier_Laminate,94,Very_Low,Very_Low,No
F04453,Biscuits,Bakery,5.14,16.29,7.51,6.95,Very_Low,195,24.4,72.64,Ambient,Long_Distance,BOPP_PE,51,Low,Low,No
F04454,Yogurt,Dairy,86.84,3.0,4.21,4.41,Very_Low,19,5.4,79.9,Chilled,Long_Distance,PP_Cup_Foil_Lid,46,Medium,Low,Yes
F04455,Biscuits,Bakery,3.79,19.44,7.79,7.12,Very_Low,187,25.8,64.46,Ambient,Long_Distance,BOPP_PE,59,Low,Low,No
F04456,Coffee Powder,Beverage,6.42,16.28,13.41,5.08,Very_Low,379,23.4,63.51,Ambient,Long_Distance,Metallized_PET_PE,70,Very_Low,Very_Low,No
F04457,Cheese,Dairy,37.36,32.29,25.51,5.22,Very_Low,59,5.2,73.25,Chilled,Normal,PA_PE_Vacuum,91,Low,Very_Low,Yes
F04458,Cheese,Dairy,37.23,30.72,25.64,5.23,Very_Low,58,2.7,80.04,Chilled,Long_Distance,PA_PE_Vacuum,102,Low,Very_Low,Yes
F04459,Fish,Seafood,83.65,5.76,19.23,6.05,Very_Low,1,2.4,88.81,Chilled,Normal,PA_PE_Vacuum,84,Low,Very_Low,Yes
F04460,Biscuits,Bakery,6.08,16.0,6.68,7.07,Very_Low,184,25.3,70.4,Ambient,Normal,BOPP_PE,64,Low,Low,No
F04461,Milk Powder,Dairy,4.98,25.89,27.75,6.53,Very_Low,392,23.3,69.96,Ambient,Normal,Aluminum_Laminate,98,Very_Low,Very_Low,No
F04462,Coffee Powder,Beverage,2.86,14.58,14.59,5.18,Very_Low,379,25.4,61.96,Ambient,Normal,Metallized_PET_PE,78,Very_Low,Very_Low,No
F04463,Butter,Dairy,15.31,79.82,0.59,6.24,Very_Low,124,4.8,73.21,Chilled,Normal,Aluminum_Foil_Laminate,84,Very_Low,Very_Low,No
F04464,Rice,Grain,11.77,0.0,7.11,6.31,Very_Low,385,24.9,75.09,Ambient,Long_Distance,HDPE,90,Low,Low,No
F04465,Carrot,Fresh Produce,93.22,0.0,1.37,5.8,High,34,5.8,85.75,Chilled,Refrigerated,Micro_Perforated_PE,39,High,High,Yes
F04466,Tomato,Fresh Produce,92.37,1.82,1.23,4.12,High,4,3.2,77.13,Chilled,Long_Distance,Micro_Perforated_PE,31,High,High,Yes
F04467,Carrot,Fresh Produce,88.68,0.68,1.34,6.15,High,34,4.3,86.63,Chilled,Refrigerated,Micro_Perforated_PE,46,High,High,Yes
F04468,Frozen Peas,Frozen Vegetable,76.36,1.6,5.3,6.13,Low,349,-18.8,80.79,Frozen,Long_Distance,PE_Film,76,Medium,Low,Yes
F04469,Onion,Vegetable,91.21,0.0,1.27,5.69,Low,122,19.0,55.09,Ambient,Long_Distance,Breathable_PP,50,High,Medium,Yes
F04470,Carrot,Fresh Produce,84.46,0.43,0.23,5.96,High,26,4.7,95.67,Chilled,Refrigerated,Micro_Perforated_PE,37,High,High,Yes
F04471,Fresh Chicken,Meat,70.75,7.93,23.91,5.68,Very_Low,1,3.4,96.09,Chilled,Normal,PA_PE_Vacuum,89,Low,Very_Low,Yes
F04472,Coffee Powder,Beverage,3.97,14.93,14.6,4.97,Very_Low,341,25.0,57.76,Ambient,Normal,Metallized_PET_PE,85,Very_Low,Very_Low,No
F04473,Ground Coffee,Beverage,4.34,14.83,13.05,5.2,Very_Low,347,24.9,49.01,Ambient,Long_Distance,High_Barrier_Laminate,87,Very_Low,Very_Low,No
F04474,Potato Chips,Snacks,0.0,29.44,6.54,6.33,Very_Low,168,24.8,58.91,Ambient,Normal,Metallized_PET_PE,82,Low,Very_Low,Yes
F04475,Onion,Vegetable,85.04,0.0,1.34,5.4,Low,111,18.5,65.52,Ambient,Long_Distance,Breathable_PP,50,High,Medium,Yes
F04476,Fish,Seafood,71.72,5.68,19.28,6.07,Very_Low,1,1.0,93.62,Chilled,Normal,PA_PE_Vacuum,93,Low,Very_Low,Yes
F04477,Bread,Bakery,44.3,5.08,9.49,5.6,Very_Low,1,23.5,63.91,Ambient,Normal,LDPE_Bag,49,Medium,Medium,No
F04478,Cheese,Dairy,37.06,34.23,24.54,5.25,Very_Low,55,5.0,83.87,Chilled,Long_Distance,PA_PE_Vacuum,86,Low,Very_Low,Yes
F04479,Mango,Fresh Produce,80.0,1.75,0.28,4.01,High,28,10.2,74.86,Chilled,Normal,Breathable_PE,42,High,High,Yes
F04480,Milk Powder,Dairy,10.07,24.89,26.02,6.57,Very_Low,377,25.1,60.79,Ambient,Normal,Aluminum_Laminate,106,Very_Low,Very_Low,No
F04481,Wheat Flour,Grain,10.96,0.27,12.15,6.35,Very_Low,183,26.7,50.46,Ambient,Long_Distance,HDPE,82,Low,Low,No
F04482,Apple,Fresh Produce,87.58,0.0,0.27,3.4,High,71,4.8,95.25,Chilled,Refrigerated,Micro_Perforated_PE,40,High,High,Yes
F04483,Cheese,Dairy,36.46,32.44,25.68,5.39,Very_Low,74,3.9,86.12,Chilled,Long_Distance,PA_PE_Vacuum,93,Low,Very_Low,Yes
F04484,Carrot,Fresh Produce,82.37,1.1,1.34,5.97,High,29,5.4,81.39,Chilled,Normal,Micro_Perforated_PE,39,High,High,Yes
F04485,Yogurt,Dairy,85.21,3.88,2.83,4.48,Very_Low,27,4.7,87.09,Chilled,Refrigerated,PP_Cup_Foil_Lid,53,Medium,Low,Yes
F04486,Peanuts,Nuts,1.71,51.46,24.27,6.24,Very_Low,164,24.6,54.81,Ambient,Normal,Metallized_PET_PE,72,Very_Low,Very_Low,No
F04487,Peanuts,Nuts,7.93,50.01,25.47,6.59,Very_Low,201,26.3,57.77,Ambient,Normal,Metallized_PET_PE,84,Very_Low,Very_Low,No
F04488,Ground Coffee,Beverage,1.23,16.94,13.88,4.99,Very_Low,370,25.3,69.05,Ambient,Long_Distance,High_Barrier_Laminate,94,Very_Low,Very_Low,No
F04489,Cheese,Dairy,37.89,34.16,25.23,5.12,Very_Low,50,2.9,85.67,Chilled,Refrigerated,PA_PE_Vacuum,92,Low,Very_Low,Yes
F04490,Fish,Seafood,76.46,5.05,20.59,6.26,Very_Low,5,2.4,89.68,Chilled,Long_Distance,PA_PE_Vacuum,84,Low,Very_Low,Yes
F04491,Frozen Peas,Frozen Vegetable,81.16,0.0,5.51,6.17,Low,349,-18.1,83.16,Frozen,Long_Distance,PE_Film,72,Medium,Low,Yes
F04492,Fresh Chicken,Meat,68.07,6.29,23.35,5.85,Very_Low,7,3.9,89.34,Chilled,Long_Distance,PA_PE_Vacuum,99,Low,Very_Low,Yes
F04493,Peanuts,Nuts,3.73,45.65,23.59,6.7,Very_Low,180,25.1,56.65,Ambient,Normal,Metallized_PET_PE,89,Very_Low,Very_Low,No
F04494,Potato Chips,Snacks,5.65,29.03,6.17,6.23,Very_Low,171,24.7,62.08,Ambient,Normal,Metallized_PET_PE,79,Low,Very_Low,Yes
F04495,Biscuits,Bakery,4.9,18.28,7.26,7.03,Very_Low,189,26.5,64.13,Ambient,Normal,BOPP_PE,62,Low,Low,No
F04496,Frozen Peas,Frozen Vegetable,76.18,0.33,5.24,6.28,Low,336,-18.7,90.41,Frozen,Long_Distance,PE_Film,79,Medium,Low,Yes
F04497,Fish,Seafood,74.98,4.57,18.53,6.3,Very_Low,20,1.8,86.05,Chilled,Refrigerated,PA_PE_Vacuum,90,Low,Very_Low,Yes
F04498,Apple,Fresh Produce,77.56,1.16,0.03,3.45,High,69,3.9,94.46,Chilled,Normal,Micro_Perforated_PE,49,High,High,Yes
F04499,Peanuts,Nuts,9.61,50.93,25.32,6.47,Very_Low,167,25.8,51.6,Ambient,Normal,Metallized_PET_PE,81,Very_Low,Very_Low,No
F04500,Butter,Dairy,16.6,84.08,1.39,6.12,Very_Low,129,4.5,79.73,Chilled,Normal,Aluminum_Foil_Laminate,91,Very_Low,Very_Low,No
F04501,Potato Chips,Snacks,0.05,29.36,6.11,5.94,Very_Low,209,25.1,60.06,Ambient,Normal,Metallized_PET_PE,76,Low,Very_Low,Yes
F04502,Onion,Vegetable,89.83,0.0,0.94,5.35,Low,121,20.3,73.44,Ambient,Normal,Breathable_PP,38,High,Medium,Yes
F04503,Biscuits,Bakery,2.95,18.13,6.23,7.05,Very_Low,185,25.8,45.76,Ambient,Long_Distance,BOPP_PE,54,Low,Low,No
F04504,Wheat Flour,Grain,9.42,1.47,13.06,6.1,Very_Low,174,24.9,77.62,Ambient,Long_Distance,HDPE,79,Low,Low,No
F04505,Potato Chips,Snacks,3.08,31.38,5.67,6.27,Very_Low,158,26.4,68.54,Ambient,Long_Distance,Metallized_PET_PE,87,Low,Very_Low,Yes
F04506,Carrot,Fresh Produce,83.15,0.14,1.06,6.0,High,38,5.2,82.63,Chilled,Refrigerated,Micro_Perforated_PE,34,High,High,Yes
F04507,Rice,Grain,14.47,0.0,7.28,6.51,Very_Low,349,23.5,72.26,Ambient,Long_Distance,HDPE,74,Low,Low,No
F04508,Fresh Chicken,Meat,72.73,8.29,23.04,5.77,Very_Low,1,3.6,90.97,Chilled,Normal,PA_PE_Vacuum,86,Low,Very_Low,Yes
F04509,Apple,Fresh Produce,86.64,0.84,0.78,3.35,High,57,5.0,94.12,Chilled,Refrigerated,Micro_Perforated_PE,36,High,High,Yes
F04510,Potato Chips,Snacks,2.07,28.25,6.43,6.35,Very_Low,183,24.6,55.92,Ambient,Long_Distance,Metallized_PET_PE,87,Low,Very_Low,Yes
F04511,Onion,Vegetable,92.72,1.18,1.75,5.67,Low,115,19.9,61.16,Ambient,Long_Distance,Breathable_PP,55,High,Medium,Yes
F04512,Milk Powder,Dairy,3.36,27.3,25.66,6.75,Very_Low,360,24.7,63.1,Ambient,Long_Distance,Aluminum_Laminate,102,Very_Low,Very_Low,No
F04513,Onion,Vegetable,85.78,0.71,0.23,5.3,Low,109,21.9,58.5,Ambient,Long_Distance,Breathable_PP,55,High,Medium,Yes
F04514,Rice,Grain,12.98,0.0,6.47,6.61,Very_Low,364,25.1,56.48,Ambient,Long_Distance,HDPE,84,Low,Low,No
F04515,Biscuits,Bakery,5.18,17.36,7.72,6.86,Very_Low,172,25.8,61.84,Ambient,Long_Distance,BOPP_PE,64,Low,Low,No
F04516,Biscuits,Bakery,3.37,19.77,7.1,7.16,Very_Low,176,26.0,62.93,Ambient,Long_Distance,BOPP_PE,64,Low,Low,No
F04517,Onion,Vegetable,89.73,0.0,2.16,5.51,Low,116,20.6,57.99,Ambient,Long_Distance,Breathable_PP,47,High,Medium,Yes
F04518,Wheat Flour,Grain,11.69,2.25,12.33,5.99,Very_Low,163,24.7,69.5,Ambient,Long_Distance,HDPE,77,Low,Low,No
F04519,Carrot,Fresh Produce,90.86,0.13,1.92,6.25,High,34,4.2,70.53,Chilled,Refrigerated,Micro_Perforated_PE,35,High,High,Yes
F04520,Peanuts,Nuts,5.43,49.36,24.11,6.43,Very_Low,180,25.7,59.07,Ambient,Long_Distance,Metallized_PET_PE,75,Very_Low,Very_Low,No
F04521,Bread,Bakery,37.78,3.24,8.75,5.51,Very_Low,16,25.3,61.44,Ambient,Normal,LDPE_Bag,57,Medium,Medium,No
F04522,Apple,Fresh Produce,86.22,0.5,0.0,3.52,High,69,7.1,82.83,Chilled,Refrigerated,Micro_Perforated_PE,42,High,High,Yes
F04523,Frozen Peas,Frozen Vegetable,80.57,0.8,5.67,6.42,Low,382,-18.7,89.82,Frozen,Long_Distance,PE_Film,71,Medium,Low,Yes
F04524,Potato Chips,Snacks,1.97,28.38,5.42,6.15,Very_Low,196,25.2,64.2,Ambient,Normal,Metallized_PET_PE,88,Low,Very_Low,Yes
F04525,Yogurt,Dairy,84.08,2.97,3.82,4.23,Very_Low,32,4.2,83.71,Chilled,Normal,PP_Cup_Foil_Lid,48,Medium,Low,Yes
F04526,Coffee Powder,Beverage,2.87,15.38,13.21,5.1,Very_Low,375,24.3,51.22,Ambient,Long_Distance,Metallized_PET_PE,88,Very_Low,Very_Low,No
F04527,Milk Powder,Dairy,3.69,24.88,23.82,6.5,Very_Low,367,22.9,51.91,Ambient,Long_Distance,Aluminum_Laminate,95,Very_Low,Very_Low,No
F04528,Tomato,Fresh Produce,97.05,0.0,1.0,4.06,High,15,5.6,71.58,Chilled,Long_Distance,Micro_Perforated_PE,48,High,High,Yes
F04529,Carrot,Fresh Produce,87.18,0.0,1.6,6.02,High,29,5.0,95.36,Chilled,Refrigerated,Micro_Perforated_PE,37,High,High,Yes
F04530,Fish,Seafood,73.56,6.53,20.2,6.52,Very_Low,11,3.3,90.6,Chilled,Refrigerated,PA_PE_Vacuum,84,Low,Very_Low,Yes
F04531,Yogurt,Dairy,87.44,2.61,3.65,4.24,Very_Low,40,3.5,93.72,Chilled,Long_Distance,PP_Cup_Foil_Lid,59,Medium,Low,Yes
F04532,Frozen Peas,Frozen Vegetable,79.8,1.81,4.99,6.27,Low,340,-20.4,91.34,Frozen,Long_Distance,PE_Film,80,Medium,Low,Yes
F04533,Onion,Vegetable,83.09,0.0,1.14,5.25,Low,126,20.6,59.59,Ambient,Long_Distance,Breathable_PP,56,High,Medium,Yes
F04534,Mango,Fresh Produce,79.01,0.0,0.54,4.09,High,27,8.5,82.09,Chilled,Refrigerated,Breathable_PE,42,High,High,Yes
F04535,Biscuits,Bakery,7.3,18.03,7.65,7.06,Very_Low,187,26.3,46.59,Ambient,Normal,BOPP_PE,61,Low,Low,No
F04536,Milk Powder,Dairy,5.45,24.51,27.46,6.68,Very_Low,364,25.3,59.5,Ambient,Normal,Aluminum_Laminate,99,Very_Low,Very_Low,No
F04537,Mango,Fresh Produce,85.92,0.64,0.4,3.84,High,27,11.8,83.25,Chilled,Long_Distance,Breathable_PE,40,High,High,Yes
F04538,Bread,Bakery,38.52,3.68,9.38,5.46,Very_Low,2,25.8,52.09,Ambient,Normal,LDPE_Bag,47,Medium,Medium,No
F04539,Onion,Vegetable,90.0,1.56,1.54,5.5,Low,108,19.3,50.73,Ambient,Normal,Breathable_PP,57,High,Medium,Yes
F04540,Apple,Fresh Produce,91.29,0.0,0.0,3.62,High,60,4.6,76.36,Chilled,Long_Distance,Micro_Perforated_PE,49,High,High,Yes
F04541,Onion,Vegetable,86.39,0.24,1.0,5.7,Low,124,20.7,55.83,Ambient,Long_Distance,Breathable_PP,51,High,Medium,Yes
F04542,Coffee Powder,Beverage,4.64,16.15,14.15,4.94,Very_Low,353,23.6,57.51,Ambient,Long_Distance,Metallized_PET_PE,83,Very_Low,Very_Low,No
F04543,Carrot,Fresh Produce,87.34,0.98,0.76,5.99,High,20,5.2,95.52,Chilled,Refrigerated,Micro_Perforated_PE,41,High,High,Yes
F04544,Potato Chips,Snacks,2.1,31.12,5.75,6.15,Very_Low,178,26.1,58.34,Ambient,Normal,Metallized_PET_PE,77,Low,Very_Low,Yes
F04545,Carrot,Fresh Produce,88.08,0.0,0.69,6.15,High,33,5.8,93.55,Chilled,Long_Distance,Micro_Perforated_PE,45,High,High,Yes
F04546,Bread,Bakery,39.48,3.79,9.26,5.37,Very_Low,1,25.5,61.94,Ambient,Long_Distance,LDPE_Bag,56,Medium,Medium,No
F04547,Mango,Fresh Produce,81.92,0.0,0.71,4.0,High,19,11.1,92.79,Chilled,Refrigerated,Breathable_PE,36,High,High,Yes
F04548,Rice,Grain,10.94,2.8,7.12,6.4,Very_Low,342,25.4,51.76,Ambient,Normal,HDPE,83,Low,Low,No
F04549,Apple,Fresh Produce,87.6,0.64,0.36,3.38,High,61,5.5,76.14,Chilled,Long_Distance,Micro_Perforated_PE,35,High,High,Yes
F04550,Rice,Grain,17.06,1.31,6.61,6.4,Very_Low,380,25.8,61.55,Ambient,Long_Distance,HDPE,75,Low,Low,No
F04551,Wheat Flour,Grain,12.6,2.21,11.82,5.84,Very_Low,195,23.2,84.32,Ambient,Long_Distance,HDPE,70,Low,Low,No
F04552,Bread,Bakery,34.89,4.17,8.53,5.47,Very_Low,5,25.4,64.5,Ambient,Normal,LDPE_Bag,58,Medium,Medium,No
F04553,Potato Chips,Snacks,1.04,29.65,5.9,6.36,Very_Low,166,23.2,58.83,Ambient,Normal,Metallized_PET_PE,81,Low,Very_Low,Yes
F04554,Frozen Peas,Frozen Vegetable,81.4,0.0,5.7,6.14,Low,387,-20.5,75.14,Frozen,Long_Distance,PE_Film,68,Medium,Low,Yes
F04555,Fish,Seafood,73.37,4.61,19.3,6.2,Very_Low,1,1.3,79.13,Chilled,Normal,PA_PE_Vacuum,89,Low,Very_Low,Yes
F04556,Peanuts,Nuts,7.29,47.79,24.68,6.72,Very_Low,199,24.2,61.68,Ambient,Long_Distance,Metallized_PET_PE,88,Very_Low,Very_Low,No
F04557,Coffee Powder,Beverage,3.27,16.15,13.87,5.25,Very_Low,362,23.8,61.04,Ambient,Normal,Metallized_PET_PE,81,Very_Low,Very_Low,No
F04558,Onion,Vegetable,91.44,0.66,1.81,5.33,Low,120,19.9,62.96,Ambient,Long_Distance,Breathable_PP,53,High,Medium,Yes
F04559,Wheat Flour,Grain,11.17,3.4,13.5,5.84,Very_Low,176,26.1,53.58,Ambient,Long_Distance,HDPE,77,Low,Low,No
F04560,Coffee Powder,Beverage,1.99,17.37,13.83,5.03,Very_Low,360,25.5,52.8,Ambient,Normal,Metallized_PET_PE,71,Very_Low,Very_Low,No
F04561,Cheese,Dairy,38.85,32.44,24.07,5.25,Very_Low,69,3.9,93.55,Chilled,Normal,PA_PE_Vacuum,102,Low,Very_Low,Yes
F04562,Carrot,Fresh Produce,88.46,1.15,1.0,6.28,High,42,5.0,88.74,Chilled,Long_Distance,Micro_Perforated_PE,38,High,High,Yes
F04563,Bread,Bakery,38.99,2.58,8.8,5.29,Very_Low,1,24.8,73.68,Ambient,Long_Distance,LDPE_Bag,58,Medium,Medium,No
F04564,Coffee Powder,Beverage,5.99,15.72,13.35,4.92,Very_Low,361,24.7,57.5,Ambient,Long_Distance,Metallized_PET_PE,86,Very_Low,Very_Low,No
F04565,Yogurt,Dairy,87.88,3.39,3.57,4.6,Very_Low,35,2.8,82.7,Chilled,Long_Distance,PP_Cup_Foil_Lid,47,Medium,Low,Yes
F04566,Ground Coffee,Beverage,0.0,13.59,14.58,5.09,Very_Low,378,24.5,44.22,Ambient,Long_Distance,High_Barrier_Laminate,82,Very_Low,Very_Low,No
F04567,Potato Chips,Snacks,3.46,28.48,6.03,6.08,Very_Low,188,24.9,76.65,Ambient,Normal,Metallized_PET_PE,84,Low,Very_Low,Yes
F04568,Tomato,Fresh Produce,95.7,0.66,0.26,4.17,High,32,6.1,85.35,Chilled,Refrigerated,Micro_Perforated_PE,44,High,High,Yes
F04569,Onion,Vegetable,91.92,0.24,1.52,5.67,Low,116,20.8,64.72,Ambient,Long_Distance,Breathable_PP,50,High,Medium,Yes
F04570,Potato Chips,Snacks,0.0,29.31,5.9,6.31,Very_Low,188,25.1,51.87,Ambient,Normal,Metallized_PET_PE,78,Low,Very_Low,Yes
F04571,Potato Chips,Snacks,2.67,28.81,5.1,6.11,Very_Low,171,25.3,66.08,Ambient,Normal,Metallized_PET_PE,73,Low,Very_Low,Yes
F04572,Biscuits,Bakery,4.36,15.94,8.03,7.19,Very_Low,160,24.3,40.92,Ambient,Normal,BOPP_PE,56,Low,Low,No
F04573,Fish,Seafood,71.6,3.8,19.96,6.48,Very_Low,10,3.8,89.72,Chilled,Refrigerated,PA_PE_Vacuum,85,Low,Very_Low,Yes
F04574,Fresh Chicken,Meat,75.47,7.4,23.35,5.75,Very_Low,12,3.4,93.72,Chilled,Normal,PA_PE_Vacuum,86,Low,Very_Low,Yes
F04575,Fish,Seafood,74.35,6.3,19.7,6.16,Very_Low,5,1.1,85.76,Chilled,Normal,PA_PE_Vacuum,90,Low,Very_Low,Yes
F04576,Bread,Bakery,40.87,5.26,8.88,5.45,Very_Low,1,25.3,41.14,Ambient,Long_Distance,LDPE_Bag,44,Medium,Medium,No
F04577,Peanuts,Nuts,4.48,52.23,25.41,6.42,Very_Low,166,25.4,58.46,Ambient,Normal,Metallized_PET_PE,79,Very_Low,Very_Low,No
F04578,Mango,Fresh Produce,83.57,0.77,1.38,4.25,High,26,8.7,78.11,Chilled,Normal,Breathable_PE,39,High,High,Yes
F04579,Apple,Fresh Produce,84.6,0.51,0.0,3.47,High,54,4.9,83.84,Chilled,Long_Distance,Micro_Perforated_PE,43,High,High,Yes
F04580,Milk Powder,Dairy,4.06,25.73,26.75,6.53,Very_Low,398,25.9,55.25,Ambient,Long_Distance,Aluminum_Laminate,94,Very_Low,Very_Low,No
F04581,Apple,Fresh Produce,89.5,0.66,0.0,3.6,High,63,5.3,95.38,Chilled,Normal,Micro_Perforated_PE,44,High,High,Yes
F04582,Milk Powder,Dairy,0.0,24.31,25.79,6.55,Very_Low,359,24.0,61.75,Ambient,Long_Distance,Aluminum_Laminate,99,Very_Low,Very_Low,No
F04583,Fish,Seafood,74.15,7.03,19.73,6.09,Very_Low,3,1.3,81.56,Chilled,Normal,PA_PE_Vacuum,84,Low,Very_Low,Yes
F04584,Bread,Bakery,39.26,1.99,9.71,5.51,Very_Low,6,24.3,64.03,Ambient,Normal,LDPE_Bag,53,Medium,Medium,No
F04585,Carrot,Fresh Produce,89.89,1.37,0.22,6.09,High,36,5.3,76.69,Chilled,Refrigerated,Micro_Perforated_PE,36,High,High,Yes
F04586,Fresh Chicken,Meat,73.45,7.94,21.43,5.79,Very_Low,7,3.5,79.63,Chilled,Long_Distance,PA_PE_Vacuum,89,Low,Very_Low,Yes
F04587,Milk Powder,Dairy,3.49,24.52,26.34,6.45,Very_Low,386,26.3,55.22,Ambient,Long_Distance,Aluminum_Laminate,92,Very_Low,Very_Low,No
F04588,Peanuts,Nuts,8.91,47.98,25.2,6.51,Very_Low,186,24.1,64.57,Ambient,Long_Distance,Metallized_PET_PE,70,Very_Low,Very_Low,No
F04589,Ground Coffee,Beverage,0.0,15.22,13.7,5.01,Very_Low,349,25.0,60.66,Ambient,Long_Distance,High_Barrier_Laminate,98,Very_Low,Very_Low,No
F04590,Wheat Flour,Grain,11.21,0.92,13.2,6.09,Very_Low,172,24.5,70.68,Ambient,Normal,HDPE,78,Low,Low,No
F04591,Fresh Chicken,Meat,70.36,6.33,23.61,6.03,Very_Low,2,3.8,84.51,Chilled,Normal,PA_PE_Vacuum,96,Low,Very_Low,Yes
F04592,Wheat Flour,Grain,12.96,0.0,12.69,6.01,Very_Low,177,26.6,61.81,Ambient,Normal,HDPE,83,Low,Low,No
F04593,Bread,Bakery,37.72,3.52,8.53,5.29,Very_Low,6,26.2,52.8,Ambient,Normal,LDPE_Bag,55,Medium,Medium,No
F04594,Apple,Fresh Produce,82.66,0.0,0.14,3.29,High,66,4.3,78.22,Chilled,Refrigerated,Micro_Perforated_PE,45,High,High,Yes
F04595,Fresh Chicken,Meat,74.66,6.96,21.94,5.86,Very_Low,13,4.6,84.43,Chilled,Normal,PA_PE_Vacuum,96,Low,Very_Low,Yes
F04596,Carrot,Fresh Produce,88.29,0.37,0.61,6.12,High,33,5.3,95.68,Chilled,Normal,Micro_Perforated_PE,36,High,High,Yes
F04597,Cheese,Dairy,35.48,32.97,25.04,5.31,Very_Low,54,4.5,95.0,Chilled,Long_Distance,PA_PE_Vacuum,89,Low,Very_Low,Yes
F04598,Potato Chips,Snacks,2.0,30.29,6.19,6.08,Very_Low,186,26.8,64.49,Ambient,Normal,Metallized_PET_PE,85,Low,Very_Low,Yes
F04599,Carrot,Fresh Produce,86.98,1.57,1.01,6.14,High,37,5.5,83.58,Chilled,Normal,Micro_Perforated_PE,36,High,High,Yes
F04600,Mango,Fresh Produce,86.95,0.93,0.3,4.01,High,20,10.3,94.93,Chilled,Refrigerated,Breathable_PE,42,High,High,Yes
F04601,Butter,Dairy,16.85,80.04,1.22,6.17,Very_Low,127,4.2,95.47,Chilled,Refrigerated,Aluminum_Foil_Laminate,93,Very_Low,Very_Low,No
F04602,Mango,Fresh Produce,82.72,0.0,0.8,3.75,High,18,9.7,84.31,Chilled,Normal,Breathable_PE,43,High,High,Yes
F04603,Tomato,Fresh Produce,91.93,1.7,1.45,4.18,High,3,3.8,74.15,Chilled,Refrigerated,Micro_Perforated_PE,41,High,High,Yes
F04604,Milk Powder,Dairy,5.92,25.62,24.42,6.36,Very_Low,382,25.4,56.09,Ambient,Long_Distance,Aluminum_Laminate,88,Very_Low,Very_Low,No
F04605,Frozen Peas,Frozen Vegetable,78.5,2.95,5.27,6.28,Low,375,-19.5,87.31,Frozen,Long_Distance,PE_Film,74,Medium,Low,Yes
F04606,Onion,Vegetable,86.85,0.0,1.43,5.74,Low,100,20.6,64.84,Ambient,Long_Distance,Breathable_PP,48,High,Medium,Yes
F04607,Potato Chips,Snacks,3.79,31.36,5.98,6.12,Very_Low,181,24.3,48.86,Ambient,Long_Distance,Metallized_PET_PE,82,Low,Very_Low,Yes
F04608,Ground Coffee,Beverage,2.18,16.54,14.33,4.89,Very_Low,376,25.2,46.25,Ambient,Long_Distance,High_Barrier_Laminate,87,Very_Low,Very_Low,No
F04609,Cheese,Dairy,40.41,32.86,24.85,5.1,Very_Low,60,4.4,85.59,Chilled,Refrigerated,PA_PE_Vacuum,93,Low,Very_Low,Yes
F04610,Fresh Chicken,Meat,70.56,7.97,22.49,5.69,Very_Low,10,2.9,94.31,Chilled,Refrigerated,PA_PE_Vacuum,89,Low,Very_Low,Yes
F04611,Biscuits,Bakery,7.22,18.25,6.18,6.82,Very_Low,193,25.2,50.03,Ambient,Long_Distance,BOPP_PE,56,Low,Low,No
F04612,Biscuits,Bakery,5.9,18.82,6.86,6.97,Very_Low,164,23.4,57.55,Ambient,Long_Distance,BOPP_PE,60,Low,Low,No
F04613,Wheat Flour,Grain,10.35,2.18,12.58,6.11,Very_Low,198,25.9,64.01,Ambient,Long_Distance,HDPE,78,Low,Low,No
F04614,Rice,Grain,9.07,1.89,6.71,6.45,Very_Low,390,25.7,61.13,Ambient,Long_Distance,HDPE,88,Low,Low,No
F04615,Carrot,Fresh Produce,94.06,0.0,1.13,6.06,High,19,5.4,79.57,Chilled,Normal,Micro_Perforated_PE,34,High,High,Yes
F04616,Ground Coffee,Beverage,2.68,17.04,13.46,5.14,Very_Low,363,24.9,46.4,Ambient,Long_Distance,High_Barrier_Laminate,92,Very_Low,Very_Low,No
F04617,Peanuts,Nuts,4.83,45.68,25.84,6.47,Very_Low,185,23.8,64.25,Ambient,Long_Distance,Metallized_PET_PE,69,Very_Low,Very_Low,No
F04618,Fresh Chicken,Meat,75.41,9.39,22.57,5.75,Very_Low,1,3.6,81.95,Chilled,Normal,PA_PE_Vacuum,83,Low,Very_Low,Yes
F04619,Carrot,Fresh Produce,87.85,1.48,1.3,6.14,High,37,4.5,82.94,Chilled,Normal,Micro_Perforated_PE,37,High,High,Yes
F04620,Tomato,Fresh Produce,97.85,0.0,0.83,4.24,High,9,5.4,90.05,Chilled,Normal,Micro_Perforated_PE,37,High,High,Yes
F04621,Biscuits,Bakery,3.55,16.93,7.52,6.9,Very_Low,192,26.4,62.1,Ambient,Long_Distance,BOPP_PE,63,Low,Low,No
F04622,Peanuts,Nuts,9.79,47.71,23.66,6.48,Very_Low,175,24.6,58.82,Ambient,Long_Distance,Metallized_PET_PE,83,Very_Low,Very_Low,No
F04623,Rice,Grain,9.76,1.12,7.31,6.35,Very_Low,368,25.0,52.92,Ambient,Normal,HDPE,74,Low,Low,No
F04624,Mango,Fresh Produce,80.94,0.07,1.29,3.84,High,11,9.5,80.53,Chilled,Long_Distance,Breathable_PE,44,High,High,Yes
F04625,Apple,Fresh Produce,82.96,0.58,0.58,3.4,High,50,5.6,90.12,Chilled,Normal,Micro_Perforated_PE,37,High,High,Yes
F04626,Fish,Seafood,72.68,6.83,21.35,6.14,Very_Low,6,1.6,95.31,Chilled,Refrigerated,PA_PE_Vacuum,96,Low,Very_Low,Yes
F04627,Biscuits,Bakery,5.56,15.69,6.45,7.12,Very_Low,170,24.0,45.18,Ambient,Long_Distance,BOPP_PE,59,Low,Low,No
F04628,Frozen Peas,Frozen Vegetable,81.14,0.0,5.46,6.07,Low,359,-18.5,86.14,Frozen,Normal,PE_Film,79,Medium,Low,Yes
F04629,Frozen Peas,Frozen Vegetable,79.16,0.34,5.22,6.06,Low,338,-18.5,75.62,Frozen,Normal,PE_Film,71,Medium,Low,Yes
F04630,Frozen Peas,Frozen Vegetable,79.91,0.0,5.0,6.27,Low,364,-16.4,83.24,Frozen,Normal,PE_Film,69,Medium,Low,Yes
F04631,Peanuts,Nuts,7.52,51.86,24.2,6.48,Very_Low,184,24.1,51.22,Ambient,Normal,Metallized_PET_PE,77,Very_Low,Very_Low,No
F04632,Carrot,Fresh Produce,86.73,1.35,0.61,6.25,High,30,4.1,89.09,Chilled,Refrigerated,Micro_Perforated_PE,44,High,High,Yes
F04633,Tomato,Fresh Produce,89.18,0.0,1.17,4.41,High,24,5.3,72.51,Chilled,Long_Distance,Micro_Perforated_PE,51,High,High,Yes
F04634,Potato Chips,Snacks,1.06,29.49,5.63,6.06,Very_Low,157,26.5,67.08,Ambient,Normal,Metallized_PET_PE,73,Low,Very_Low,Yes
F04635,Ground Coffee,Beverage,1.81,14.68,13.96,5.09,Very_Low,381,24.6,46.65,Ambient,Long_Distance,High_Barrier_Laminate,89,Very_Low,Very_Low,No
F04636,Carrot,Fresh Produce,88.58,0.29,0.83,5.88,High,31,5.2,75.57,Chilled,Refrigerated,Micro_Perforated_PE,35,High,High,Yes
F04637,Biscuits,Bakery,4.58,18.13,6.69,7.05,Very_Low,185,24.8,71.3,Ambient,Normal,BOPP_PE,64,Low,Low,No
F04638,Milk Powder,Dairy,5.01,29.65,24.23,6.57,Very_Low,389,25.0,64.99,Ambient,Normal,Aluminum_Laminate,100,Very_Low,Very_Low,No
F04639,Milk Powder,Dairy,4.31,25.61,25.85,6.43,Very_Low,354,25.9,51.5,Ambient,Normal,Aluminum_Laminate,93,Very_Low,Very_Low,No
F04640,Biscuits,Bakery,4.19,19.96,6.77,7.0,Very_Low,192,25.5,65.3,Ambient,Long_Distance,BOPP_PE,59,Low,Low,No
F04641,Potato Chips,Snacks,0.0,31.11,6.75,6.03,Very_Low,182,25.1,56.54,Ambient,Normal,Metallized_PET_PE,81,Low,Very_Low,Yes
F04642,Fish,Seafood,77.61,2.88,20.21,6.28,Very_Low,1,2.9,65.84,Chilled,Long_Distance,PA_PE_Vacuum,92,Low,Very_Low,Yes
F04643,Rice,Grain,10.6,0.12,6.53,6.29,Very_Low,373,25.6,54.22,Ambient,Normal,HDPE,82,Low,Low,No
F04644,Peanuts,Nuts,5.58,48.7,25.29,6.62,Very_Low,194,24.8,65.72,Ambient,Long_Distance,Metallized_PET_PE,85,Very_Low,Very_Low,No
F04645,Tomato,Fresh Produce,95.41,0.85,0.32,4.09,High,21,6.2,96.32,Chilled,Refrigerated,Micro_Perforated_PE,44,High,High,Yes
F04646,Mango,Fresh Produce,84.53,0.78,1.51,3.95,High,25,8.8,92.48,Chilled,Normal,Breathable_PE,41,High,High,Yes
F04647,Biscuits,Bakery,4.93,19.19,7.7,6.93,Very_Low,175,24.9,73.02,Ambient,Long_Distance,BOPP_PE,64,Low,Low,No
F04648,Tomato,Fresh Produce,96.36,0.0,0.94,4.36,High,27,4.9,82.08,Chilled,Normal,Micro_Perforated_PE,38,High,High,Yes
F04649,Apple,Fresh Produce,89.5,0.24,1.35,3.6,High,53,3.7,87.72,Chilled,Long_Distance,Micro_Perforated_PE,39,High,High,Yes
F04650,Apple,Fresh Produce,84.09,1.68,0.42,3.57,High,58,4.2,76.11,Chilled,Refrigerated,Micro_Perforated_PE,49,High,High,Yes
F04651,Mango,Fresh Produce,83.91,0.0,1.18,4.03,High,35,9.1,83.29,Chilled,Long_Distance,Breathable_PE,37,High,High,Yes
F04652,Peanuts,Nuts,4.12,49.34,23.76,6.45,Very_Low,186,24.1,58.57,Ambient,Normal,Metallized_PET_PE,76,Very_Low,Very_Low,No
F04653,Bread,Bakery,36.55,5.14,8.81,5.48,Very_Low,19,23.7,66.2,Ambient,Normal,LDPE_Bag,51,Medium,Medium,No
F04654,Tomato,Fresh Produce,89.83,0.0,0.96,4.34,High,17,5.3,80.36,Chilled,Refrigerated,Micro_Perforated_PE,35,High,High,Yes
F04655,Coffee Powder,Beverage,1.12,15.77,14.2,4.68,Very_Low,369,25.6,50.02,Ambient,Long_Distance,Metallized_PET_PE,81,Very_Low,Very_Low,No
F04656,Butter,Dairy,15.48,84.81,0.14,6.34,Very_Low,126,3.5,81.5,Chilled,Normal,Aluminum_Foil_Laminate,89,Very_Low,Very_Low,No
F04657,Fresh Chicken,Meat,72.78,7.68,22.54,5.69,Very_Low,1,3.6,75.54,Chilled,Long_Distance,PA_PE_Vacuum,88,Low,Very_Low,Yes
F04658,Onion,Vegetable,88.32,0.0,1.63,5.45,Low,133,21.3,48.21,Ambient,Long_Distance,Breathable_PP,53,High,Medium,Yes
F04659,Potato Chips,Snacks,4.84,30.54,5.8,6.32,Very_Low,181,24.7,60.53,Ambient,Long_Distance,Metallized_PET_PE,89,Low,Very_Low,Yes
F04660,Yogurt,Dairy,83.57,2.74,3.85,4.3,Very_Low,35,3.9,89.84,Chilled,Refrigerated,PP_Cup_Foil_Lid,44,Medium,Low,Yes
F04661,Coffee Powder,Beverage,3.97,12.84,13.11,5.14,Very_Low,371,24.4,54.48,Ambient,Long_Distance,Metallized_PET_PE,79,Very_Low,Very_Low,No
F04662,Biscuits,Bakery,2.01,16.29,6.77,6.83,Very_Low,160,25.6,46.4,Ambient,Normal,BOPP_PE,63,Low,Low,No
F04663,Milk Powder,Dairy,3.53,25.71,25.45,6.43,Very_Low,411,25.6,56.43,Ambient,Normal,Aluminum_Laminate,96,Very_Low,Very_Low,No
F04664,Peanuts,Nuts,5.03,50.11,25.16,6.31,Very_Low,167,25.5,54.51,Ambient,Normal,Metallized_PET_PE,72,Very_Low,Very_Low,No
F04665,Carrot,Fresh Produce,88.87,0.52,0.87,6.0,High,34,5.0,87.47,Chilled,Refrigerated,Micro_Perforated_PE,38,High,High,Yes
F04666,Mango,Fresh Produce,80.88,1.37,0.43,3.82,High,17,11.0,86.98,Chilled,Long_Distance,Breathable_PE,37,High,High,Yes
F04667,Yogurt,Dairy,86.07,2.59,4.05,4.35,Very_Low,31,3.2,79.64,Chilled,Normal,PP_Cup_Foil_Lid,44,Medium,Low,Yes
F04668,Carrot,Fresh Produce,91.37,0.93,0.05,5.68,High,23,5.8,73.84,Chilled,Long_Distance,Micro_Perforated_PE,40,High,High,Yes
F04669,Tomato,Fresh Produce,96.73,1.21,0.0,4.31,High,6,4.1,76.8,Chilled,Long_Distance,Micro_Perforated_PE,41,High,High,Yes
F04670,Cheese,Dairy,36.71,33.32,23.86,5.27,Very_Low,58,5.3,88.16,Chilled,Normal,PA_PE_Vacuum,91,Low,Very_Low,Yes
F04671,Fish,Seafood,77.28,5.29,19.79,6.28,Very_Low,1,3.7,85.5,Chilled,Normal,PA_PE_Vacuum,92,Low,Very_Low,Yes
F04672,Biscuits,Bakery,6.32,18.44,7.15,7.14,Very_Low,182,25.9,67.47,Ambient,Normal,BOPP_PE,53,Low,Low,No
F04673,Yogurt,Dairy,89.0,1.82,4.58,4.35,Very_Low,27,3.9,85.57,Chilled,Refrigerated,PP_Cup_Foil_Lid,42,Medium,Low,Yes
F04674,Wheat Flour,Grain,13.14,0.58,12.01,6.17,Very_Low,174,24.3,51.72,Ambient,Long_Distance,HDPE,77,Low,Low,No
F04675,Bread,Bakery,38.17,4.3,9.02,5.62,Very_Low,6,24.7,59.2,Ambient,Normal,LDPE_Bag,43,Medium,Medium,No
F04676,Carrot,Fresh Produce,88.02,0.0,0.21,6.01,High,8,5.4,85.4,Chilled,Refrigerated,Micro_Perforated_PE,45,High,High,Yes
F04677,Yogurt,Dairy,82.56,3.79,4.08,4.33,Very_Low,31,4.2,95.52,Chilled,Long_Distance,PP_Cup_Foil_Lid,54,Medium,Low,Yes
F04678,Mango,Fresh Produce,85.67,0.0,0.26,3.7,High,22,8.8,95.92,Chilled,Refrigerated,Breathable_PE,39,High,High,Yes
F04679,Coffee Powder,Beverage,3.44,13.77,13.86,4.97,Very_Low,381,25.5,67.53,Ambient,Normal,Metallized_PET_PE,85,Very_Low,Very_Low,No
F04680,Rice,Grain,13.56,0.0,7.26,6.35,Very_Low,353,25.3,61.28,Ambient,Long_Distance,HDPE,75,Low,Low,No
F04681,Fresh Chicken,Meat,71.6,8.37,22.47,5.82,Very_Low,12,4.9,83.98,Chilled,Normal,PA_PE_Vacuum,94,Low,Very_Low,Yes
F04682,Tomato,Fresh Produce,97.99,0.0,0.0,4.45,High,14,5.5,83.5,Chilled,Refrigerated,Micro_Perforated_PE,44,High,High,Yes
F04683,Carrot,Fresh Produce,90.45,0.38,1.64,6.19,High,33,4.5,89.26,Chilled,Refrigerated,Micro_Perforated_PE,43,High,High,Yes
F04684,Fish,Seafood,74.67,5.9,20.17,6.36,Very_Low,1,2.3,92.45,Chilled,Refrigerated,PA_PE_Vacuum,92,Low,Very_Low,Yes
F04685,Yogurt,Dairy,87.21,4.47,3.29,4.38,Very_Low,35,3.8,85.72,Chilled,Long_Distance,PP_Cup_Foil_Lid,48,Medium,Low,Yes
F04686,Rice,Grain,14.46,2.19,7.65,6.54,Very_Low,386,25.1,63.42,Ambient,Long_Distance,HDPE,78,Low,Low,No
F04687,Bread,Bakery,36.79,3.26,9.26,5.41,Very_Low,20,26.3,61.16,Ambient,Normal,LDPE_Bag,54,Medium,Medium,No
F04688,Rice,Grain,12.61,0.0,6.79,6.72,Very_Low,362,25.1,47.89,Ambient,Long_Distance,HDPE,86,Low,Low,No
F04689,Rice,Grain,11.73,0.09,8.1,6.29,Very_Low,366,25.3,58.28,Ambient,Long_Distance,HDPE,85,Low,Low,No
F04690,Fish,Seafood,74.87,5.91,20.65,6.26,Very_Low,1,1.7,90.68,Chilled,Long_Distance,PA_PE_Vacuum,104,Low,Very_Low,Yes
F04691,Apple,Fresh Produce,85.28,0.0,0.63,3.72,High,44,5.3,94.89,Chilled,Long_Distance,Micro_Perforated_PE,34,High,High,Yes
F04692,Coffee Powder,Beverage,4.49,14.73,14.1,4.91,Very_Low,397,25.6,76.06,Ambient,Normal,Metallized_PET_PE,91,Very_Low,Very_Low,No
F04693,Carrot,Fresh Produce,84.39,0.0,1.62,6.01,High,27,6.5,75.72,Chilled,Normal,Micro_Perforated_PE,41,High,High,Yes
F04694,Wheat Flour,Grain,9.94,3.21,12.61,6.28,Very_Low,167,24.5,51.91,Ambient,Long_Distance,HDPE,82,Low,Low,No
F04695,Cheese,Dairy,40.05,32.13,25.12,5.3,Very_Low,56,5.7,92.32,Chilled,Long_Distance,PA_PE_Vacuum,102,Low,Very_Low,Yes
F04696,Bread,Bakery,38.73,3.89,9.42,5.6,Very_Low,13,25.2,55.24,Ambient,Normal,LDPE_Bag,40,Medium,Medium,No
F04697,Fish,Seafood,74.52,6.19,20.09,6.25,Very_Low,5,1.7,78.49,Chilled,Refrigerated,PA_PE_Vacuum,84,Low,Very_Low,Yes
F04698,Milk Powder,Dairy,6.96,28.54,25.27,6.46,Very_Low,412,26.1,57.63,Ambient,Normal,Aluminum_Laminate,95,Very_Low,Very_Low,No
F04699,Potato Chips,Snacks,0.23,28.77,5.58,6.03,Very_Low,183,24.0,69.32,Ambient,Long_Distance,Metallized_PET_PE,83,Low,Very_Low,Yes
F04700,Ground Coffee,Beverage,2.05,15.68,14.24,4.94,Very_Low,400,25.9,65.76,Ambient,Normal,High_Barrier_Laminate,87,Very_Low,Very_Low,No
F04701,Peanuts,Nuts,8.19,48.84,25.97,6.62,Very_Low,174,25.1,60.48,Ambient,Normal,Metallized_PET_PE,87,Very_Low,Very_Low,No
F04702,Fresh Chicken,Meat,74.47,9.37,24.8,5.88,Very_Low,13,4.3,80.3,Chilled,Long_Distance,PA_PE_Vacuum,90,Low,Very_Low,Yes
F04703,Carrot,Fresh Produce,88.11,1.92,1.07,6.06,High,21,4.8,92.25,Chilled,Long_Distance,Micro_Perforated_PE,47,High,High,Yes
F04704,Butter,Dairy,16.78,80.16,1.21,5.9,Very_Low,121,3.1,75.61,Chilled,Refrigerated,Aluminum_Foil_Laminate,87,Very_Low,Very_Low,No
F04705,Coffee Powder,Beverage,1.04,15.16,13.03,4.9,Very_Low,395,24.5,54.84,Ambient,Long_Distance,Metallized_PET_PE,89,Very_Low,Very_Low,No
F04706,Tomato,Fresh Produce,98.59,1.32,0.85,4.08,High,18,4.1,72.29,Chilled,Long_Distance,Micro_Perforated_PE,30,High,High,Yes
F04707,Ground Coffee,Beverage,5.21,14.89,13.54,5.17,Very_Low,381,24.9,54.85,Ambient,Long_Distance,High_Barrier_Laminate,95,Very_Low,Very_Low,No
F04708,Cheese,Dairy,38.13,34.43,24.65,5.21,Very_Low,58,5.5,92.23,Chilled,Normal,PA_PE_Vacuum,89,Low,Very_Low,Yes
F04709,Yogurt,Dairy,87.04,3.69,4.44,4.19,Very_Low,30,4.2,87.56,Chilled,Refrigerated,PP_Cup_Foil_Lid,53,Medium,Low,Yes
F04710,Fresh Chicken,Meat,73.16,10.27,21.73,5.61,Very_Low,3,3.8,94.24,Chilled,Refrigerated,PA_PE_Vacuum,88,Low,Very_Low,Yes
F04711,Ground Coffee,Beverage,2.5,13.08,13.34,5.13,Very_Low,380,24.9,74.69,Ambient,Long_Distance,High_Barrier_Laminate,91,Very_Low,Very_Low,No
F04712,Yogurt,Dairy,89.77,2.99,3.51,4.2,Very_Low,31,4.3,83.58,Chilled,Long_Distance,PP_Cup_Foil_Lid,46,Medium,Low,Yes
F04713,Mango,Fresh Produce,84.89,0.0,0.56,3.79,High,11,9.9,95.74,Chilled,Refrigerated,Breathable_PE,42,High,High,Yes
F04714,Peanuts,Nuts,4.65,47.35,25.05,6.62,Very_Low,159,24.9,55.62,Ambient,Long_Distance,Metallized_PET_PE,88,Very_Low,Very_Low,No
F04715,Biscuits,Bakery,5.59,17.06,7.17,6.94,Very_Low,200,25.2,72.74,Ambient,Normal,BOPP_PE,64,Low,Low,No
F04716,Coffee Powder,Beverage,4.37,14.56,14.15,4.91,Very_Low,391,24.6,60.62,Ambient,Long_Distance,Metallized_PET_PE,79,Very_Low,Very_Low,No
F04717,Bread,Bakery,38.07,3.23,8.88,5.43,Very_Low,12,25.5,42.15,Ambient,Long_Distance,LDPE_Bag,45,Medium,Medium,No
F04718,Rice,Grain,12.15,0.97,7.35,6.46,Very_Low,377,23.5,45.1,Ambient,Normal,HDPE,75,Low,Low,No
F04719,Rice,Grain,11.68,1.91,7.42,6.39,Very_Low,372,25.0,45.69,Ambient,Normal,HDPE,76,Low,Low,No
F04720,Coffee Powder,Beverage,1.84,14.04,15.16,4.98,Very_Low,340,25.6,71.94,Ambient,Long_Distance,Metallized_PET_PE,84,Very_Low,Very_Low,No
F04721,Fish,Seafood,74.49,6.39,19.96,6.11,Very_Low,4,2.7,77.16,Chilled,Long_Distance,PA_PE_Vacuum,99,Low,Very_Low,Yes
F04722,Apple,Fresh Produce,78.8,1.48,0.0,3.46,High,71,4.5,96.17,Chilled,Normal,Micro_Perforated_PE,49,High,High,Yes
F04723,Carrot,Fresh Produce,88.17,2.21,0.62,6.04,High,37,4.3,79.04,Chilled,Normal,Micro_Perforated_PE,43,High,High,Yes
F04724,Butter,Dairy,16.68,80.53,2.2,6.06,Very_Low,143,4.0,83.9,Chilled,Refrigerated,Aluminum_Foil_Laminate,93,Very_Low,Very_Low,No
F04725,Bread,Bakery,37.38,4.0,8.35,5.37,Very_Low,12,26.5,48.64,Ambient,Normal,LDPE_Bag,51,Medium,Medium,No
F04726,Onion,Vegetable,85.26,0.0,1.44,5.5,Low,123,20.6,54.18,Ambient,Long_Distance,Breathable_PP,50,High,Medium,Yes
F04727,Potato Chips,Snacks,2.77,28.87,4.49,6.13,Very_Low,174,23.2,63.54,Ambient,Long_Distance,Metallized_PET_PE,80,Low,Very_Low,Yes
F04728,Peanuts,Nuts,3.72,49.28,26.57,6.6,Very_Low,175,25.2,60.44,Ambient,Normal,Metallized_PET_PE,87,Very_Low,Very_Low,No
F04729,Butter,Dairy,16.84,79.73,0.0,6.28,Very_Low,130,4.2,88.47,Chilled,Long_Distance,Aluminum_Foil_Laminate,94,Very_Low,Very_Low,No
F04730,Milk Powder,Dairy,2.82,28.63,25.15,6.61,Very_Low,356,23.6,49.71,Ambient,Normal,Aluminum_Laminate,98,Very_Low,Very_Low,No
F04731,Ground Coffee,Beverage,4.6,14.36,13.81,5.14,Very_Low,373,24.1,64.6,Ambient,Normal,High_Barrier_Laminate,96,Very_Low,Very_Low,No
F04732,Milk Powder,Dairy,3.62,22.59,26.51,6.67,Very_Low,378,24.5,62.32,Ambient,Normal,Aluminum_Laminate,105,Very_Low,Very_Low,No
F04733,Butter,Dairy,15.77,82.24,1.42,6.23,Very_Low,134,5.5,76.67,Chilled,Normal,Aluminum_Foil_Laminate,97,Very_Low,Very_Low,No
F04734,Potato Chips,Snacks,0.91,30.14,6.48,6.1,Very_Low,165,26.2,67.55,Ambient,Normal,Metallized_PET_PE,74,Low,Very_Low,Yes
F04735,Fresh Chicken,Meat,72.0,7.62,21.89,5.87,Very_Low,10,3.4,90.85,Chilled,Normal,PA_PE_Vacuum,85,Low,Very_Low,Yes
F04736,Biscuits,Bakery,7.28,20.57,6.81,7.05,Very_Low,187,24.6,50.08,Ambient,Normal,BOPP_PE,66,Low,Low,No
F04737,Yogurt,Dairy,89.61,0.97,3.5,4.39,Very_Low,22,4.7,94.05,Chilled,Refrigerated,PP_Cup_Foil_Lid,53,Medium,Low,Yes
F04738,Frozen Peas,Frozen Vegetable,81.36,1.82,4.73,5.99,Low,381,-17.1,82.48,Frozen,Long_Distance,PE_Film,69,Medium,Low,Yes
F04739,Butter,Dairy,16.1,80.7,1.3,6.47,Very_Low,112,3.7,63.64,Chilled,Normal,Aluminum_Foil_Laminate,90,Very_Low,Very_Low,No
F04740,Butter,Dairy,16.67,79.35,1.34,6.11,Very_Low,124,4.2,84.02,Chilled,Normal,Aluminum_Foil_Laminate,91,Very_Low,Very_Low,No
F04741,Coffee Powder,Beverage,4.99,17.3,14.01,5.04,Very_Low,400,25.4,69.21,Ambient,Normal,Metallized_PET_PE,87,Very_Low,Very_Low,No
F04742,Fresh Chicken,Meat,73.16,8.46,22.22,5.98,Very_Low,8,4.1,84.78,Chilled,Normal,PA_PE_Vacuum,85,Low,Very_Low,Yes
F04743,Fresh Chicken,Meat,73.91,7.65,23.44,5.76,Very_Low,13,4.1,75.76,Chilled,Normal,PA_PE_Vacuum,80,Low,Very_Low,Yes
F04744,Milk Powder,Dairy,8.7,25.07,26.39,6.55,Very_Low,400,25.8,80.4,Ambient,Long_Distance,Aluminum_Laminate,99,Very_Low,Very_Low,No
F04745,Onion,Vegetable,85.96,0.43,0.8,5.27,Low,124,21.3,58.46,Ambient,Long_Distance,Breathable_PP,53,High,Medium,Yes
F04746,Yogurt,Dairy,88.38,2.51,3.83,4.43,Very_Low,13,4.0,77.03,Chilled,Refrigerated,PP_Cup_Foil_Lid,37,Medium,Low,Yes
F04747,Peanuts,Nuts,7.4,51.1,24.76,6.42,Very_Low,185,25.8,58.9,Ambient,Long_Distance,Metallized_PET_PE,79,Very_Low,Very_Low,No
F04748,Cheese,Dairy,36.53,32.27,24.66,5.31,Very_Low,67,4.1,95.85,Chilled,Refrigerated,PA_PE_Vacuum,92,Low,Very_Low,Yes
F04749,Fish,Seafood,77.11,6.31,20.53,6.12,Very_Low,1,1.1,85.72,Chilled,Normal,PA_PE_Vacuum,90,Low,Very_Low,Yes
F04750,Carrot,Fresh Produce,89.13,0.44,0.53,6.03,High,35,3.0,93.74,Chilled,Long_Distance,Micro_Perforated_PE,46,High,High,Yes
F04751,Cheese,Dairy,37.21,33.77,26.37,5.24,Very_Low,76,3.9,87.73,Chilled,Normal,PA_PE_Vacuum,81,Low,Very_Low,Yes
F04752,Coffee Powder,Beverage,3.18,16.15,13.04,5.1,Very_Low,369,25.2,64.62,Ambient,Long_Distance,Metallized_PET_PE,74,Very_Low,Very_Low,No
F04753,Mango,Fresh Produce,83.56,2.24,0.94,3.94,High,11,12.1,91.29,Chilled,Refrigerated,Breathable_PE,32,High,High,Yes
F04754,Tomato,Fresh Produce,93.41,0.82,0.66,4.1,High,23,5.5,69.89,Chilled,Long_Distance,Micro_Perforated_PE,46,High,High,Yes
F04755,Wheat Flour,Grain,16.95,0.64,13.27,6.17,Very_Low,181,23.9,67.74,Ambient,Normal,HDPE,77,Low,Low,No
F04756,Frozen Peas,Frozen Vegetable,80.32,0.22,4.32,6.32,Low,371,-17.2,92.61,Frozen,Normal,PE_Film,64,Medium,Low,Yes
F04757,Milk Powder,Dairy,4.4,25.63,26.35,6.45,Very_Low,344,24.9,64.14,Ambient,Long_Distance,Aluminum_Laminate,93,Very_Low,Very_Low,No
F04758,Butter,Dairy,16.56,82.67,0.78,6.04,Very_Low,129,3.9,75.48,Chilled,Normal,Aluminum_Foil_Laminate,86,Very_Low,Very_Low,No
F04759,Butter,Dairy,18.85,80.84,1.02,6.26,Very_Low,118,3.7,81.03,Chilled,Long_Distance,Aluminum_Foil_Laminate,93,Very_Low,Very_Low,No
F04760,Carrot,Fresh Produce,90.52,0.51,0.31,5.99,High,37,4.4,74.16,Chilled,Refrigerated,Micro_Perforated_PE,36,High,High,Yes
F04761,Potato Chips,Snacks,2.82,28.29,6.15,6.31,Very_Low,180,23.9,56.96,Ambient,Normal,Metallized_PET_PE,87,Low,Very_Low,Yes
F04762,Fish,Seafood,75.28,3.78,19.15,6.21,Very_Low,1,1.6,89.93,Chilled,Long_Distance,PA_PE_Vacuum,94,Low,Very_Low,Yes
F04763,Biscuits,Bakery,6.91,16.56,6.92,6.86,Very_Low,192,24.8,55.13,Ambient,Long_Distance,BOPP_PE,65,Low,Low,No
F04764,Fish,Seafood,77.45,5.73,18.91,6.11,Very_Low,9,2.1,89.39,Chilled,Long_Distance,PA_PE_Vacuum,87,Low,Very_Low,Yes
F04765,Tomato,Fresh Produce,98.99,0.53,1.12,4.03,High,10,3.9,72.98,Chilled,Long_Distance,Micro_Perforated_PE,31,High,High,Yes
F04766,Coffee Powder,Beverage,4.13,15.48,13.48,4.79,Very_Low,359,23.2,52.97,Ambient,Long_Distance,Metallized_PET_PE,82,Very_Low,Very_Low,No
F04767,Butter,Dairy,15.46,82.92,1.84,6.2,Very_Low,126,4.5,78.67,Chilled,Long_Distance,Aluminum_Foil_Laminate,91,Very_Low,Very_Low,No
F04768,Carrot,Fresh Produce,82.97,0.0,0.61,6.05,High,40,5.6,79.83,Chilled,Normal,Micro_Perforated_PE,51,High,High,Yes
F04769,Peanuts,Nuts,5.26,51.26,24.48,6.42,Very_Low,157,25.4,64.06,Ambient,Normal,Metallized_PET_PE,80,Very_Low,Very_Low,No
F04770,Rice,Grain,13.14,0.8,8.84,6.33,Very_Low,366,25.7,60.41,Ambient,Long_Distance,HDPE,85,Low,Low,No
F04771,Butter,Dairy,17.57,82.2,0.84,6.16,Very_Low,114,5.4,93.29,Chilled,Refrigerated,Aluminum_Foil_Laminate,82,Very_Low,Very_Low,No
F04772,Fresh Chicken,Meat,73.04,7.73,23.97,5.64,Very_Low,1,3.9,81.25,Chilled,Normal,PA_PE_Vacuum,75,Low,Very_Low,Yes
F04773,Potato Chips,Snacks,1.29,30.18,6.24,6.15,Very_Low,170,24.3,51.89,Ambient,Long_Distance,Metallized_PET_PE,78,Low,Very_Low,Yes
F04774,Tomato,Fresh Produce,98.79,0.39,1.95,4.24,High,26,4.9,71.75,Chilled,Refrigerated,Micro_Perforated_PE,45,High,High,Yes
F04775,Milk Powder,Dairy,4.12,27.28,25.48,6.57,Very_Low,343,25.6,76.71,Ambient,Long_Distance,Aluminum_Laminate,95,Very_Low,Very_Low,No
F04776,Frozen Peas,Frozen Vegetable,81.83,0.09,4.68,6.43,Low,378,-19.0,89.84,Frozen,Long_Distance,PE_Film,73,Medium,Low,Yes
F04777,Fish,Seafood,76.73,4.25,19.15,6.19,Very_Low,1,1.6,90.58,Chilled,Long_Distance,PA_PE_Vacuum,95,Low,Very_Low,Yes
F04778,Ground Coffee,Beverage,0.51,15.71,13.72,5.1,Very_Low,347,24.5,48.22,Ambient,Long_Distance,High_Barrier_Laminate,92,Very_Low,Very_Low,No
F04779,Bread,Bakery,36.49,2.28,8.66,5.66,Very_Low,12,24.7,57.01,Ambient,Normal,LDPE_Bag,43,Medium,Medium,No
F04780,Coffee Powder,Beverage,1.12,14.59,12.97,5.0,Very_Low,363,26.0,51.33,Ambient,Normal,Metallized_PET_PE,91,Very_Low,Very_Low,No
F04781,Cheese,Dairy,39.57,34.25,25.85,5.31,Very_Low,74,3.5,87.09,Chilled,Normal,PA_PE_Vacuum,90,Low,Very_Low,Yes
F04782,Onion,Vegetable,89.96,0.0,1.16,5.48,Low,122,19.2,62.22,Ambient,Normal,Breathable_PP,63,High,Medium,Yes
F04783,Biscuits,Bakery,7.97,17.87,6.72,7.31,Very_Low,171,24.7,68.28,Ambient,Normal,BOPP_PE,60,Low,Low,No
F04784,Apple,Fresh Produce,88.57,1.35,0.65,3.62,High,51,4.2,82.34,Chilled,Long_Distance,Micro_Perforated_PE,40,High,High,Yes
F04785,Potato Chips,Snacks,0.0,28.75,5.53,6.08,Very_Low,178,24.7,73.09,Ambient,Normal,Metallized_PET_PE,93,Low,Very_Low,Yes
F04786,Potato Chips,Snacks,1.42,31.31,6.0,6.45,Very_Low,168,26.3,60.43,Ambient,Normal,Metallized_PET_PE,82,Low,Very_Low,Yes
F04787,Mango,Fresh Produce,80.93,0.38,0.82,3.86,High,24,9.2,85.63,Chilled,Long_Distance,Breathable_PE,34,High,High,Yes
F04788,Bread,Bakery,40.07,2.6,8.75,5.51,Very_Low,10,23.8,65.33,Ambient,Normal,LDPE_Bag,47,Medium,Medium,No
F04789,Ground Coffee,Beverage,0.8,15.99,14.52,4.89,Very_Low,351,25.6,64.92,Ambient,Normal,High_Barrier_Laminate,82,Very_Low,Very_Low,No
F04790,Potato Chips,Snacks,3.15,29.31,6.98,6.41,Very_Low,156,23.6,54.61,Ambient,Normal,Metallized_PET_PE,84,Low,Very_Low,Yes
F04791,Coffee Powder,Beverage,4.53,12.45,14.57,5.18,Very_Low,362,23.9,60.77,Ambient,Normal,Metallized_PET_PE,79,Very_Low,Very_Low,No
F04792,Tomato,Fresh Produce,92.32,1.36,0.67,4.43,High,18,4.5,85.06,Chilled,Normal,Micro_Perforated_PE,43,High,High,Yes
F04793,Ground Coffee,Beverage,7.22,14.71,14.15,5.04,Very_Low,346,24.8,58.55,Ambient,Long_Distance,High_Barrier_Laminate,92,Very_Low,Very_Low,No
F04794,Fresh Chicken,Meat,72.35,9.25,23.82,5.85,Very_Low,1,3.8,86.88,Chilled,Refrigerated,PA_PE_Vacuum,85,Low,Very_Low,Yes
F04795,Butter,Dairy,13.57,81.82,2.09,6.12,Very_Low,125,3.0,79.55,Chilled,Refrigerated,Aluminum_Foil_Laminate,91,Very_Low,Very_Low,No
F04796,Coffee Powder,Beverage,0.11,15.68,13.86,5.06,Very_Low,369,25.7,55.45,Ambient,Normal,Metallized_PET_PE,79,Very_Low,Very_Low,No
F04797,Milk Powder,Dairy,6.21,24.87,25.94,6.53,Very_Low,354,25.2,53.79,Ambient,Normal,Aluminum_Laminate,93,Very_Low,Very_Low,No
F04798,Wheat Flour,Grain,12.27,1.21,14.09,6.27,Very_Low,186,24.4,58.82,Ambient,Long_Distance,HDPE,77,Low,Low,No
F04799,Cheese,Dairy,35.05,35.87,23.02,5.29,Very_Low,46,2.9,95.45,Chilled,Normal,PA_PE_Vacuum,76,Low,Very_Low,Yes
F04800,Ground Coffee,Beverage,0.33,15.31,13.49,4.79,Very_Low,373,26.8,58.75,Ambient,Long_Distance,High_Barrier_Laminate,93,Very_Low,Very_Low,No
F04801,Milk Powder,Dairy,3.31,26.35,26.41,6.74,Very_Low,355,23.6,57.41,Ambient,Long_Distance,Aluminum_Laminate,90,Very_Low,Very_Low,No
F04802,Cheese,Dairy,41.3,33.35,25.85,5.33,Very_Low,58,3.3,88.37,Chilled,Normal,PA_PE_Vacuum,87,Low,Very_Low,Yes
F04803,Onion,Vegetable,82.32,0.37,0.11,5.35,Low,115,20.1,56.21,Ambient,Normal,Breathable_PP,45,High,Medium,Yes
F04804,Cheese,Dairy,36.26,34.69,24.66,5.17,Very_Low,51,4.1,96.31,Chilled,Refrigerated,PA_PE_Vacuum,86,Low,Very_Low,Yes
F04805,Bread,Bakery,39.81,3.25,7.87,5.54,Very_Low,3,24.3,64.27,Ambient,Long_Distance,LDPE_Bag,47,Medium,Medium,No
F04806,Frozen Peas,Frozen Vegetable,81.13,1.1,5.51,6.38,Low,370,-17.7,91.6,Frozen,Normal,PE_Film,63,Medium,Low,Yes
F04807,Apple,Fresh Produce,87.0,0.0,0.43,3.58,High,64,4.2,80.69,Chilled,Normal,Micro_Perforated_PE,44,High,High,Yes
F04808,Yogurt,Dairy,87.86,3.78,4.83,4.55,Very_Low,33,3.4,85.36,Chilled,Long_Distance,PP_Cup_Foil_Lid,46,Medium,Low,Yes
F04809,Carrot,Fresh Produce,87.53,0.36,0.85,5.96,High,40,3.3,76.12,Chilled,Refrigerated,Micro_Perforated_PE,36,High,High,Yes
F04810,Rice,Grain,11.75,0.84,8.41,6.58,Very_Low,333,25.2,54.71,Ambient,Normal,HDPE,83,Low,Low,No
F04811,Fish,Seafood,79.5,4.27,19.31,6.29,Very_Low,2,1.7,94.74,Chilled,Long_Distance,PA_PE_Vacuum,94,Low,Very_Low,Yes
F04812,Tomato,Fresh Produce,91.13,0.63,0.71,4.34,High,13,5.4,81.83,Chilled,Refrigerated,Micro_Perforated_PE,36,High,High,Yes
F04813,Ground Coffee,Beverage,5.19,13.95,13.83,5.19,Very_Low,359,26.3,55.06,Ambient,Normal,High_Barrier_Laminate,78,Very_Low,Very_Low,No
F04814,Biscuits,Bakery,4.87,17.27,6.77,6.82,Very_Low,174,26.7,61.21,Ambient,Long_Distance,BOPP_PE,65,Low,Low,No
F04815,Cheese,Dairy,33.03,31.33,25.17,5.29,Very_Low,59,4.3,84.96,Chilled,Long_Distance,PA_PE_Vacuum,85,Low,Very_Low,Yes
F04816,Mango,Fresh Produce,84.07,0.0,0.8,4.37,High,13,9.4,77.78,Chilled,Normal,Breathable_PE,37,High,High,Yes
F04817,Yogurt,Dairy,85.61,2.38,3.75,4.46,Very_Low,39,3.0,84.95,Chilled,Long_Distance,PP_Cup_Foil_Lid,50,Medium,Low,Yes
F04818,Peanuts,Nuts,5.73,48.51,23.45,6.42,Very_Low,192,24.3,59.51,Ambient,Normal,Metallized_PET_PE,77,Very_Low,Very_Low,No
F04819,Ground Coffee,Beverage,6.63,16.81,15.08,5.01,Very_Low,396,25.0,54.11,Ambient,Normal,High_Barrier_Laminate,87,Very_Low,Very_Low,No
F04820,Bread,Bakery,39.2,3.39,9.0,5.42,Very_Low,1,23.9,59.79,Ambient,Long_Distance,LDPE_Bag,46,Medium,Medium,No
F04821,Rice,Grain,11.95,0.53,6.57,6.59,Very_Low,379,24.3,61.42,Ambient,Long_Distance,HDPE,87,Low,Low,No
F04822,Bread,Bakery,39.71,5.87,8.86,5.32,Very_Low,10,26.4,52.86,Ambient,Normal,LDPE_Bag,55,Medium,Medium,No
F04823,Apple,Fresh Produce,79.2,0.29,0.18,3.44,High,58,5.0,86.93,Chilled,Normal,Micro_Perforated_PE,46,High,High,Yes
F04824,Ground Coffee,Beverage,2.07,14.21,13.42,4.86,Very_Low,365,24.1,50.19,Ambient,Normal,High_Barrier_Laminate,93,Very_Low,Very_Low,No
F04825,Peanuts,Nuts,4.71,46.65,24.18,6.73,Very_Low,168,25.6,42.28,Ambient,Normal,Metallized_PET_PE,83,Very_Low,Very_Low,No
F04826,Yogurt,Dairy,86.28,2.03,4.36,4.32,Very_Low,30,3.4,88.58,Chilled,Refrigerated,PP_Cup_Foil_Lid,58,Medium,Low,Yes
F04827,Apple,Fresh Produce,89.63,0.0,0.37,3.46,High,74,4.6,94.12,Chilled,Refrigerated,Micro_Perforated_PE,38,High,High,Yes
F04828,Milk Powder,Dairy,4.82,27.68,26.98,6.55,Very_Low,346,25.6,62.94,Ambient,Long_Distance,Aluminum_Laminate,94,Very_Low,Very_Low,No
F04829,Wheat Flour,Grain,13.22,0.42,12.45,6.01,Very_Low,191,25.6,60.87,Ambient,Normal,HDPE,82,Low,Low,No
F04830,Tomato,Fresh Produce,89.17,0.33,1.33,4.27,High,20,4.6,89.69,Chilled,Refrigerated,Micro_Perforated_PE,37,High,High,Yes
F04831,Potato Chips,Snacks,2.42,29.48,5.63,5.88,Very_Low,174,25.4,48.17,Ambient,Normal,Metallized_PET_PE,85,Low,Very_Low,Yes
F04832,Fresh Chicken,Meat,69.15,9.28,22.23,5.66,Very_Low,3,4.1,76.37,Chilled,Normal,PA_PE_Vacuum,88,Low,Very_Low,Yes
F04833,Tomato,Fresh Produce,99.48,0.22,0.63,4.38,High,23,5.9,81.08,Chilled,Normal,Micro_Perforated_PE,40,High,High,Yes
F04834,Biscuits,Bakery,2.94,16.86,6.39,6.94,Very_Low,184,25.0,65.65,Ambient,Long_Distance,BOPP_PE,64,Low,Low,No
F04835,Bread,Bakery,32.76,3.23,9.05,5.65,Very_Low,14,24.6,55.35,Ambient,Normal,LDPE_Bag,40,Medium,Medium,No
F04836,Butter,Dairy,16.54,80.47,1.52,6.09,Very_Low,135,5.0,86.5,Chilled,Refrigerated,Aluminum_Foil_Laminate,95,Very_Low,Very_Low,No
F04837,Yogurt,Dairy,81.79,2.39,4.05,4.47,Very_Low,26,2.6,79.94,Chilled,Refrigerated,PP_Cup_Foil_Lid,43,Medium,Low,Yes
F04838,Rice,Grain,14.4,0.0,8.16,6.6,Very_Low,358,25.2,46.98,Ambient,Normal,HDPE,78,Low,Low,No
F04839,Coffee Powder,Beverage,4.46,14.04,14.31,5.19,Very_Low,371,25.3,60.4,Ambient,Normal,Metallized_PET_PE,80,Very_Low,Very_Low,No
F04840,Yogurt,Dairy,86.51,1.87,4.01,4.04,Very_Low,30,5.6,85.07,Chilled,Refrigerated,PP_Cup_Foil_Lid,54,Medium,Low,Yes
F04841,Peanuts,Nuts,2.79,50.56,24.49,6.26,Very_Low,192,26.2,44.74,Ambient,Normal,Metallized_PET_PE,80,Very_Low,Very_Low,No
F04842,Apple,Fresh Produce,83.07,0.85,0.47,3.45,High,68,4.3,75.63,Chilled,Refrigerated,Micro_Perforated_PE,44,High,High,Yes
F04843,Frozen Peas,Frozen Vegetable,80.55,2.2,5.49,6.05,Low,390,-17.9,81.61,Frozen,Long_Distance,PE_Film,71,Medium,Low,Yes
F04844,Cheese,Dairy,36.66,33.7,23.53,5.3,Very_Low,66,3.8,81.05,Chilled,Long_Distance,PA_PE_Vacuum,90,Low,Very_Low,Yes
F04845,Carrot,Fresh Produce,90.83,1.75,1.19,5.78,High,42,5.0,84.57,Chilled,Refrigerated,Micro_Perforated_PE,40,High,High,Yes
F04846,Rice,Grain,9.19,1.03,8.06,6.7,Very_Low,360,24.5,48.58,Ambient,Long_Distance,HDPE,84,Low,Low,No
F04847,Tomato,Fresh Produce,96.01,0.94,0.38,4.07,High,12,4.2,77.9,Chilled,Normal,Micro_Perforated_PE,33,High,High,Yes
F04848,Bread,Bakery,34.22,2.02,8.78,5.41,Very_Low,1,24.4,58.46,Ambient,Long_Distance,LDPE_Bag,53,Medium,Medium,No
F04849,Onion,Vegetable,91.36,0.0,0.4,5.63,Low,105,19.3,63.48,Ambient,Normal,Breathable_PP,56,High,Medium,Yes
F04850,Cheese,Dairy,36.09,32.54,25.29,5.05,Very_Low,58,3.4,87.21,Chilled,Normal,PA_PE_Vacuum,99,Low,Very_Low,Yes
F04851,Potato Chips,Snacks,0.26,29.83,6.35,6.43,Very_Low,173,26.4,49.95,Ambient,Normal,Metallized_PET_PE,75,Low,Very_Low,Yes
F04852,Ground Coffee,Beverage,5.74,14.23,13.19,4.99,Very_Low,354,25.2,57.24,Ambient,Long_Distance,High_Barrier_Laminate,92,Very_Low,Very_Low,No
F04853,Peanuts,Nuts,7.89,52.81,22.94,6.52,Very_Low,175,24.0,48.32,Ambient,Normal,Metallized_PET_PE,76,Very_Low,Very_Low,No
F04854,Cheese,Dairy,37.58,33.92,23.54,5.31,Very_Low,57,4.6,86.11,Chilled,Normal,PA_PE_Vacuum,92,Low,Very_Low,Yes
F04855,Rice,Grain,12.11,1.53,7.83,6.61,Very_Low,345,23.0,53.95,Ambient,Normal,HDPE,75,Low,Low,No
F04856,Wheat Flour,Grain,11.95,2.18,12.65,6.0,Very_Low,191,25.6,57.27,Ambient,Long_Distance,HDPE,76,Low,Low,No
F04857,Biscuits,Bakery,2.9,19.42,6.88,7.14,Very_Low,187,24.6,49.42,Ambient,Normal,BOPP_PE,61,Low,Low,No
F04858,Peanuts,Nuts,3.42,50.12,24.55,6.65,Very_Low,202,25.5,44.61,Ambient,Long_Distance,Metallized_PET_PE,77,Very_Low,Very_Low,No
F04859,Peanuts,Nuts,8.68,50.91,25.7,6.48,Very_Low,190,24.5,50.46,Ambient,Long_Distance,Metallized_PET_PE,69,Very_Low,Very_Low,No
F04860,Coffee Powder,Beverage,2.08,16.35,14.1,4.87,Very_Low,366,25.1,51.58,Ambient,Long_Distance,Metallized_PET_PE,85,Very_Low,Very_Low,No
F04861,Carrot,Fresh Produce,87.73,1.52,1.26,5.98,High,39,4.4,70.66,Chilled,Long_Distance,Micro_Perforated_PE,40,High,High,Yes
F04862,Cheese,Dairy,35.14,32.82,24.24,5.11,Very_Low,55,4.7,89.43,Chilled,Normal,PA_PE_Vacuum,85,Low,Very_Low,Yes
F04863,Biscuits,Bakery,3.45,18.0,7.2,6.97,Very_Low,173,25.4,65.07,Ambient,Normal,BOPP_PE,58,Low,Low,No
F04864,Tomato,Fresh Produce,100.0,0.0,1.09,4.13,High,8,4.8,83.55,Chilled,Refrigerated,Micro_Perforated_PE,26,High,High,Yes
F04865,Tomato,Fresh Produce,93.04,0.0,1.23,4.43,High,19,5.7,73.09,Chilled,Long_Distance,Micro_Perforated_PE,31,High,High,Yes
F04866,Milk Powder,Dairy,6.58,25.03,25.25,6.38,Very_Low,371,25.3,42.81,Ambient,Long_Distance,Aluminum_Laminate,107,Very_Low,Very_Low,No
F04867,Fish,Seafood,74.75,4.39,18.44,6.18,Very_Low,12,0.6,87.44,Chilled,Normal,PA_PE_Vacuum,92,Low,Very_Low,Yes
F04868,Fish,Seafood,74.7,4.6,20.99,6.1,Very_Low,5,1.7,81.33,Chilled,Normal,PA_PE_Vacuum,83,Low,Very_Low,Yes
F04869,Mango,Fresh Produce,86.39,0.74,1.7,4.08,High,28,10.4,81.62,Chilled,Refrigerated,Breathable_PE,43,High,High,Yes
F04870,Tomato,Fresh Produce,97.89,1.39,0.95,4.12,High,24,5.0,63.97,Chilled,Long_Distance,Micro_Perforated_PE,35,High,High,Yes
F04871,Mango,Fresh Produce,83.09,1.52,0.81,3.81,High,16,9.6,80.52,Chilled,Long_Distance,Breathable_PE,41,High,High,Yes
F04872,Tomato,Fresh Produce,97.96,0.66,1.07,4.22,High,13,5.0,91.85,Chilled,Long_Distance,Micro_Perforated_PE,44,High,High,Yes
F04873,Mango,Fresh Produce,82.69,0.0,1.19,4.27,High,20,9.9,83.27,Chilled,Refrigerated,Breathable_PE,37,High,High,Yes
F04874,Wheat Flour,Grain,14.97,0.95,13.14,6.09,Very_Low,178,25.1,57.69,Ambient,Long_Distance,HDPE,86,Low,Low,No
F04875,Rice,Grain,9.23,1.38,7.17,6.47,Very_Low,390,23.8,58.36,Ambient,Long_Distance,HDPE,85,Low,Low,No
F04876,Rice,Grain,8.87,0.0,6.36,6.56,Very_Low,370,23.4,71.63,Ambient,Long_Distance,HDPE,76,Low,Low,No
F04877,Milk Powder,Dairy,0.76,24.7,25.67,6.44,Very_Low,350,25.0,59.06,Ambient,Normal,Aluminum_Laminate,103,Very_Low,Very_Low,No
F04878,Coffee Powder,Beverage,1.59,15.44,13.91,5.08,Very_Low,361,25.3,43.66,Ambient,Normal,Metallized_PET_PE,78,Very_Low,Very_Low,No
F04879,Coffee Powder,Beverage,4.43,15.04,14.11,5.08,Very_Low,368,24.4,46.42,Ambient,Long_Distance,Metallized_PET_PE,80,Very_Low,Very_Low,No
F04880,Carrot,Fresh Produce,89.06,0.13,1.12,6.04,High,33,6.7,85.75,Chilled,Long_Distance,Micro_Perforated_PE,36,High,High,Yes
F04881,Tomato,Fresh Produce,95.07,1.14,0.66,4.47,High,15,4.4,94.49,Chilled,Normal,Micro_Perforated_PE,43,High,High,Yes
F04882,Frozen Peas,Frozen Vegetable,77.47,1.66,4.93,6.25,Low,399,-18.6,84.91,Frozen,Normal,PE_Film,68,Medium,Low,Yes
F04883,Onion,Vegetable,87.17,1.82,1.59,5.62,Low,136,19.3,46.26,Ambient,Normal,Breathable_PP,39,High,Medium,Yes
F04884,Onion,Vegetable,90.11,0.0,0.61,5.68,Low,114,20.2,54.17,Ambient,Normal,Breathable_PP,57,High,Medium,Yes
F04885,Potato Chips,Snacks,3.19,32.4,4.89,6.28,Very_Low,178,24.0,64.09,Ambient,Normal,Metallized_PET_PE,85,Low,Very_Low,Yes
F04886,Milk Powder,Dairy,5.86,25.98,26.09,6.6,Very_Low,364,24.6,60.11,Ambient,Long_Distance,Aluminum_Laminate,99,Very_Low,Very_Low,No
F04887,Coffee Powder,Beverage,2.28,15.41,13.55,4.94,Very_Low,340,24.5,61.6,Ambient,Long_Distance,Metallized_PET_PE,87,Very_Low,Very_Low,No
F04888,Biscuits,Bakery,7.0,16.47,6.98,6.82,Very_Low,168,26.2,48.47,Ambient,Normal,BOPP_PE,64,Low,Low,No
F04889,Biscuits,Bakery,5.59,16.98,7.28,7.03,Very_Low,161,26.0,53.18,Ambient,Normal,BOPP_PE,53,Low,Low,No
F04890,Onion,Vegetable,89.7,0.08,1.79,5.41,Low,116,20.4,55.29,Ambient,Long_Distance,Breathable_PP,52,High,Medium,Yes
F04891,Fish,Seafood,75.63,4.12,20.57,6.22,Very_Low,7,2.3,93.83,Chilled,Long_Distance,PA_PE_Vacuum,94,Low,Very_Low,Yes
F04892,Potato Chips,Snacks,4.82,30.62,6.03,6.04,Very_Low,181,26.2,63.59,Ambient,Normal,Metallized_PET_PE,71,Low,Very_Low,Yes
F04893,Milk Powder,Dairy,8.12,24.01,23.57,6.68,Very_Low,375,25.4,67.7,Ambient,Normal,Aluminum_Laminate,105,Very_Low,Very_Low,No
F04894,Rice,Grain,11.12,0.0,7.36,6.54,Very_Low,372,26.4,55.07,Ambient,Long_Distance,HDPE,80,Low,Low,No
F04895,Tomato,Fresh Produce,97.94,0.0,1.23,4.26,High,14,6.2,80.26,Chilled,Normal,Micro_Perforated_PE,39,High,High,Yes
F04896,Potato Chips,Snacks,0.32,28.81,6.66,6.18,Very_Low,187,23.8,47.87,Ambient,Long_Distance,Metallized_PET_PE,83,Low,Very_Low,Yes
F04897,Tomato,Fresh Produce,94.6,1.82,0.99,4.39,High,15,5.8,93.33,Chilled,Normal,Micro_Perforated_PE,40,High,High,Yes
F04898,Tomato,Fresh Produce,91.07,0.18,0.52,4.39,High,14,7.0,76.24,Chilled,Normal,Micro_Perforated_PE,29,High,High,Yes
F04899,Apple,Fresh Produce,85.89,0.0,0.0,3.3,High,53,5.5,76.66,Chilled,Normal,Micro_Perforated_PE,31,High,High,Yes
F04900,Peanuts,Nuts,6.4,48.85,24.91,6.68,Very_Low,189,25.4,42.2,Ambient,Normal,Metallized_PET_PE,82,Very_Low,Very_Low,No
F04901,Carrot,Fresh Produce,86.22,1.25,0.37,5.95,High,29,4.5,84.94,Chilled,Long_Distance,Micro_Perforated_PE,38,High,High,Yes
F04902,Wheat Flour,Grain,12.19,1.82,13.18,6.13,Very_Low,180,24.1,62.87,Ambient,Normal,HDPE,76,Low,Low,No
F04903,Fish,Seafood,75.02,4.99,19.97,6.26,Very_Low,1,1.3,77.76,Chilled,Refrigerated,PA_PE_Vacuum,83,Low,Very_Low,Yes
F04904,Tomato,Fresh Produce,92.19,0.0,0.86,4.36,High,13,3.9,75.57,Chilled,Long_Distance,Micro_Perforated_PE,42,High,High,Yes
F04905,Mango,Fresh Produce,86.31,1.01,1.23,4.02,High,19,9.5,85.06,Chilled,Long_Distance,Breathable_PE,39,High,High,Yes
F04906,Fresh Chicken,Meat,71.27,9.44,23.01,5.75,Very_Low,5,4.3,83.89,Chilled,Normal,PA_PE_Vacuum,89,Low,Very_Low,Yes
F04907,Ground Coffee,Beverage,2.49,15.4,13.55,4.95,Very_Low,353,23.9,63.64,Ambient,Normal,High_Barrier_Laminate,94,Very_Low,Very_Low,No
F04908,Potato Chips,Snacks,0.33,28.23,6.08,5.82,Very_Low,170,24.0,47.24,Ambient,Normal,Metallized_PET_PE,84,Low,Very_Low,Yes
F04909,Mango,Fresh Produce,81.75,0.53,0.45,4.16,High,20,10.0,69.51,Chilled,Normal,Breathable_PE,47,High,High,Yes
F04910,Carrot,Fresh Produce,88.68,0.13,1.18,6.16,High,34,5.7,78.26,Chilled,Normal,Micro_Perforated_PE,33,High,High,Yes
F04911,Apple,Fresh Produce,87.42,0.0,0.37,3.41,High,51,4.1,88.99,Chilled,Normal,Micro_Perforated_PE,34,High,High,Yes
F04912,Frozen Peas,Frozen Vegetable,81.4,0.0,5.97,6.2,Low,384,-18.7,89.65,Frozen,Long_Distance,PE_Film,67,Medium,Low,Yes
F04913,Milk Powder,Dairy,5.27,28.24,26.52,6.49,Very_Low,311,26.2,68.56,Ambient,Normal,Aluminum_Laminate,94,Very_Low,Very_Low,No
F04914,Onion,Vegetable,92.7,0.0,1.2,5.42,Low,122,19.3,66.75,Ambient,Normal,Breathable_PP,50,High,Medium,Yes
F04915,Frozen Peas,Frozen Vegetable,75.46,0.0,5.22,6.37,Low,329,-19.4,83.87,Frozen,Normal,PE_Film,72,Medium,Low,Yes
F04916,Coffee Powder,Beverage,1.82,14.09,13.8,5.09,Very_Low,361,24.3,61.2,Ambient,Long_Distance,Metallized_PET_PE,68,Very_Low,Very_Low,No
F04917,Ground Coffee,Beverage,3.42,13.87,13.55,5.08,Very_Low,346,25.0,61.63,Ambient,Normal,High_Barrier_Laminate,80,Very_Low,Very_Low,No
F04918,Potato Chips,Snacks,0.87,27.52,6.26,6.09,Very_Low,166,24.5,72.84,Ambient,Normal,Metallized_PET_PE,92,Low,Very_Low,Yes
F04919,Peanuts,Nuts,6.94,49.16,26.08,6.25,Very_Low,192,24.3,49.09,Ambient,Normal,Metallized_PET_PE,86,Very_Low,Very_Low,No
F04920,Ground Coffee,Beverage,3.54,15.6,13.76,5.12,Very_Low,335,24.9,48.87,Ambient,Long_Distance,High_Barrier_Laminate,86,Very_Low,Very_Low,No
F04921,Cheese,Dairy,39.22,31.93,25.67,5.34,Very_Low,54,4.3,93.33,Chilled,Refrigerated,PA_PE_Vacuum,89,Low,Very_Low,Yes
F04922,Bread,Bakery,39.83,3.4,9.35,5.41,Very_Low,2,25.4,44.48,Ambient,Long_Distance,LDPE_Bag,53,Medium,Medium,No
F04923,Peanuts,Nuts,6.83,49.99,25.27,6.58,Very_Low,190,25.9,67.11,Ambient,Long_Distance,Metallized_PET_PE,86,Very_Low,Very_Low,No
F04924,Frozen Peas,Frozen Vegetable,80.65,0.0,5.58,5.84,Low,365,-16.8,84.16,Frozen,Long_Distance,PE_Film,73,Medium,Low,Yes
F04925,Tomato,Fresh Produce,91.62,0.83,1.01,4.12,High,5,5.1,77.31,Chilled,Long_Distance,Micro_Perforated_PE,32,High,High,Yes
F04926,Milk Powder,Dairy,3.55,25.62,26.87,6.6,Very_Low,351,25.2,75.62,Ambient,Long_Distance,Aluminum_Laminate,95,Very_Low,Very_Low,No
F04927,Biscuits,Bakery,1.92,18.34,6.9,7.0,Very_Low,178,24.1,51.12,Ambient,Normal,BOPP_PE,67,Low,Low,No
F04928,Cheese,Dairy,34.3,30.03,25.96,5.08,Very_Low,65,5.7,94.66,Chilled,Long_Distance,PA_PE_Vacuum,90,Low,Very_Low,Yes
F04929,Potato Chips,Snacks,3.2,28.67,5.27,6.38,Very_Low,202,24.7,60.44,Ambient,Long_Distance,Metallized_PET_PE,73,Low,Very_Low,Yes
F04930,Frozen Peas,Frozen Vegetable,77.63,0.41,5.93,6.16,Low,361,-18.5,85.64,Frozen,Long_Distance,PE_Film,64,Medium,Low,Yes
F04931,Biscuits,Bakery,3.5,18.32,7.09,7.17,Very_Low,180,25.0,69.9,Ambient,Normal,BOPP_PE,68,Low,Low,No
F04932,Wheat Flour,Grain,14.63,3.05,13.47,6.08,Very_Low,181,24.7,54.01,Ambient,Normal,HDPE,81,Low,Low,No
F04933,Bread,Bakery,38.79,6.75,8.88,5.35,Very_Low,6,25.2,71.58,Ambient,Long_Distance,LDPE_Bag,59,Medium,Medium,No
F04934,Onion,Vegetable,86.91,0.0,0.89,5.5,Low,126,19.2,62.14,Ambient,Normal,Breathable_PP,64,High,Medium,Yes
F04935,Biscuits,Bakery,5.85,18.92,7.11,7.08,Very_Low,166,24.3,40.94,Ambient,Normal,BOPP_PE,55,Low,Low,No
F04936,Rice,Grain,11.3,0.67,7.4,6.46,Very_Low,371,25.2,52.51,Ambient,Normal,HDPE,77,Low,Low,No
F04937,Fresh Chicken,Meat,74.13,7.38,22.37,5.67,Very_Low,10,3.1,93.27,Chilled,Refrigerated,PA_PE_Vacuum,87,Low,Very_Low,Yes
F04938,Ground Coffee,Beverage,0.43,14.96,13.35,5.22,Very_Low,344,22.6,59.53,Ambient,Normal,High_Barrier_Laminate,93,Very_Low,Very_Low,No
F04939,Carrot,Fresh Produce,91.2,0.0,0.7,5.78,High,33,6.7,92.23,Chilled,Long_Distance,Micro_Perforated_PE,44,High,High,Yes
F04940,Mango,Fresh Produce,79.73,0.0,1.05,4.11,High,24,11.5,93.64,Chilled,Normal,Breathable_PE,36,High,High,Yes
F04941,Rice,Grain,12.27,0.0,6.64,6.23,Very_Low,386,25.6,74.51,Ambient,Long_Distance,HDPE,93,Low,Low,No
F04942,Peanuts,Nuts,7.33,49.4,25.43,6.52,Very_Low,180,25.6,47.75,Ambient,Long_Distance,Metallized_PET_PE,88,Very_Low,Very_Low,No
F04943,Ground Coffee,Beverage,3.88,14.99,14.2,5.06,Very_Low,375,26.2,64.55,Ambient,Long_Distance,High_Barrier_Laminate,88,Very_Low,Very_Low,No
F04944,Cheese,Dairy,36.46,32.02,25.87,5.23,Very_Low,58,5.1,72.34,Chilled,Normal,PA_PE_Vacuum,90,Low,Very_Low,Yes
F04945,Biscuits,Bakery,1.77,20.25,6.77,7.03,Very_Low,178,25.0,66.58,Ambient,Long_Distance,BOPP_PE,59,Low,Low,No
F04946,Fresh Chicken,Meat,69.06,7.5,23.88,5.88,Very_Low,9,4.5,81.08,Chilled,Long_Distance,PA_PE_Vacuum,95,Low,Very_Low,Yes
F04947,Fish,Seafood,74.68,6.32,20.0,6.22,Very_Low,8,3.0,80.29,Chilled,Normal,PA_PE_Vacuum,95,Low,Very_Low,Yes
F04948,Milk Powder,Dairy,1.99,25.16,25.87,6.55,Very_Low,328,25.3,67.55,Ambient,Normal,Aluminum_Laminate,98,Very_Low,Very_Low,No
F04949,Milk Powder,Dairy,2.12,25.98,25.39,6.65,Very_Low,356,25.2,75.3,Ambient,Long_Distance,Aluminum_Laminate,94,Very_Low,Very_Low,No
F04950,Butter,Dairy,17.44,83.07,1.54,6.11,Very_Low,118,4.0,66.1,Chilled,Long_Distance,Aluminum_Foil_Laminate,92,Very_Low,Very_Low,No
F04951,Peanuts,Nuts,5.17,46.06,24.31,6.52,Very_Low,160,25.2,56.77,Ambient,Long_Distance,Metallized_PET_PE,89,Very_Low,Very_Low,No
F04952,Potato Chips,Snacks,0.14,29.99,6.02,6.41,Very_Low,171,25.2,49.29,Ambient,Normal,Metallized_PET_PE,75,Low,Very_Low,Yes
F04953,Butter,Dairy,16.51,82.47,0.63,6.04,Very_Low,117,4.0,73.42,Chilled,Long_Distance,Aluminum_Foil_Laminate,89,Very_Low,Very_Low,No
F04954,Rice,Grain,10.25,1.26,6.95,6.34,Very_Low,387,26.3,46.67,Ambient,Long_Distance,HDPE,76,Low,Low,No
F04955,Wheat Flour,Grain,12.56,2.61,13.39,5.86,Very_Low,171,25.9,67.01,Ambient,Long_Distance,HDPE,81,Low,Low,No
F04956,Butter,Dairy,15.32,80.26,0.42,6.22,Very_Low,113,4.3,94.91,Chilled,Refrigerated,Aluminum_Foil_Laminate,95,Very_Low,Very_Low,No
F04957,Yogurt,Dairy,86.88,1.44,3.9,4.38,Very_Low,45,3.1,85.99,Chilled,Long_Distance,PP_Cup_Foil_Lid,53,Medium,Low,Yes
F04958,Onion,Vegetable,91.3,0.95,0.64,5.61,Low,125,20.2,47.37,Ambient,Normal,Breathable_PP,40,High,Medium,Yes
F04959,Onion,Vegetable,85.96,0.1,0.67,5.39,Low,124,19.0,50.86,Ambient,Long_Distance,Breathable_PP,53,High,Medium,Yes
F04960,Fish,Seafood,76.25,3.31,19.95,6.33,Very_Low,10,2.2,70.94,Chilled,Refrigerated,PA_PE_Vacuum,90,Low,Very_Low,Yes
F04961,Rice,Grain,14.24,1.17,6.8,6.39,Very_Low,362,25.6,49.93,Ambient,Long_Distance,HDPE,85,Low,Low,No
F04962,Mango,Fresh Produce,83.01,0.88,1.13,4.07,High,27,11.5,72.31,Chilled,Normal,Breathable_PE,39,High,High,Yes
F04963,Onion,Vegetable,89.9,0.0,0.8,5.39,Low,132,21.7,49.07,Ambient,Long_Distance,Breathable_PP,53,High,Medium,Yes
F04964,Rice,Grain,9.93,0.41,7.09,6.42,Very_Low,359,24.4,43.87,Ambient,Long_Distance,HDPE,87,Low,Low,No
F04965,Fresh Chicken,Meat,68.88,7.13,23.85,6.0,Very_Low,1,2.6,85.57,Chilled,Normal,PA_PE_Vacuum,95,Low,Very_Low,Yes
F04966,Frozen Peas,Frozen Vegetable,79.54,0.88,4.77,6.39,Low,352,-18.1,86.34,Frozen,Long_Distance,PE_Film,70,Medium,Low,Yes
F04967,Butter,Dairy,17.21,83.33,0.85,6.01,Very_Low,109,4.1,66.67,Chilled,Long_Distance,Aluminum_Foil_Laminate,92,Very_Low,Very_Low,No
F04968,Bread,Bakery,33.26,3.12,8.94,5.59,Very_Low,2,25.0,64.3,Ambient,Long_Distance,LDPE_Bag,46,Medium,Medium,No
F04969,Frozen Peas,Frozen Vegetable,82.66,2.06,5.59,6.05,Low,338,-20.8,92.31,Frozen,Normal,PE_Film,74,Medium,Low,Yes
F04970,Butter,Dairy,15.34,80.39,0.91,5.98,Very_Low,112,3.5,74.14,Chilled,Refrigerated,Aluminum_Foil_Laminate,90,Very_Low,Very_Low,No
F04971,Mango,Fresh Produce,87.54,0.0,1.15,4.0,High,22,10.4,73.69,Chilled,Refrigerated,Breathable_PE,41,High,High,Yes
F04972,Tomato,Fresh Produce,99.51,0.0,0.72,4.17,High,9,4.1,82.63,Chilled,Refrigerated,Micro_Perforated_PE,24,High,High,Yes
F04973,Ground Coffee,Beverage,2.9,15.31,13.83,5.13,Very_Low,339,25.2,49.87,Ambient,Long_Distance,High_Barrier_Laminate,86,Very_Low,Very_Low,No
F04974,Yogurt,Dairy,84.64,2.8,3.86,4.33,Very_Low,34,2.9,83.15,Chilled,Long_Distance,PP_Cup_Foil_Lid,54,Medium,Low,Yes
F04975,Butter,Dairy,18.39,76.06,1.16,5.99,Very_Low,121,3.5,89.37,Chilled,Long_Distance,Aluminum_Foil_Laminate,93,Very_Low,Very_Low,No
F04976,Yogurt,Dairy,86.62,2.03,4.72,4.25,Very_Low,35,4.0,87.07,Chilled,Refrigerated,PP_Cup_Foil_Lid,52,Medium,Low,Yes
F04977,Rice,Grain,10.45,0.0,7.17,6.4,Very_Low,349,25.9,76.74,Ambient,Long_Distance,HDPE,75,Low,Low,No
F04978,Cheese,Dairy,39.08,32.78,25.8,4.98,Very_Low,67,4.4,83.86,Chilled,Normal,PA_PE_Vacuum,83,Low,Very_Low,Yes
F04979,Rice,Grain,11.91,0.43,6.67,6.33,Very_Low,393,26.0,51.89,Ambient,Normal,HDPE,81,Low,Low,No
F04980,Milk Powder,Dairy,6.47,26.37,25.64,6.33,Very_Low,370,25.9,56.32,Ambient,Long_Distance,Aluminum_Laminate,96,Very_Low,Very_Low,No
F04981,Peanuts,Nuts,5.58,51.2,25.08,6.57,Very_Low,201,25.5,57.34,Ambient,Normal,Metallized_PET_PE,83,Very_Low,Very_Low,No
F04982,Fresh Chicken,Meat,69.5,8.33,23.2,5.64,Very_Low,1,4.0,79.11,Chilled,Normal,PA_PE_Vacuum,88,Low,Very_Low,Yes
F04983,Potato Chips,Snacks,2.53,32.51,5.82,6.21,Very_Low,175,26.5,52.05,Ambient,Long_Distance,Metallized_PET_PE,83,Low,Very_Low,Yes
F04984,Butter,Dairy,14.62,84.07,0.41,6.09,Very_Low,117,4.1,66.06,Chilled,Long_Distance,Aluminum_Foil_Laminate,93,Very_Low,Very_Low,No
F04985,Cheese,Dairy,35.24,32.79,25.36,5.17,Very_Low,65,3.6,80.69,Chilled,Long_Distance,PA_PE_Vacuum,100,Low,Very_Low,Yes
F04986,Carrot,Fresh Produce,85.24,0.0,1.19,5.95,High,30,4.4,95.16,Chilled,Refrigerated,Micro_Perforated_PE,37,High,High,Yes
F04987,Yogurt,Dairy,90.88,2.27,3.53,4.36,Very_Low,29,4.9,77.83,Chilled,Normal,PP_Cup_Foil_Lid,49,Medium,Low,Yes
F04988,Biscuits,Bakery,3.43,16.22,6.4,6.98,Very_Low,183,24.3,66.04,Ambient,Normal,BOPP_PE,55,Low,Low,No
F04989,Fish,Seafood,73.25,4.19,19.7,6.33,Very_Low,2,1.0,89.59,Chilled,Long_Distance,PA_PE_Vacuum,94,Low,Very_Low,Yes
F04990,Biscuits,Bakery,3.47,19.58,7.18,7.07,Very_Low,177,25.2,65.05,Ambient,Long_Distance,BOPP_PE,56,Low,Low,No
F04991,Mango,Fresh Produce,87.06,0.0,0.27,3.89,High,21,9.5,65.26,Chilled,Normal,Breathable_PE,44,High,High,Yes
F04992,Biscuits,Bakery,4.45,18.73,7.01,6.9,Very_Low,162,25.3,46.95,Ambient,Normal,BOPP_PE,62,Low,Low,No
F04993,Rice,Grain,14.39,1.35,7.25,6.65,Very_Low,333,24.2,53.65,Ambient,Normal,HDPE,75,Low,Low,No
F04994,Fish,Seafood,70.47,5.17,20.49,5.88,Very_Low,1,3.3,73.61,Chilled,Refrigerated,PA_PE_Vacuum,93,Low,Very_Low,Yes
F04995,Wheat Flour,Grain,9.97,2.74,12.64,6.05,Very_Low,154,25.4,61.8,Ambient,Normal,HDPE,72,Low,Low,No
F04996,Ground Coffee,Beverage,2.31,15.97,14.71,5.1,Very_Low,370,23.5,63.08,Ambient,Normal,High_Barrier_Laminate,93,Very_Low,Very_Low,No
F04997,Bread,Bakery,37.06,4.52,9.34,5.6,Very_Low,7,24.7,55.64,Ambient,Long_Distance,LDPE_Bag,44,Medium,Medium,No
F04998,Biscuits,Bakery,6.65,17.66,6.18,7.01,Very_Low,191,23.7,62.38,Ambient,Long_Distance,BOPP_PE,60,Low,Low,No
F04999,Bread,Bakery,35.43,4.51,8.52,5.49,Very_Low,4,24.0,63.81,Ambient,Normal,LDPE_Bag,46,Medium,Medium,No
F05000,Ground Coffee,Beverage,0.25,14.05,13.89,4.86,Very_Low,365,24.6,64.15,Ambient,Normal,High_Barrier_Laminate,80,Very_Low,Very_Low,No
